config from args: OptionalWprsdConfig {
    print_default_config_and_exit: None,
    config_file: None,
    wayland_display: Some(
        "wprs-poc",
    ),
    socket: Some(
        "/home/christoph/Projects/kabelsalat/.poc/run/wprsd.sock",
    ),
    framerate: None,
    log_file: None,
    stderr_log_level: None,
    file_log_level: None,
    log_priv_data: None,
    enable_xwayland: None,
    xwayland_xdg_shell_path: Some(
        "/home/christoph/Projects/kabelsalat/.poc/wprs-target/release/xwayland-xdg-shell",
    ),
    xwayland_xdg_shell_wayland_debug: None,
    xwayland_xdg_shell_args: Some(
        [],
    ),
    kde_server_side_decorations: None,
}
config file does not exist at "/home/christoph/.config/wprs/wprsd.ron"
running config: WprsdConfig {
    print_default_config_and_exit: false,
    config_file: "/home/christoph/.config/wprs/wprsd.ron",
    wayland_display: "wprs-poc",
    socket: "/home/christoph/Projects/kabelsalat/.poc/run/wprsd.sock",
    framerate: 60,
    log_file: None,
    stderr_log_level: SerializableLevel(
        Level(
            Info,
        ),
    ),
    file_log_level: SerializableLevel(
        Level(
            Trace,
        ),
    ),
    log_priv_data: false,
    enable_xwayland: true,
    xwayland_xdg_shell_path: "/home/christoph/Projects/kabelsalat/.poc/wprs-target/release/xwayland-xdg-shell",
    xwayland_xdg_shell_wayland_debug: false,
    xwayland_xdg_shell_args: [],
    kde_server_side_decorations: false,
}
[2m2026-09-25T17:58:47.287420Z[0m [32m INFO[0m ThreadId(01) [1minput_seat[0m[1m{[0m[3mname[0m[2m=[0m"wprs"[1m}[0m[2m:[0m [2msmithay::input[0m[2m:[0m [2m/home/christoph/.cargo/registry/src/index.crates.io-1949cf8c6b5b557f/smithay-0.7.0/src/input/mod.rs[0m[2m:[0m[2m317:[0m new
[2m2026-09-25T17:58:47.288115Z[0m [32m INFO[0m ThreadId(01) [2msmithay::wayland::socket[0m[2m:[0m [2m/home/christoph/.cargo/registry/src/index.crates.io-1949cf8c6b5b557f/smithay-0.7.0/src/wayland/socket.rs[0m[2m:[0m[2m82:[0m Created new socket [3mname[0m[2m=[0mSome("wprs-poc")
[2m2026-09-25T17:58:47.288371Z[0m [32m INFO[0m ThreadId(01) [1minput_seat[0m[1m{[0m[3mname[0m[2m=[0m"wprs"[1m}[0m[2m:[0m[1madd_keyboard[0m[1m{[0m[3mxkb_config[0m[2m=[0mXkbConfig { rules: "", model: "", layout: "", variant: "", options: None } [3mrepeat_delay[0m[2m=[0m200 [3mrepeat_rate[0m[2m=[0m200[1m}[0m[2m:[0m [2msmithay::input[0m[2m:[0m [2m/home/christoph/.cargo/registry/src/index.crates.io-1949cf8c6b5b557f/smithay-0.7.0/src/input/mod.rs[0m[2m:[0m[2m560:[0m new
[2m2026-09-25T17:58:47.288386Z[0m [32m INFO[0m ThreadId(01) [1minput_seat[0m[1m{[0m[3mname[0m[2m=[0m"wprs"[1m}[0m[2m:[0m[1madd_keyboard[0m[1m{[0m[3mxkb_config[0m[2m=[0mXkbConfig { rules: "", model: "", layout: "", variant: "", options: None } [3mrepeat_delay[0m[2m=[0m200 [3mrepeat_rate[0m[2m=[0m200[1m}[0m[2m:[0m[1minput_keyboard[0m[2m:[0m [2msmithay::input::keyboard[0m[2m:[0m [2m/home/christoph/.cargo/registry/src/index.crates.io-1949cf8c6b5b557f/smithay-0.7.0/src/input/keyboard/mod.rs[0m[2m:[0m[2m669:[0m new
[2m2026-09-25T17:58:47.288395Z[0m [32m INFO[0m ThreadId(01) [1minput_seat[0m[1m{[0m[3mname[0m[2m=[0m"wprs"[1m}[0m[2m:[0m[1madd_keyboard[0m[1m{[0m[3mxkb_config[0m[2m=[0mXkbConfig { rules: "", model: "", layout: "", variant: "", options: None } [3mrepeat_delay[0m[2m=[0m200 [3mrepeat_rate[0m[2m=[0m200[1m}[0m[2m:[0m[1minput_keyboard[0m[2m:[0m [2msmithay::input::keyboard[0m[2m:[0m [2m/home/christoph/.cargo/registry/src/index.crates.io-1949cf8c6b5b557f/smithay-0.7.0/src/input/keyboard/mod.rs[0m[2m:[0m[2m672:[0m Initializing a xkbcommon handler with keymap query
config from args: OptionalXwaylandXdgShellConfig {
    print_default_config_and_exit: None,
    config_file: None,
    wayland_display: None,
    display: None,
    log_file: None,
    stderr_log_level: None,
    file_log_level: None,
    log_priv_data: None,
    xwayland_wayland_debug: None,
    decoration_behavior: None,
}
config file does not exist at "/home/christoph/.config/wprs/xwayland-xdg-shell.ron"
running config: XwaylandXdgShellConfig {
    print_default_config_and_exit: false,
    config_file: "/home/christoph/.config/wprs/xwayland-xdg-shell.ron",
    wayland_display: "xwayland-xdg-shell-0",
    display: 100,
    log_file: None,
    stderr_log_level: SerializableLevel(
        Level(
            Info,
        ),
    ),
    file_log_level: SerializableLevel(
        Level(
            Trace,
        ),
    ),
    log_priv_data: false,
    xwayland_wayland_debug: false,
    decoration_behavior: Auto,
}
[2m2026-09-25T17:58:47.295471Z[0m [32m INFO[0m ThreadId(01) [1minput_seat[0m[1m{[0m[3mname[0m[2m=[0m"wprs"[1m}[0m[2m:[0m[1madd_keyboard[0m[1m{[0m[3mxkb_config[0m[2m=[0mXkbConfig { rules: "", model: "", layout: "", variant: "", options: None } [3mrepeat_delay[0m[2m=[0m200 [3mrepeat_rate[0m[2m=[0m200[1m}[0m[2m:[0m[1minput_keyboard[0m[2m:[0m [2msmithay::input::keyboard[0m[2m:[0m [2m/home/christoph/.cargo/registry/src/index.crates.io-1949cf8c6b5b557f/smithay-0.7.0/src/input/keyboard/mod.rs[0m[2m:[0m[2m680:[0m Loaded Keymap [3mname[0m[2m=[0m"English (US)"
[2m2026-09-25T17:58:47.295809Z[0m [32m INFO[0m ThreadId(01) [1minput_seat[0m[1m{[0m[3mname[0m[2m=[0m"wprs"[1m}[0m[2m:[0m[1madd_pointer[0m[2m:[0m [2msmithay::input[0m[2m:[0m [2m/home/christoph/.cargo/registry/src/index.crates.io-1949cf8c6b5b557f/smithay-0.7.0/src/input/mod.rs[0m[2m:[0m[2m428:[0m new
[2m2026-09-25T17:58:47.295824Z[0m [32m INFO[0m ThreadId(01) [1minput_seat[0m[1m{[0m[3mname[0m[2m=[0m"wprs"[1m}[0m[2m:[0m[1madd_pointer[0m[2m:[0m[1minput_pointer[0m[2m:[0m [2msmithay::input::pointer[0m[2m:[0m [2m/home/christoph/.cargo/registry/src/index.crates.io-1949cf8c6b5b557f/smithay-0.7.0/src/input/pointer/mod.rs[0m[2m:[0m[2m158:[0m new
[2m2026-09-25T17:58:47.296132Z[0m [32m INFO[0m ThreadId(01) [1minput_seat[0m[1m{[0m[3mname[0m[2m=[0m"wprs"[1m}[0m[2m:[0m [2msmithay::input[0m[2m:[0m [2m/home/christoph/.cargo/registry/src/index.crates.io-1949cf8c6b5b557f/smithay-0.7.0/src/input/mod.rs[0m[2m:[0m[2m317:[0m new
[2m2026-09-25T17:58:47.296371Z[0m [32m INFO[0m ThreadId(01) [2msmithay::xwayland::xserver[0m[2m:[0m [2m/home/christoph/.cargo/registry/src/index.crates.io-1949cf8c6b5b557f/smithay-0.7.0/src/xwayland/xserver.rs[0m[2m:[0m[2m187:[0m spawning XWayland instance
[2m2026-09-25T17:58:47.300363Z[0m [32m INFO[0m ThreadId(01) [2msmithay::wayland::socket[0m[2m:[0m [2m/home/christoph/.cargo/registry/src/index.crates.io-1949cf8c6b5b557f/smithay-0.7.0/src/wayland/socket.rs[0m[2m:[0m[2m82:[0m Created new socket [3mname[0m[2m=[0mSome("xwayland-xdg-shell-0")
[2m2026-09-25T17:58:47.300445Z[0m [32m INFO[0m ThreadId(01) [1minput_seat[0m[1m{[0m[3mname[0m[2m=[0m"wprs"[1m}[0m[2m:[0m[1madd_keyboard[0m[1m{[0m[3mxkb_config[0m[2m=[0mXkbConfig { rules: "", model: "", layout: "", variant: "", options: None } [3mrepeat_delay[0m[2m=[0m200 [3mrepeat_rate[0m[2m=[0m200[1m}[0m[2m:[0m [2msmithay::input[0m[2m:[0m [2m/home/christoph/.cargo/registry/src/index.crates.io-1949cf8c6b5b557f/smithay-0.7.0/src/input/mod.rs[0m[2m:[0m[2m560:[0m new
[2m2026-09-25T17:58:47.300468Z[0m [32m INFO[0m ThreadId(01) [1minput_seat[0m[1m{[0m[3mname[0m[2m=[0m"wprs"[1m}[0m[2m:[0m[1madd_keyboard[0m[1m{[0m[3mxkb_config[0m[2m=[0mXkbConfig { rules: "", model: "", layout: "", variant: "", options: None } [3mrepeat_delay[0m[2m=[0m200 [3mrepeat_rate[0m[2m=[0m200[1m}[0m[2m:[0m[1minput_keyboard[0m[2m:[0m [2msmithay::input::keyboard[0m[2m:[0m [2m/home/christoph/.cargo/registry/src/index.crates.io-1949cf8c6b5b557f/smithay-0.7.0/src/input/keyboard/mod.rs[0m[2m:[0m[2m669:[0m new
[2m2026-09-25T17:58:47.300481Z[0m [32m INFO[0m ThreadId(01) [1minput_seat[0m[1m{[0m[3mname[0m[2m=[0m"wprs"[1m}[0m[2m:[0m[1madd_keyboard[0m[1m{[0m[3mxkb_config[0m[2m=[0mXkbConfig { rules: "", model: "", layout: "", variant: "", options: None } [3mrepeat_delay[0m[2m=[0m200 [3mrepeat_rate[0m[2m=[0m200[1m}[0m[2m:[0m[1minput_keyboard[0m[2m:[0m [2msmithay::input::keyboard[0m[2m:[0m [2m/home/christoph/.cargo/registry/src/index.crates.io-1949cf8c6b5b557f/smithay-0.7.0/src/input/keyboard/mod.rs[0m[2m:[0m[2m672:[0m Initializing a xkbcommon handler with keymap query
[2m2026-09-25T17:58:47.302495Z[0m [32m INFO[0m ThreadId(01) [1minput_seat[0m[1m{[0m[3mname[0m[2m=[0m"wprs"[1m}[0m[2m:[0m[1madd_keyboard[0m[1m{[0m[3mxkb_config[0m[2m=[0mXkbConfig { rules: "", model: "", layout: "", variant: "", options: None } [3mrepeat_delay[0m[2m=[0m200 [3mrepeat_rate[0m[2m=[0m200[1m}[0m[2m:[0m[1minput_keyboard[0m[2m:[0m [2msmithay::input::keyboard[0m[2m:[0m [2m/home/christoph/.cargo/registry/src/index.crates.io-1949cf8c6b5b557f/smithay-0.7.0/src/input/keyboard/mod.rs[0m[2m:[0m[2m680:[0m Loaded Keymap [3mname[0m[2m=[0m"English (US)"
[2m2026-09-25T17:58:47.302840Z[0m [32m INFO[0m ThreadId(01) [1minput_seat[0m[1m{[0m[3mname[0m[2m=[0m"wprs"[1m}[0m[2m:[0m[1madd_pointer[0m[2m:[0m [2msmithay::input[0m[2m:[0m [2m/home/christoph/.cargo/registry/src/index.crates.io-1949cf8c6b5b557f/smithay-0.7.0/src/input/mod.rs[0m[2m:[0m[2m428:[0m new
[2m2026-09-25T17:58:47.302854Z[0m [32m INFO[0m ThreadId(01) [1minput_seat[0m[1m{[0m[3mname[0m[2m=[0m"wprs"[1m}[0m[2m:[0m[1madd_pointer[0m[2m:[0m[1minput_pointer[0m[2m:[0m [2msmithay::input::pointer[0m[2m:[0m [2m/home/christoph/.cargo/registry/src/index.crates.io-1949cf8c6b5b557f/smithay-0.7.0/src/input/pointer/mod.rs[0m[2m:[0m[2m158:[0m new
Set keyboard capability
Set pointer capability
[2m2026-09-25T17:58:47.306696Z[0m [32m INFO[0m ThreadId(01) [1minput_seat[0m[1m{[0m[3mname[0m[2m=[0m"wprs"[1m}[0m[2m:[0m[1madd_keyboard[0m[1m{[0m[3mxkb_config[0m[2m=[0mXkbConfig { rules: "", model: "", layout: "", variant: "", options: None } [3mrepeat_delay[0m[2m=[0m200 [3mrepeat_rate[0m[2m=[0m200[1m}[0m[2m:[0m[1minput_keyboard[0m[2m:[0m[1mnew_kbd[0m[1m{[0m[3mkbd[0m[2m=[0mWlKeyboard { id: ObjectId(wl_keyboard@14[0], 14), version: 9, data: Some(Any { .. }), handle: WeakHandle { handle: WeakInnerHandle[rs] { .. } } }[1m}[0m[2m:[0m [2msmithay::wayland::seat::keyboard[0m[2m:[0m [2m/home/christoph/.cargo/registry/src/index.crates.io-1949cf8c6b5b557f/smithay-0.7.0/src/wayland/seat/keyboard.rs[0m[2m:[0m[2m53:[0m new
[2m2026-09-25T17:58:47.306726Z[0m [32m INFO[0m ThreadId(01) [1minput_seat[0m[1m{[0m[3mname[0m[2m=[0m"wprs"[1m}[0m[2m:[0m[1madd_keyboard[0m[1m{[0m[3mxkb_config[0m[2m=[0mXkbConfig { rules: "", model: "", layout: "", variant: "", options: None } [3mrepeat_delay[0m[2m=[0m200 [3mrepeat_rate[0m[2m=[0m200[1m}[0m[2m:[0m[1minput_keyboard[0m[2m:[0m[1mnew_kbd[0m[1m{[0m[3mkbd[0m[2m=[0mWlKeyboard { id: ObjectId(wl_keyboard@14[0], 14), version: 9, data: Some(Any { .. }), handle: WeakHandle { handle: WeakInnerHandle[rs] { .. } } }[1m}[0m[2m:[0m [2msmithay::wayland::seat::keyboard[0m[2m:[0m [2m/home/christoph/.cargo/registry/src/index.crates.io-1949cf8c6b5b557f/smithay-0.7.0/src/wayland/seat/keyboard.rs[0m[2m:[0m[2m53:[0m close [3mtime.busy[0m[2m=[0m10.2µs [3mtime.idle[0m[2m=[0m19.5µs
[2m2026-09-25T17:58:47.308565Z[0m [32m INFO[0m ThreadId(01) [1minput_seat[0m[1m{[0m[3mname[0m[2m=[0m"wprs"[1m}[0m[2m:[0m[1madd_keyboard[0m[1m{[0m[3mxkb_config[0m[2m=[0mXkbConfig { rules: "", model: "", layout: "", variant: "", options: None } [3mrepeat_delay[0m[2m=[0m200 [3mrepeat_rate[0m[2m=[0m200[1m}[0m[2m:[0m[1minput_keyboard[0m[2m:[0m[1mchange_keymap[0m[1m{[0m[3mfocus[0m[2m=[0mNone [3mmods[0m[2m=[0mModifiersState { ctrl: false, alt: false, shift: false, caps_lock: false, logo: false, num_lock: false, iso_level3_shift: false, iso_level5_shift: false, serialized: SerializedMods { depressed: 0, latched: 0, locked: 0, layout_effective: 0 } }[1m}[0m[2m:[0m [2msmithay::input::keyboard[0m[2m:[0m [2m/home/christoph/.cargo/registry/src/index.crates.io-1949cf8c6b5b557f/smithay-0.7.0/src/input/keyboard/mod.rs[0m[2m:[0m[2m706:[0m new
[2m2026-09-25T17:58:47.308930Z[0m [32m INFO[0m ThreadId(01) [1minput_seat[0m[1m{[0m[3mname[0m[2m=[0m"wprs"[1m}[0m[2m:[0m[1madd_keyboard[0m[1m{[0m[3mxkb_config[0m[2m=[0mXkbConfig { rules: "", model: "", layout: "", variant: "", options: None } [3mrepeat_delay[0m[2m=[0m200 [3mrepeat_rate[0m[2m=[0m200[1m}[0m[2m:[0m[1minput_keyboard[0m[2m:[0m[1msend_keymap[0m[1m{[0m[3mfocus[0m[2m=[0mNone [3mmods[0m[2m=[0mModifiersState { ctrl: false, alt: false, shift: false, caps_lock: false, logo: false, num_lock: false, iso_level3_shift: false, iso_level5_shift: false, serialized: SerializedMods { depressed: 0, latched: 0, locked: 0, layout_effective: 0 } }[1m}[0m[2m:[0m [2msmithay::input::keyboard[0m[2m:[0m [2m/home/christoph/.cargo/registry/src/index.crates.io-1949cf8c6b5b557f/smithay-0.7.0/src/input/keyboard/mod.rs[0m[2m:[0m[2m724:[0m new
[2m2026-09-25T17:58:47.308951Z[0m [32m INFO[0m ThreadId(01) [1minput_seat[0m[1m{[0m[3mname[0m[2m=[0m"wprs"[1m}[0m[2m:[0m[1madd_keyboard[0m[1m{[0m[3mxkb_config[0m[2m=[0mXkbConfig { rules: "", model: "", layout: "", variant: "", options: None } [3mrepeat_delay[0m[2m=[0m200 [3mrepeat_rate[0m[2m=[0m200[1m}[0m[2m:[0m[1minput_keyboard[0m[2m:[0m[1msend_keymap[0m[1m{[0m[3mfocus[0m[2m=[0mNone [3mmods[0m[2m=[0mModifiersState { ctrl: false, alt: false, shift: false, caps_lock: false, logo: false, num_lock: false, iso_level3_shift: false, iso_level5_shift: false, serialized: SerializedMods { depressed: 0, latched: 0, locked: 0, layout_effective: 0 } }[1m}[0m[2m:[0m [2msmithay::input::keyboard[0m[2m:[0m [2m/home/christoph/.cargo/registry/src/index.crates.io-1949cf8c6b5b557f/smithay-0.7.0/src/input/keyboard/mod.rs[0m[2m:[0m[2m724:[0m close [3mtime.busy[0m[2m=[0m862ns [3mtime.idle[0m[2m=[0m20.0µs
[2m2026-09-25T17:58:47.308965Z[0m [32m INFO[0m ThreadId(01) [1minput_seat[0m[1m{[0m[3mname[0m[2m=[0m"wprs"[1m}[0m[2m:[0m[1madd_keyboard[0m[1m{[0m[3mxkb_config[0m[2m=[0mXkbConfig { rules: "", model: "", layout: "", variant: "", options: None } [3mrepeat_delay[0m[2m=[0m200 [3mrepeat_rate[0m[2m=[0m200[1m}[0m[2m:[0m[1minput_keyboard[0m[2m:[0m[1mchange_keymap[0m[1m{[0m[3mfocus[0m[2m=[0mNone [3mmods[0m[2m=[0mModifiersState { ctrl: false, alt: false, shift: false, caps_lock: false, logo: false, num_lock: false, iso_level3_shift: false, iso_level5_shift: false, serialized: SerializedMods { depressed: 0, latched: 0, locked: 0, layout_effective: 0 } }[1m}[0m[2m:[0m [2msmithay::input::keyboard[0m[2m:[0m [2m/home/christoph/.cargo/registry/src/index.crates.io-1949cf8c6b5b557f/smithay-0.7.0/src/input/keyboard/mod.rs[0m[2m:[0m[2m706:[0m close [3mtime.busy[0m[2m=[0m375µs [3mtime.idle[0m[2m=[0m26.1µs
[2m2026-09-25T17:58:47.308979Z[0m [32m INFO[0m ThreadId(01) [1minput_seat[0m[1m{[0m[3mname[0m[2m=[0m"wprs"[1m}[0m[2m:[0m[1madd_keyboard[0m[1m{[0m[3mxkb_config[0m[2m=[0mXkbConfig { rules: "", model: "", layout: "", variant: "", options: None } [3mrepeat_delay[0m[2m=[0m200 [3mrepeat_rate[0m[2m=[0m200[1m}[0m[2m:[0m[1minput_keyboard[0m[2m:[0m[1mchange_repeat_info[0m[1m{[0m[3mrate[0m[2m=[0m200 [3mdelay[0m[2m=[0m200[1m}[0m[2m:[0m [2msmithay::input::keyboard[0m[2m:[0m [2m/home/christoph/.cargo/registry/src/index.crates.io-1949cf8c6b5b557f/smithay-0.7.0/src/input/keyboard/mod.rs[0m[2m:[0m[2m1143:[0m new
[2m2026-09-25T17:58:47.308988Z[0m [32m INFO[0m ThreadId(01) [1minput_seat[0m[1m{[0m[3mname[0m[2m=[0m"wprs"[1m}[0m[2m:[0m[1madd_keyboard[0m[1m{[0m[3mxkb_config[0m[2m=[0mXkbConfig { rules: "", model: "", layout: "", variant: "", options: None } [3mrepeat_delay[0m[2m=[0m200 [3mrepeat_rate[0m[2m=[0m200[1m}[0m[2m:[0m[1minput_keyboard[0m[2m:[0m[1mchange_repeat_info[0m[1m{[0m[3mrate[0m[2m=[0m200 [3mdelay[0m[2m=[0m200[1m}[0m[2m:[0m [2msmithay::input::keyboard[0m[2m:[0m [2m/home/christoph/.cargo/registry/src/index.crates.io-1949cf8c6b5b557f/smithay-0.7.0/src/input/keyboard/mod.rs[0m[2m:[0m[2m1143:[0m close [3mtime.busy[0m[2m=[0m210ns [3mtime.idle[0m[2m=[0m8.59µs
Xwayland glamor: GBM Wayland interfaces not available
Failed to initialize glamor, falling back to sw
(II) SELinux: Disabled by boolean
_amdgpu_device_initialize: amdgpu_query_info(ACCEL_WORKING) failed (-13)
(II) IGLX: Loaded and initialized swrast
(II) GLX: Initialized DRISWRAST GL provider for screen 0
The XKEYBOARD keymap compiler (xkbcomp) reports:
> Warning:          Multiple symbols for level 1/group 1 on key <FK23>
>                   Using F23, ignoring XF86TouchpadOff
> Warning:          Symbol map for key <FK23> redefined
>                   Using last definition for conflicting fields
> Warning:          Symbol map for key <FK24> redefined
>                   Using last definition for conflicting fields
Errors from xkbcomp are not fatal to the X server
[2m2026-09-25T17:58:47.418609Z[0m [32m INFO[0m ThreadId(01) [1minput_seat[0m[1m{[0m[3mname[0m[2m=[0m"wprs"[1m}[0m[2m:[0m[1madd_keyboard[0m[1m{[0m[3mxkb_config[0m[2m=[0mXkbConfig { rules: "", model: "", layout: "", variant: "", options: None } [3mrepeat_delay[0m[2m=[0m200 [3mrepeat_rate[0m[2m=[0m200[1m}[0m[2m:[0m[1minput_keyboard[0m[2m:[0m[1mnew_kbd[0m[1m{[0m[3mkbd[0m[2m=[0mWlKeyboard { id: ObjectId(wl_keyboard@11[0], 13), version: 8, data: Some(Any { .. }), handle: WeakHandle { handle: WeakInnerHandle[rs] { .. } } }[1m}[0m[2m:[0m [2msmithay::wayland::seat::keyboard[0m[2m:[0m [2m/home/christoph/.cargo/registry/src/index.crates.io-1949cf8c6b5b557f/smithay-0.7.0/src/wayland/seat/keyboard.rs[0m[2m:[0m[2m53:[0m new
[2m2026-09-25T17:58:47.418648Z[0m [32m INFO[0m ThreadId(01) [1minput_seat[0m[1m{[0m[3mname[0m[2m=[0m"wprs"[1m}[0m[2m:[0m[1madd_keyboard[0m[1m{[0m[3mxkb_config[0m[2m=[0mXkbConfig { rules: "", model: "", layout: "", variant: "", options: None } [3mrepeat_delay[0m[2m=[0m200 [3mrepeat_rate[0m[2m=[0m200[1m}[0m[2m:[0m[1minput_keyboard[0m[2m:[0m[1mnew_kbd[0m[1m{[0m[3mkbd[0m[2m=[0mWlKeyboard { id: ObjectId(wl_keyboard@11[0], 13), version: 8, data: Some(Any { .. }), handle: WeakHandle { handle: WeakInnerHandle[rs] { .. } } }[1m}[0m[2m:[0m [2msmithay::wayland::seat::keyboard[0m[2m:[0m [2m/home/christoph/.cargo/registry/src/index.crates.io-1949cf8c6b5b557f/smithay-0.7.0/src/wayland/seat/keyboard.rs[0m[2m:[0m[2m53:[0m close [3mtime.busy[0m[2m=[0m10.8µs [3mtime.idle[0m[2m=[0m28.0µs
The XKEYBOARD keymap compiler (xkbcomp) reports:
> Warning:          Unsupported maximum keycode 709, clipping.
>                   X11 cannot support keycodes above 255.
> Warning:          Virtual modifier Hyper multiply defined
>                   Using 0, ignoring 0
> Warning:          Virtual modifier ScrollLock multiply defined
>                   Using 0, ignoring 0
Errors from xkbcomp are not fatal to the X server
[2m2026-09-25T17:58:50.517395Z[0m [32m INFO[0m ThreadId(02) [2mwprs::serialization[0m[2m:[0m [2msrc/serialization/mod.rs[0m[2m:[0m[2m494:[0m wprs client connected
[2m2026-09-25T17:58:50.536746Z[0m [32m INFO[0m ThreadId(01) [1mhandle_event[0m[1m{[0m[3mevent[0m[2m=[0mObject(Output(New(OutputInfo { id: 1, model: "NestedWaylandSession", make: "Monochromatic", location: Point { x: 0, y: 0 }, physical_size: Size { w: 0, h: 0 }, subpixel: Unknown, transform: Normal, scale_factor: 1, mode: Mode { dimensions: Size { w: 1280, h: 800 }, refresh_rate: 60000, current: true, preferred: true }, name: Some("nested"), description: Some("Monochromatic - NestedWaylandSession - nested") })))[1m}[0m[2m:[0m[1mhandle_output[0m[2m:[0m[1mnew[0m[1m{[0m[3mname[0m[2m=[0m"1_nested" [3mphysical[0m[2m=[0mPhysicalProperties { size: Size<smithay::utils::geometry::Raw> { w: 0, h: 0 }, subpixel: Unknown, make: "Monochromatic", model: "NestedWaylandSession" }[1m}[0m[2m:[0m [2msmithay::output[0m[2m:[0m [2m/home/christoph/.cargo/registry/src/index.crates.io-1949cf8c6b5b557f/smithay-0.7.0/src/output.rs[0m[2m:[0m[2m257:[0m new
[2m2026-09-25T17:58:50.536814Z[0m [32m INFO[0m ThreadId(01) [1mhandle_event[0m[1m{[0m[3mevent[0m[2m=[0mObject(Output(New(OutputInfo { id: 1, model: "NestedWaylandSession", make: "Monochromatic", location: Point { x: 0, y: 0 }, physical_size: Size { w: 0, h: 0 }, subpixel: Unknown, transform: Normal, scale_factor: 1, mode: Mode { dimensions: Size { w: 1280, h: 800 }, refresh_rate: 60000, current: true, preferred: true }, name: Some("nested"), description: Some("Monochromatic - NestedWaylandSession - nested") })))[1m}[0m[2m:[0m[1mhandle_output[0m[2m:[0m[1mnew[0m[1m{[0m[3mname[0m[2m=[0m"1_nested" [3mphysical[0m[2m=[0mPhysicalProperties { size: Size<smithay::utils::geometry::Raw> { w: 0, h: 0 }, subpixel: Unknown, make: "Monochromatic", model: "NestedWaylandSession" }[1m}[0m[2m:[0m [2msmithay::output[0m[2m:[0m [2m/home/christoph/.cargo/registry/src/index.crates.io-1949cf8c6b5b557f/smithay-0.7.0/src/output.rs[0m[2m:[0m[2m259:[0m Creating new Output [3mname[0m[2m=[0m"1_nested"
[2m2026-09-25T17:58:50.536852Z[0m [32m INFO[0m ThreadId(01) [1mhandle_event[0m[1m{[0m[3mevent[0m[2m=[0mObject(Output(New(OutputInfo { id: 1, model: "NestedWaylandSession", make: "Monochromatic", location: Point { x: 0, y: 0 }, physical_size: Size { w: 0, h: 0 }, subpixel: Unknown, transform: Normal, scale_factor: 1, mode: Mode { dimensions: Size { w: 1280, h: 800 }, refresh_rate: 60000, current: true, preferred: true }, name: Some("nested"), description: Some("Monochromatic - NestedWaylandSession - nested") })))[1m}[0m[2m:[0m[1mhandle_output[0m[2m:[0m[1mnew[0m[1m{[0m[3mname[0m[2m=[0m"1_nested" [3mphysical[0m[2m=[0mPhysicalProperties { size: Size<smithay::utils::geometry::Raw> { w: 0, h: 0 }, subpixel: Unknown, make: "Monochromatic", model: "NestedWaylandSession" }[1m}[0m[2m:[0m [2msmithay::output[0m[2m:[0m [2m/home/christoph/.cargo/registry/src/index.crates.io-1949cf8c6b5b557f/smithay-0.7.0/src/output.rs[0m[2m:[0m[2m257:[0m close [3mtime.busy[0m[2m=[0m38.3µs [3mtime.idle[0m[2m=[0m67.5µs
[2m2026-09-25T17:58:50.536876Z[0m [32m INFO[0m ThreadId(01) [1mhandle_event[0m[1m{[0m[3mevent[0m[2m=[0mObject(Output(New(OutputInfo { id: 1, model: "NestedWaylandSession", make: "Monochromatic", location: Point { x: 0, y: 0 }, physical_size: Size { w: 0, h: 0 }, subpixel: Unknown, transform: Normal, scale_factor: 1, mode: Mode { dimensions: Size { w: 1280, h: 800 }, refresh_rate: 60000, current: true, preferred: true }, name: Some("nested"), description: Some("Monochromatic - NestedWaylandSession - nested") })))[1m}[0m[2m:[0m[1mhandle_output[0m[2m:[0m [2msmithay::wayland::output[0m[2m:[0m [2m/home/christoph/.cargo/registry/src/index.crates.io-1949cf8c6b5b557f/smithay-0.7.0/src/wayland/output/mod.rs[0m[2m:[0m[2m206:[0m Creating new wl_output [3moutput[0m[2m=[0m"1_nested"
[2m2026-09-25T17:58:50.536913Z[0m [32m INFO[0m ThreadId(01) [1mhandle_event[0m[1m{[0m[3mevent[0m[2m=[0mObject(Output(New(OutputInfo { id: 1, model: "NestedWaylandSession", make: "Monochromatic", location: Point { x: 0, y: 0 }, physical_size: Size { w: 0, h: 0 }, subpixel: Unknown, transform: Normal, scale_factor: 1, mode: Mode { dimensions: Size { w: 1280, h: 800 }, refresh_rate: 60000, current: true, preferred: true }, name: Some("nested"), description: Some("Monochromatic - NestedWaylandSession - nested") })))[1m}[0m[2m:[0m[1mhandle_output[0m[2m:[0m[1mchange_current_state[0m[1m{[0m[3mnew_mode[0m[2m=[0mSome(Mode { size: Size<smithay::utils::geometry::Physical> { w: 1280, h: 800 }, refresh: 60000 }) [3mnew_transform[0m[2m=[0mSome(Normal) [3mnew_scale[0m[2m=[0mSome(Integer(1)) [3mnew_location[0m[2m=[0mSome(Point<smithay::utils::geometry::Logical> { x: 0, y: 0 }) [3moutput[0m[2m=[0m"1_nested"[1m}[0m[2m:[0m [2msmithay::output[0m[2m:[0m [2m/home/christoph/.cargo/registry/src/index.crates.io-1949cf8c6b5b557f/smithay-0.7.0/src/output.rs[0m[2m:[0m[2m376:[0m new
[2m2026-09-25T17:58:50.536942Z[0m [32m INFO[0m ThreadId(01) [1mhandle_event[0m[1m{[0m[3mevent[0m[2m=[0mObject(Output(New(OutputInfo { id: 1, model: "NestedWaylandSession", make: "Monochromatic", location: Point { x: 0, y: 0 }, physical_size: Size { w: 0, h: 0 }, subpixel: Unknown, transform: Normal, scale_factor: 1, mode: Mode { dimensions: Size { w: 1280, h: 800 }, refresh_rate: 60000, current: true, preferred: true }, name: Some("nested"), description: Some("Monochromatic - NestedWaylandSession - nested") })))[1m}[0m[2m:[0m[1mhandle_output[0m[2m:[0m[1mchange_current_state[0m[1m{[0m[3mnew_mode[0m[2m=[0mSome(Mode { size: Size<smithay::utils::geometry::Physical> { w: 1280, h: 800 }, refresh: 60000 }) [3mnew_transform[0m[2m=[0mSome(Normal) [3mnew_scale[0m[2m=[0mSome(Integer(1)) [3mnew_location[0m[2m=[0mSome(Point<smithay::utils::geometry::Logical> { x: 0, y: 0 }) [3moutput[0m[2m=[0m"1_nested"[1m}[0m[2m:[0m [2msmithay::output[0m[2m:[0m [2m/home/christoph/.cargo/registry/src/index.crates.io-1949cf8c6b5b557f/smithay-0.7.0/src/output.rs[0m[2m:[0m[2m376:[0m close [3mtime.busy[0m[2m=[0m1.85µs [3mtime.idle[0m[2m=[0m27.4µs
[2m2026-09-25T17:58:50.537156Z[0m [33m WARN[0m ThreadId(01) [1moutput_bind[0m[1m{[0m[3mname[0m[2m=[0m"1_nested"[1m}[0m[2m:[0m [2msmithay::wayland::output::handlers[0m[2m:[0m [2m/home/christoph/.cargo/registry/src/index.crates.io-1949cf8c6b5b557f/smithay-0.7.0/src/wayland/output/handlers.rs[0m[2m:[0m[2m50:[0m new
[2m2026-09-25T17:58:50.537191Z[0m [33m WARN[0m ThreadId(01) [1moutput_bind[0m[1m{[0m[3mname[0m[2m=[0m"1_nested"[1m}[0m[2m:[0m [2msmithay::wayland::output::handlers[0m[2m:[0m [2m/home/christoph/.cargo/registry/src/index.crates.io-1949cf8c6b5b557f/smithay-0.7.0/src/wayland/output/handlers.rs[0m[2m:[0m[2m50:[0m close [3mtime.busy[0m[2m=[0m14.9µs [3mtime.idle[0m[2m=[0m22.7µs
[2m2026-09-25T17:58:50.537307Z[0m [32m INFO[0m ThreadId(01) [1mnew_output[0m[1m{[0m[3moutput[0m[2m=[0mWlOutput { id: ObjectId(wl_output@17, 17), version: 4, data: Some(ObjectData { .. }), backend: WeakBackend { inner: WeakInnerBackend { state: (Weak) } } }[1m}[0m[2m:[0m[1mnew_output[0m[1m{[0m[3moutput[0m[2m=[0mOutputInfo { id: 11, model: "NestedWaylandSession", make: "Monochromatic", location: Point { x: 0, y: 0 }, physical_size: Size { w: 0, h: 0 }, subpixel: Unknown, transform: Normal, scale_factor: 1, mode: Mode { dimensions: Size { w: 1280, h: 800 }, refresh_rate: 60000, current: true, preferred: true }, name: Some("1_nested"), description: Some("Monochromatic - NestedWaylandSession - 1_nested") }[1m}[0m[2m:[0m[1mnew[0m[1m{[0m[3mname[0m[2m=[0m"11_1_nested" [3mphysical[0m[2m=[0mPhysicalProperties { size: Size<smithay::utils::geometry::Raw> { w: 0, h: 0 }, subpixel: Unknown, make: "Monochromatic", model: "NestedWaylandSession" }[1m}[0m[2m:[0m [2msmithay::output[0m[2m:[0m [2m/home/christoph/.cargo/registry/src/index.crates.io-1949cf8c6b5b557f/smithay-0.7.0/src/output.rs[0m[2m:[0m[2m257:[0m new
[2m2026-09-25T17:58:50.537361Z[0m [32m INFO[0m ThreadId(01) [1mnew_output[0m[1m{[0m[3moutput[0m[2m=[0mWlOutput { id: ObjectId(wl_output@17, 17), version: 4, data: Some(ObjectData { .. }), backend: WeakBackend { inner: WeakInnerBackend { state: (Weak) } } }[1m}[0m[2m:[0m[1mnew_output[0m[1m{[0m[3moutput[0m[2m=[0mOutputInfo { id: 11, model: "NestedWaylandSession", make: "Monochromatic", location: Point { x: 0, y: 0 }, physical_size: Size { w: 0, h: 0 }, subpixel: Unknown, transform: Normal, scale_factor: 1, mode: Mode { dimensions: Size { w: 1280, h: 800 }, refresh_rate: 60000, current: true, preferred: true }, name: Some("1_nested"), description: Some("Monochromatic - NestedWaylandSession - 1_nested") }[1m}[0m[2m:[0m[1mnew[0m[1m{[0m[3mname[0m[2m=[0m"11_1_nested" [3mphysical[0m[2m=[0mPhysicalProperties { size: Size<smithay::utils::geometry::Raw> { w: 0, h: 0 }, subpixel: Unknown, make: "Monochromatic", model: "NestedWaylandSession" }[1m}[0m[2m:[0m [2msmithay::output[0m[2m:[0m [2m/home/christoph/.cargo/registry/src/index.crates.io-1949cf8c6b5b557f/smithay-0.7.0/src/output.rs[0m[2m:[0m[2m259:[0m Creating new Output [3mname[0m[2m=[0m"11_1_nested"
[2m2026-09-25T17:58:50.537402Z[0m [32m INFO[0m ThreadId(01) [1mnew_output[0m[1m{[0m[3moutput[0m[2m=[0mWlOutput { id: ObjectId(wl_output@17, 17), version: 4, data: Some(ObjectData { .. }), backend: WeakBackend { inner: WeakInnerBackend { state: (Weak) } } }[1m}[0m[2m:[0m[1mnew_output[0m[1m{[0m[3moutput[0m[2m=[0mOutputInfo { id: 11, model: "NestedWaylandSession", make: "Monochromatic", location: Point { x: 0, y: 0 }, physical_size: Size { w: 0, h: 0 }, subpixel: Unknown, transform: Normal, scale_factor: 1, mode: Mode { dimensions: Size { w: 1280, h: 800 }, refresh_rate: 60000, current: true, preferred: true }, name: Some("1_nested"), description: Some("Monochromatic - NestedWaylandSession - 1_nested") }[1m}[0m[2m:[0m[1mnew[0m[1m{[0m[3mname[0m[2m=[0m"11_1_nested" [3mphysical[0m[2m=[0mPhysicalProperties { size: Size<smithay::utils::geometry::Raw> { w: 0, h: 0 }, subpixel: Unknown, make: "Monochromatic", model: "NestedWaylandSession" }[1m}[0m[2m:[0m [2msmithay::output[0m[2m:[0m [2m/home/christoph/.cargo/registry/src/index.crates.io-1949cf8c6b5b557f/smithay-0.7.0/src/output.rs[0m[2m:[0m[2m257:[0m close [3mtime.busy[0m[2m=[0m43.8µs [3mtime.idle[0m[2m=[0m51.3µs
[2m2026-09-25T17:58:50.537431Z[0m [32m INFO[0m ThreadId(01) [1mnew_output[0m[1m{[0m[3moutput[0m[2m=[0mWlOutput { id: ObjectId(wl_output@17, 17), version: 4, data: Some(ObjectData { .. }), backend: WeakBackend { inner: WeakInnerBackend { state: (Weak) } } }[1m}[0m[2m:[0m[1mnew_output[0m[1m{[0m[3moutput[0m[2m=[0mOutputInfo { id: 11, model: "NestedWaylandSession", make: "Monochromatic", location: Point { x: 0, y: 0 }, physical_size: Size { w: 0, h: 0 }, subpixel: Unknown, transform: Normal, scale_factor: 1, mode: Mode { dimensions: Size { w: 1280, h: 800 }, refresh_rate: 60000, current: true, preferred: true }, name: Some("1_nested"), description: Some("Monochromatic - NestedWaylandSession - 1_nested") }[1m}[0m[2m:[0m [2msmithay::wayland::output[0m[2m:[0m [2m/home/christoph/.cargo/registry/src/index.crates.io-1949cf8c6b5b557f/smithay-0.7.0/src/wayland/output/mod.rs[0m[2m:[0m[2m206:[0m Creating new wl_output [3moutput[0m[2m=[0m"11_1_nested"
[2m2026-09-25T17:58:50.537457Z[0m [32m INFO[0m ThreadId(01) [1mnew_output[0m[1m{[0m[3moutput[0m[2m=[0mWlOutput { id: ObjectId(wl_output@17, 17), version: 4, data: Some(ObjectData { .. }), backend: WeakBackend { inner: WeakInnerBackend { state: (Weak) } } }[1m}[0m[2m:[0m[1mnew_output[0m[1m{[0m[3moutput[0m[2m=[0mOutputInfo { id: 11, model: "NestedWaylandSession", make: "Monochromatic", location: Point { x: 0, y: 0 }, physical_size: Size { w: 0, h: 0 }, subpixel: Unknown, transform: Normal, scale_factor: 1, mode: Mode { dimensions: Size { w: 1280, h: 800 }, refresh_rate: 60000, current: true, preferred: true }, name: Some("1_nested"), description: Some("Monochromatic - NestedWaylandSession - 1_nested") }[1m}[0m[2m:[0m[1mchange_current_state[0m[1m{[0m[3mnew_mode[0m[2m=[0mSome(Mode { size: Size<smithay::utils::geometry::Physical> { w: 3840, h: 2400 }, refresh: 60000 }) [3mnew_transform[0m[2m=[0mSome(Normal) [3mnew_scale[0m[2m=[0mSome(Integer(1)) [3mnew_location[0m[2m=[0mSome(Point<smithay::utils::geometry::Logical> { x: 0, y: 0 }) [3moutput[0m[2m=[0m"11_1_nested"[1m}[0m[2m:[0m [2msmithay::output[0m[2m:[0m [2m/home/christoph/.cargo/registry/src/index.crates.io-1949cf8c6b5b557f/smithay-0.7.0/src/output.rs[0m[2m:[0m[2m376:[0m new
[2m2026-09-25T17:58:50.537469Z[0m [32m INFO[0m ThreadId(01) [1mnew_output[0m[1m{[0m[3moutput[0m[2m=[0mWlOutput { id: ObjectId(wl_output@17, 17), version: 4, data: Some(ObjectData { .. }), backend: WeakBackend { inner: WeakInnerBackend { state: (Weak) } } }[1m}[0m[2m:[0m[1mnew_output[0m[1m{[0m[3moutput[0m[2m=[0mOutputInfo { id: 11, model: "NestedWaylandSession", make: "Monochromatic", location: Point { x: 0, y: 0 }, physical_size: Size { w: 0, h: 0 }, subpixel: Unknown, transform: Normal, scale_factor: 1, mode: Mode { dimensions: Size { w: 1280, h: 800 }, refresh_rate: 60000, current: true, preferred: true }, name: Some("1_nested"), description: Some("Monochromatic - NestedWaylandSession - 1_nested") }[1m}[0m[2m:[0m[1mchange_current_state[0m[1m{[0m[3mnew_mode[0m[2m=[0mSome(Mode { size: Size<smithay::utils::geometry::Physical> { w: 3840, h: 2400 }, refresh: 60000 }) [3mnew_transform[0m[2m=[0mSome(Normal) [3mnew_scale[0m[2m=[0mSome(Integer(1)) [3mnew_location[0m[2m=[0mSome(Point<smithay::utils::geometry::Logical> { x: 0, y: 0 }) [3moutput[0m[2m=[0m"11_1_nested"[1m}[0m[2m:[0m [2msmithay::output[0m[2m:[0m [2m/home/christoph/.cargo/registry/src/index.crates.io-1949cf8c6b5b557f/smithay-0.7.0/src/output.rs[0m[2m:[0m[2m376:[0m close [3mtime.busy[0m[2m=[0m871ns [3mtime.idle[0m[2m=[0m10.6µs
[2m2026-09-25T17:58:50.537623Z[0m [33m WARN[0m ThreadId(01) [1moutput_bind[0m[1m{[0m[3mname[0m[2m=[0m"11_1_nested"[1m}[0m[2m:[0m [2msmithay::wayland::output::handlers[0m[2m:[0m [2m/home/christoph/.cargo/registry/src/index.crates.io-1949cf8c6b5b557f/smithay-0.7.0/src/wayland/output/handlers.rs[0m[2m:[0m[2m50:[0m new
[2m2026-09-25T17:58:50.537649Z[0m [33m WARN[0m ThreadId(01) [1moutput_bind[0m[1m{[0m[3mname[0m[2m=[0m"11_1_nested"[1m}[0m[2m:[0m [2msmithay::wayland::output::handlers[0m[2m:[0m [2m/home/christoph/.cargo/registry/src/index.crates.io-1949cf8c6b5b557f/smithay-0.7.0/src/wayland/output/handlers.rs[0m[2m:[0m[2m50:[0m close [3mtime.busy[0m[2m=[0m12.1µs [3mtime.idle[0m[2m=[0m14.8µs
[2m2026-09-25T17:58:50.555433Z[0m [32m INFO[0m ThreadId(01) [1minput_seat[0m[1m{[0m[3mname[0m[2m=[0m"wprs"[1m}[0m[2m:[0m[1madd_keyboard[0m[1m{[0m[3mxkb_config[0m[2m=[0mXkbConfig { rules: "", model: "", layout: "", variant: "", options: None } [3mrepeat_delay[0m[2m=[0m200 [3mrepeat_rate[0m[2m=[0m200[1m}[0m[2m:[0m[1minput_keyboard[0m[2m:[0m[1mchange_keymap[0m[1m{[0m[3mfocus[0m[2m=[0mNone [3mmods[0m[2m=[0mModifiersState { ctrl: false, alt: false, shift: false, caps_lock: false, logo: false, num_lock: false, iso_level3_shift: false, iso_level5_shift: false, serialized: SerializedMods { depressed: 0, latched: 0, locked: 0, layout_effective: 0 } }[1m}[0m[2m:[0m [2msmithay::input::keyboard[0m[2m:[0m [2m/home/christoph/.cargo/registry/src/index.crates.io-1949cf8c6b5b557f/smithay-0.7.0/src/input/keyboard/mod.rs[0m[2m:[0m[2m706:[0m new
[2m2026-09-25T17:58:50.555871Z[0m [32m INFO[0m ThreadId(01) [1minput_seat[0m[1m{[0m[3mname[0m[2m=[0m"wprs"[1m}[0m[2m:[0m[1madd_keyboard[0m[1m{[0m[3mxkb_config[0m[2m=[0mXkbConfig { rules: "", model: "", layout: "", variant: "", options: None } [3mrepeat_delay[0m[2m=[0m200 [3mrepeat_rate[0m[2m=[0m200[1m}[0m[2m:[0m[1minput_keyboard[0m[2m:[0m[1msend_keymap[0m[1m{[0m[3mfocus[0m[2m=[0mNone [3mmods[0m[2m=[0mModifiersState { ctrl: false, alt: false, shift: false, caps_lock: false, logo: false, num_lock: false, iso_level3_shift: false, iso_level5_shift: false, serialized: SerializedMods { depressed: 0, latched: 0, locked: 0, layout_effective: 0 } }[1m}[0m[2m:[0m [2msmithay::input::keyboard[0m[2m:[0m [2m/home/christoph/.cargo/registry/src/index.crates.io-1949cf8c6b5b557f/smithay-0.7.0/src/input/keyboard/mod.rs[0m[2m:[0m[2m724:[0m new
[2m2026-09-25T17:58:50.555905Z[0m [32m INFO[0m ThreadId(01) [1minput_seat[0m[1m{[0m[3mname[0m[2m=[0m"wprs"[1m}[0m[2m:[0m[1madd_keyboard[0m[1m{[0m[3mxkb_config[0m[2m=[0mXkbConfig { rules: "", model: "", layout: "", variant: "", options: None } [3mrepeat_delay[0m[2m=[0m200 [3mrepeat_rate[0m[2m=[0m200[1m}[0m[2m:[0m[1minput_keyboard[0m[2m:[0m[1msend_keymap[0m[1m{[0m[3mfocus[0m[2m=[0mNone [3mmods[0m[2m=[0mModifiersState { ctrl: false, alt: false, shift: false, caps_lock: false, logo: false, num_lock: false, iso_level3_shift: false, iso_level5_shift: false, serialized: SerializedMods { depressed: 0, latched: 0, locked: 0, layout_effective: 0 } }[1m}[0m[2m:[0m [2msmithay::input::keyboard[0m[2m:[0m [2m/home/christoph/.cargo/registry/src/index.crates.io-1949cf8c6b5b557f/smithay-0.7.0/src/input/keyboard/mod.rs[0m[2m:[0m[2m724:[0m close [3mtime.busy[0m[2m=[0m9.83µs [3mtime.idle[0m[2m=[0m24.8µs
[2m2026-09-25T17:58:50.555923Z[0m [32m INFO[0m ThreadId(01) [1minput_seat[0m[1m{[0m[3mname[0m[2m=[0m"wprs"[1m}[0m[2m:[0m[1madd_keyboard[0m[1m{[0m[3mxkb_config[0m[2m=[0mXkbConfig { rules: "", model: "", layout: "", variant: "", options: None } [3mrepeat_delay[0m[2m=[0m200 [3mrepeat_rate[0m[2m=[0m200[1m}[0m[2m:[0m[1minput_keyboard[0m[2m:[0m[1mchange_keymap[0m[1m{[0m[3mfocus[0m[2m=[0mNone [3mmods[0m[2m=[0mModifiersState { ctrl: false, alt: false, shift: false, caps_lock: false, logo: false, num_lock: false, iso_level3_shift: false, iso_level5_shift: false, serialized: SerializedMods { depressed: 0, latched: 0, locked: 0, layout_effective: 0 } }[1m}[0m[2m:[0m [2msmithay::input::keyboard[0m[2m:[0m [2m/home/christoph/.cargo/registry/src/index.crates.io-1949cf8c6b5b557f/smithay-0.7.0/src/input/keyboard/mod.rs[0m[2m:[0m[2m706:[0m close [3mtime.busy[0m[2m=[0m449µs [3mtime.idle[0m[2m=[0m41.4µs
[2m2026-09-25T17:58:50.555961Z[0m [32m INFO[0m ThreadId(01) [1minput_seat[0m[1m{[0m[3mname[0m[2m=[0m"wprs"[1m}[0m[2m:[0m[1madd_keyboard[0m[1m{[0m[3mxkb_config[0m[2m=[0mXkbConfig { rules: "", model: "", layout: "", variant: "", options: None } [3mrepeat_delay[0m[2m=[0m200 [3mrepeat_rate[0m[2m=[0m200[1m}[0m[2m:[0m[1minput_keyboard[0m[2m:[0m[1mchange_repeat_info[0m[1m{[0m[3mrate[0m[2m=[0m25 [3mdelay[0m[2m=[0m200[1m}[0m[2m:[0m [2msmithay::input::keyboard[0m[2m:[0m [2m/home/christoph/.cargo/registry/src/index.crates.io-1949cf8c6b5b557f/smithay-0.7.0/src/input/keyboard/mod.rs[0m[2m:[0m[2m1143:[0m new
[2m2026-09-25T17:58:50.555972Z[0m [32m INFO[0m ThreadId(01) [1minput_seat[0m[1m{[0m[3mname[0m[2m=[0m"wprs"[1m}[0m[2m:[0m[1madd_keyboard[0m[1m{[0m[3mxkb_config[0m[2m=[0mXkbConfig { rules: "", model: "", layout: "", variant: "", options: None } [3mrepeat_delay[0m[2m=[0m200 [3mrepeat_rate[0m[2m=[0m200[1m}[0m[2m:[0m[1minput_keyboard[0m[2m:[0m[1mchange_repeat_info[0m[1m{[0m[3mrate[0m[2m=[0m25 [3mdelay[0m[2m=[0m200[1m}[0m[2m:[0m [2msmithay::input::keyboard[0m[2m:[0m [2m/home/christoph/.cargo/registry/src/index.crates.io-1949cf8c6b5b557f/smithay-0.7.0/src/input/keyboard/mod.rs[0m[2m:[0m[2m1143:[0m close [3mtime.busy[0m[2m=[0m932ns [3mtime.idle[0m[2m=[0m9.53µs
[2m2026-09-25T17:58:50.557987Z[0m [32m INFO[0m ThreadId(01) [1minput_seat[0m[1m{[0m[3mname[0m[2m=[0m"wprs"[1m}[0m[2m:[0m[1madd_keyboard[0m[1m{[0m[3mxkb_config[0m[2m=[0mXkbConfig { rules: "", model: "", layout: "", variant: "", options: None } [3mrepeat_delay[0m[2m=[0m200 [3mrepeat_rate[0m[2m=[0m200[1m}[0m[2m:[0m[1minput_keyboard[0m[2m:[0m[1mchange_keymap[0m[1m{[0m[3mfocus[0m[2m=[0mNone [3mmods[0m[2m=[0mModifiersState { ctrl: false, alt: false, shift: false, caps_lock: false, logo: false, num_lock: false, iso_level3_shift: false, iso_level5_shift: false, serialized: SerializedMods { depressed: 0, latched: 0, locked: 0, layout_effective: 0 } }[1m}[0m[2m:[0m [2msmithay::input::keyboard[0m[2m:[0m [2m/home/christoph/.cargo/registry/src/index.crates.io-1949cf8c6b5b557f/smithay-0.7.0/src/input/keyboard/mod.rs[0m[2m:[0m[2m706:[0m new
[2m2026-09-25T17:58:50.558337Z[0m [32m INFO[0m ThreadId(01) [1minput_seat[0m[1m{[0m[3mname[0m[2m=[0m"wprs"[1m}[0m[2m:[0m[1madd_keyboard[0m[1m{[0m[3mxkb_config[0m[2m=[0mXkbConfig { rules: "", model: "", layout: "", variant: "", options: None } [3mrepeat_delay[0m[2m=[0m200 [3mrepeat_rate[0m[2m=[0m200[1m}[0m[2m:[0m[1minput_keyboard[0m[2m:[0m[1msend_keymap[0m[1m{[0m[3mfocus[0m[2m=[0mNone [3mmods[0m[2m=[0mModifiersState { ctrl: false, alt: false, shift: false, caps_lock: false, logo: false, num_lock: false, iso_level3_shift: false, iso_level5_shift: false, serialized: SerializedMods { depressed: 0, latched: 0, locked: 0, layout_effective: 0 } }[1m}[0m[2m:[0m [2msmithay::input::keyboard[0m[2m:[0m [2m/home/christoph/.cargo/registry/src/index.crates.io-1949cf8c6b5b557f/smithay-0.7.0/src/input/keyboard/mod.rs[0m[2m:[0m[2m724:[0m new
[2m2026-09-25T17:58:50.558371Z[0m [32m INFO[0m ThreadId(01) [1minput_seat[0m[1m{[0m[3mname[0m[2m=[0m"wprs"[1m}[0m[2m:[0m[1madd_keyboard[0m[1m{[0m[3mxkb_config[0m[2m=[0mXkbConfig { rules: "", model: "", layout: "", variant: "", options: None } [3mrepeat_delay[0m[2m=[0m200 [3mrepeat_rate[0m[2m=[0m200[1m}[0m[2m:[0m[1minput_keyboard[0m[2m:[0m[1msend_keymap[0m[1m{[0m[3mfocus[0m[2m=[0mNone [3mmods[0m[2m=[0mModifiersState { ctrl: false, alt: false, shift: false, caps_lock: false, logo: false, num_lock: false, iso_level3_shift: false, iso_level5_shift: false, serialized: SerializedMods { depressed: 0, latched: 0, locked: 0, layout_effective: 0 } }[1m}[0m[2m:[0m [2msmithay::input::keyboard[0m[2m:[0m [2m/home/christoph/.cargo/registry/src/index.crates.io-1949cf8c6b5b557f/smithay-0.7.0/src/input/keyboard/mod.rs[0m[2m:[0m[2m724:[0m close [3mtime.busy[0m[2m=[0m12.5µs [3mtime.idle[0m[2m=[0m21.5µs
[2m2026-09-25T17:58:50.558392Z[0m [32m INFO[0m ThreadId(01) [1minput_seat[0m[1m{[0m[3mname[0m[2m=[0m"wprs"[1m}[0m[2m:[0m[1madd_keyboard[0m[1m{[0m[3mxkb_config[0m[2m=[0mXkbConfig { rules: "", model: "", layout: "", variant: "", options: None } [3mrepeat_delay[0m[2m=[0m200 [3mrepeat_rate[0m[2m=[0m200[1m}[0m[2m:[0m[1minput_keyboard[0m[2m:[0m[1mchange_keymap[0m[1m{[0m[3mfocus[0m[2m=[0mNone [3mmods[0m[2m=[0mModifiersState { ctrl: false, alt: false, shift: false, caps_lock: false, logo: false, num_lock: false, iso_level3_shift: false, iso_level5_shift: false, serialized: SerializedMods { depressed: 0, latched: 0, locked: 0, layout_effective: 0 } }[1m}[0m[2m:[0m [2msmithay::input::keyboard[0m[2m:[0m [2m/home/christoph/.cargo/registry/src/index.crates.io-1949cf8c6b5b557f/smithay-0.7.0/src/input/keyboard/mod.rs[0m[2m:[0m[2m706:[0m close [3mtime.busy[0m[2m=[0m373µs [3mtime.idle[0m[2m=[0m33.5µs
[2m2026-09-25T17:58:50.558411Z[0m [32m INFO[0m ThreadId(01) [1minput_seat[0m[1m{[0m[3mname[0m[2m=[0m"wprs"[1m}[0m[2m:[0m[1madd_keyboard[0m[1m{[0m[3mxkb_config[0m[2m=[0mXkbConfig { rules: "", model: "", layout: "", variant: "", options: None } [3mrepeat_delay[0m[2m=[0m200 [3mrepeat_rate[0m[2m=[0m200[1m}[0m[2m:[0m[1minput_keyboard[0m[2m:[0m[1mchange_repeat_info[0m[1m{[0m[3mrate[0m[2m=[0m25 [3mdelay[0m[2m=[0m200[1m}[0m[2m:[0m [2msmithay::input::keyboard[0m[2m:[0m [2m/home/christoph/.cargo/registry/src/index.crates.io-1949cf8c6b5b557f/smithay-0.7.0/src/input/keyboard/mod.rs[0m[2m:[0m[2m1143:[0m new
[2m2026-09-25T17:58:50.558422Z[0m [32m INFO[0m ThreadId(01) [1minput_seat[0m[1m{[0m[3mname[0m[2m=[0m"wprs"[1m}[0m[2m:[0m[1madd_keyboard[0m[1m{[0m[3mxkb_config[0m[2m=[0mXkbConfig { rules: "", model: "", layout: "", variant: "", options: None } [3mrepeat_delay[0m[2m=[0m200 [3mrepeat_rate[0m[2m=[0m200[1m}[0m[2m:[0m[1minput_keyboard[0m[2m:[0m[1mchange_repeat_info[0m[1m{[0m[3mrate[0m[2m=[0m25 [3mdelay[0m[2m=[0m200[1m}[0m[2m:[0m [2msmithay::input::keyboard[0m[2m:[0m [2m/home/christoph/.cargo/registry/src/index.crates.io-1949cf8c6b5b557f/smithay-0.7.0/src/input/keyboard/mod.rs[0m[2m:[0m[2m1143:[0m close [3mtime.busy[0m[2m=[0m1.06µs [3mtime.idle[0m[2m=[0m10.7µs
The XKEYBOARD keymap compiler (xkbcomp) reports:
> Warning:          Unsupported maximum keycode 709, clipping.
>                   X11 cannot support keycodes above 255.
> Warning:          Virtual modifier Hyper multiply defined
>                   Using 0, ignoring 0
> Warning:          Virtual modifier ScrollLock multiply defined
>                   Using 0, ignoring 0
Errors from xkbcomp are not fatal to the X server
[2m2026-09-25T17:58:50.963687Z[0m [32m INFO[0m ThreadId(01) [1mhandle_event[0m[1m{[0m[3mevent[0m[2m=[0mObject(Output(Update(OutputInfo { id: 1, model: "NestedWaylandSession", make: "Monochromatic", location: Point { x: 0, y: 0 }, physical_size: Size { w: 0, h: 0 }, subpixel: Unknown, transform: Normal, scale_factor: 1, mode: Mode { dimensions: Size { w: 1456, h: 1804 }, refresh_rate: 60000, current: true, preferred: false }, name: Some("nested"), description: Some("Monochromatic - NestedWaylandSession - nested") })))[1m}[0m[2m:[0m[1mhandle_output[0m[2m:[0m[1mchange_current_state[0m[1m{[0m[3mnew_mode[0m[2m=[0mSome(Mode { size: Size<smithay::utils::geometry::Physical> { w: 1456, h: 1804 }, refresh: 60000 }) [3mnew_transform[0m[2m=[0mSome(Normal) [3mnew_scale[0m[2m=[0mSome(Integer(1)) [3mnew_location[0m[2m=[0mSome(Point<smithay::utils::geometry::Logical> { x: 0, y: 0 }) [3moutput[0m[2m=[0m"1_nested"[1m}[0m[2m:[0m [2msmithay::output[0m[2m:[0m [2m/home/christoph/.cargo/registry/src/index.crates.io-1949cf8c6b5b557f/smithay-0.7.0/src/output.rs[0m[2m:[0m[2m376:[0m new
[2m2026-09-25T17:58:50.963753Z[0m [32m INFO[0m ThreadId(01) [1mhandle_event[0m[1m{[0m[3mevent[0m[2m=[0mObject(Output(Update(OutputInfo { id: 1, model: "NestedWaylandSession", make: "Monochromatic", location: Point { x: 0, y: 0 }, physical_size: Size { w: 0, h: 0 }, subpixel: Unknown, transform: Normal, scale_factor: 1, mode: Mode { dimensions: Size { w: 1456, h: 1804 }, refresh_rate: 60000, current: true, preferred: false }, name: Some("nested"), description: Some("Monochromatic - NestedWaylandSession - nested") })))[1m}[0m[2m:[0m[1mhandle_output[0m[2m:[0m[1mchange_current_state[0m[1m{[0m[3mnew_mode[0m[2m=[0mSome(Mode { size: Size<smithay::utils::geometry::Physical> { w: 1456, h: 1804 }, refresh: 60000 }) [3mnew_transform[0m[2m=[0mSome(Normal) [3mnew_scale[0m[2m=[0mSome(Integer(1)) [3mnew_location[0m[2m=[0mSome(Point<smithay::utils::geometry::Logical> { x: 0, y: 0 }) [3moutput[0m[2m=[0m"1_nested"[1m}[0m[2m:[0m [2msmithay::output[0m[2m:[0m [2m/home/christoph/.cargo/registry/src/index.crates.io-1949cf8c6b5b557f/smithay-0.7.0/src/output.rs[0m[2m:[0m[2m376:[0m close [3mtime.busy[0m[2m=[0m15.6µs [3mtime.idle[0m[2m=[0m50.7µs
[2m2026-09-25T17:58:50.963951Z[0m [32m INFO[0m ThreadId(01) [1mupdate_output[0m[1m{[0m[3moutput[0m[2m=[0mWlOutput { id: ObjectId(wl_output@17, 17), version: 4, data: Some(ObjectData { .. }), backend: WeakBackend { inner: WeakInnerBackend { state: (Weak) } } }[1m}[0m[2m:[0m[1mupdate_output[0m[1m{[0m[3moutput[0m[2m=[0mOutputInfo { id: 11, model: "NestedWaylandSession", make: "Monochromatic", location: Point { x: 0, y: 0 }, physical_size: Size { w: 0, h: 0 }, subpixel: Unknown, transform: Normal, scale_factor: 1, mode: Mode { dimensions: Size { w: 1456, h: 1804 }, refresh_rate: 60000, current: true, preferred: false }, name: Some("1_nested"), description: Some("Monochromatic - NestedWaylandSession - 1_nested") }[1m}[0m[2m:[0m[1mchange_current_state[0m[1m{[0m[3mnew_mode[0m[2m=[0mSome(Mode { size: Size<smithay::utils::geometry::Physical> { w: 4368, h: 5412 }, refresh: 60000 }) [3mnew_transform[0m[2m=[0mSome(Normal) [3mnew_scale[0m[2m=[0mSome(Integer(1)) [3mnew_location[0m[2m=[0mSome(Point<smithay::utils::geometry::Logical> { x: 0, y: 0 }) [3moutput[0m[2m=[0m"11_1_nested"[1m}[0m[2m:[0m [2msmithay::output[0m[2m:[0m [2m/home/christoph/.cargo/registry/src/index.crates.io-1949cf8c6b5b557f/smithay-0.7.0/src/output.rs[0m[2m:[0m[2m376:[0m new
[2m2026-09-25T17:58:50.963994Z[0m [32m INFO[0m ThreadId(01) [1mupdate_output[0m[1m{[0m[3moutput[0m[2m=[0mWlOutput { id: ObjectId(wl_output@17, 17), version: 4, data: Some(ObjectData { .. }), backend: WeakBackend { inner: WeakInnerBackend { state: (Weak) } } }[1m}[0m[2m:[0m[1mupdate_output[0m[1m{[0m[3moutput[0m[2m=[0mOutputInfo { id: 11, model: "NestedWaylandSession", make: "Monochromatic", location: Point { x: 0, y: 0 }, physical_size: Size { w: 0, h: 0 }, subpixel: Unknown, transform: Normal, scale_factor: 1, mode: Mode { dimensions: Size { w: 1456, h: 1804 }, refresh_rate: 60000, current: true, preferred: false }, name: Some("1_nested"), description: Some("Monochromatic - NestedWaylandSession - 1_nested") }[1m}[0m[2m:[0m[1mchange_current_state[0m[1m{[0m[3mnew_mode[0m[2m=[0mSome(Mode { size: Size<smithay::utils::geometry::Physical> { w: 4368, h: 5412 }, refresh: 60000 }) [3mnew_transform[0m[2m=[0mSome(Normal) [3mnew_scale[0m[2m=[0mSome(Integer(1)) [3mnew_location[0m[2m=[0mSome(Point<smithay::utils::geometry::Logical> { x: 0, y: 0 }) [3moutput[0m[2m=[0m"11_1_nested"[1m}[0m[2m:[0m [2msmithay::output[0m[2m:[0m [2m/home/christoph/.cargo/registry/src/index.crates.io-1949cf8c6b5b557f/smithay-0.7.0/src/output.rs[0m[2m:[0m[2m376:[0m close [3mtime.busy[0m[2m=[0m11.5µs [3mtime.idle[0m[2m=[0m32.2µs
[2m2026-09-25T17:59:00.376214Z[0m [32m INFO[0m ThreadId(01) [1minput_seat[0m[1m{[0m[3mname[0m[2m=[0m"wprs"[1m}[0m[2m:[0m[1madd_keyboard[0m[1m{[0m[3mxkb_config[0m[2m=[0mXkbConfig { rules: "", model: "", layout: "", variant: "", options: None } [3mrepeat_delay[0m[2m=[0m200 [3mrepeat_rate[0m[2m=[0m200[1m}[0m[2m:[0m[1minput_keyboard[0m[2m:[0m[1mnew_kbd[0m[1m{[0m[3mkbd[0m[2m=[0mWlKeyboard { id: ObjectId(wl_keyboard@7[1], 8), version: 5, data: Some(Any { .. }), handle: WeakHandle { handle: WeakInnerHandle[rs] { .. } } }[1m}[0m[2m:[0m [2msmithay::wayland::seat::keyboard[0m[2m:[0m [2m/home/christoph/.cargo/registry/src/index.crates.io-1949cf8c6b5b557f/smithay-0.7.0/src/wayland/seat/keyboard.rs[0m[2m:[0m[2m53:[0m new
[2m2026-09-25T17:59:00.376299Z[0m [32m INFO[0m ThreadId(01) [1minput_seat[0m[1m{[0m[3mname[0m[2m=[0m"wprs"[1m}[0m[2m:[0m[1madd_keyboard[0m[1m{[0m[3mxkb_config[0m[2m=[0mXkbConfig { rules: "", model: "", layout: "", variant: "", options: None } [3mrepeat_delay[0m[2m=[0m200 [3mrepeat_rate[0m[2m=[0m200[1m}[0m[2m:[0m[1minput_keyboard[0m[2m:[0m[1mnew_kbd[0m[1m{[0m[3mkbd[0m[2m=[0mWlKeyboard { id: ObjectId(wl_keyboard@7[1], 8), version: 5, data: Some(Any { .. }), handle: WeakHandle { handle: WeakInnerHandle[rs] { .. } } }[1m}[0m[2m:[0m [2msmithay::wayland::seat::keyboard[0m[2m:[0m [2m/home/christoph/.cargo/registry/src/index.crates.io-1949cf8c6b5b557f/smithay-0.7.0/src/wayland/seat/keyboard.rs[0m[2m:[0m[2m53:[0m close [3mtime.busy[0m[2m=[0m63.4µs [3mtime.idle[0m[2m=[0m21.4µs
[2m2026-09-25T17:59:00.385587Z[0m [33m WARN[0m ThreadId(01) [1mhandle_event[0m[1m{[0m[3mevent[0m[2m=[0mObject(KeyboardEvent(Enter { serial: 2, surface_id: WlSurfaceId(11245459210520813519), keycodes: [], keysyms: [] }))[1m}[0m[2m:[0m[1mhandle_keyboard_event[0m[2m:[0m [2mwprs::error_utils[0m[2m:[0m [2msrc/error_utils.rs[0m[2m:[0m[2m144:[0m wprs::server::client_handlers::<impl wprs::server::WprsServerState>::handle_keyboard_event at src/server/client_handlers.rs:392

Caused by:
    Ignoring keyboard event for unknown object WlSurfaceId(11245459210520813519)
[2m2026-09-25T17:59:00.385637Z[0m [31mERROR[0m ThreadId(01) [1mhandle_event[0m[1m{[0m[3mevent[0m[2m=[0mObject(KeyboardEvent(Enter { serial: 2, surface_id: WlSurfaceId(11245459210520813519), keycodes: [], keysyms: [] }))[1m}[0m[2m:[0m [2mwprs::error_utils[0m[2m:[0m [2msrc/error_utils.rs[0m[2m:[0m[2m152:[0m wprs::server::client_handlers::<impl wprs::server::WprsServerState>::handle_event at src/server/client_handlers.rs:987

Caused by:
    0: wprs::server::client_handlers::<impl wprs::server::WprsServerState>::handle_keyboard_event at src/server/client_handlers.rs:392
    1: Ignoring keyboard event for unknown object WlSurfaceId(11245459210520813519)
[2m2026-09-25T17:59:12.892849Z[0m [32m INFO[0m ThreadId(01) [1minput_seat[0m[1m{[0m[3mname[0m[2m=[0m"wprs"[1m}[0m[2m:[0m[1madd_keyboard[0m[1m{[0m[3mxkb_config[0m[2m=[0mXkbConfig { rules: "", model: "", layout: "", variant: "", options: None } [3mrepeat_delay[0m[2m=[0m200 [3mrepeat_rate[0m[2m=[0m200[1m}[0m[2m:[0m[1minput_keyboard[0m[2m:[0m[1mnew_kbd[0m[1m{[0m[3mkbd[0m[2m=[0mWlKeyboard { id: ObjectId(wl_keyboard@7[1], 8), version: 5, data: Some(Any { .. }), handle: WeakHandle { handle: WeakInnerHandle[rs] { .. } } }[1m}[0m[2m:[0m [2msmithay::wayland::seat::keyboard[0m[2m:[0m [2m/home/christoph/.cargo/registry/src/index.crates.io-1949cf8c6b5b557f/smithay-0.7.0/src/wayland/seat/keyboard.rs[0m[2m:[0m[2m53:[0m new
[2m2026-09-25T17:59:12.892991Z[0m [32m INFO[0m ThreadId(01) [1minput_seat[0m[1m{[0m[3mname[0m[2m=[0m"wprs"[1m}[0m[2m:[0m[1madd_keyboard[0m[1m{[0m[3mxkb_config[0m[2m=[0mXkbConfig { rules: "", model: "", layout: "", variant: "", options: None } [3mrepeat_delay[0m[2m=[0m200 [3mrepeat_rate[0m[2m=[0m200[1m}[0m[2m:[0m[1minput_keyboard[0m[2m:[0m[1mnew_kbd[0m[1m{[0m[3mkbd[0m[2m=[0mWlKeyboard { id: ObjectId(wl_keyboard@7[1], 8), version: 5, data: Some(Any { .. }), handle: WeakHandle { handle: WeakInnerHandle[rs] { .. } } }[1m}[0m[2m:[0m [2msmithay::wayland::seat::keyboard[0m[2m:[0m [2m/home/christoph/.cargo/registry/src/index.crates.io-1949cf8c6b5b557f/smithay-0.7.0/src/wayland/seat/keyboard.rs[0m[2m:[0m[2m53:[0m close [3mtime.busy[0m[2m=[0m92.1µs [3mtime.idle[0m[2m=[0m50.5µs
[2m2026-09-25T17:59:20.221214Z[0m [32m INFO[0m ThreadId(01) [1minput_seat[0m[1m{[0m[3mname[0m[2m=[0m"wprs"[1m}[0m[2m:[0m[1madd_keyboard[0m[1m{[0m[3mxkb_config[0m[2m=[0mXkbConfig { rules: "", model: "", layout: "", variant: "", options: None } [3mrepeat_delay[0m[2m=[0m200 [3mrepeat_rate[0m[2m=[0m200[1m}[0m[2m:[0m[1minput_keyboard[0m[2m:[0m[1mnew_kbd[0m[1m{[0m[3mkbd[0m[2m=[0mWlKeyboard { id: ObjectId(wl_keyboard@7[1], 8), version: 5, data: Some(Any { .. }), handle: WeakHandle { handle: WeakInnerHandle[rs] { .. } } }[1m}[0m[2m:[0m [2msmithay::wayland::seat::keyboard[0m[2m:[0m [2m/home/christoph/.cargo/registry/src/index.crates.io-1949cf8c6b5b557f/smithay-0.7.0/src/wayland/seat/keyboard.rs[0m[2m:[0m[2m53:[0m new
[2m2026-09-25T17:59:20.221466Z[0m [32m INFO[0m ThreadId(01) [1minput_seat[0m[1m{[0m[3mname[0m[2m=[0m"wprs"[1m}[0m[2m:[0m[1madd_keyboard[0m[1m{[0m[3mxkb_config[0m[2m=[0mXkbConfig { rules: "", model: "", layout: "", variant: "", options: None } [3mrepeat_delay[0m[2m=[0m200 [3mrepeat_rate[0m[2m=[0m200[1m}[0m[2m:[0m[1minput_keyboard[0m[2m:[0m[1mnew_kbd[0m[1m{[0m[3mkbd[0m[2m=[0mWlKeyboard { id: ObjectId(wl_keyboard@7[1], 8), version: 5, data: Some(Any { .. }), handle: WeakHandle { handle: WeakInnerHandle[rs] { .. } } }[1m}[0m[2m:[0m [2msmithay::wayland::seat::keyboard[0m[2m:[0m [2m/home/christoph/.cargo/registry/src/index.crates.io-1949cf8c6b5b557f/smithay-0.7.0/src/wayland/seat/keyboard.rs[0m[2m:[0m[2m53:[0m close [3mtime.busy[0m[2m=[0m123µs [3mtime.idle[0m[2m=[0m128µs
[2m2026-09-25T17:59:20.239225Z[0m [33m WARN[0m ThreadId(01) [1mhandle_event[0m[1m{[0m[3mevent[0m[2m=[0mObject(KeyboardEvent(Enter { serial: 6, surface_id: WlSurfaceId(18275448682482109588), keycodes: [], keysyms: [] }))[1m}[0m[2m:[0m[1mhandle_keyboard_event[0m[2m:[0m [2mwprs::error_utils[0m[2m:[0m [2msrc/error_utils.rs[0m[2m:[0m[2m144:[0m wprs::server::client_handlers::<impl wprs::server::WprsServerState>::handle_keyboard_event at src/server/client_handlers.rs:392

Caused by:
    Ignoring keyboard event for unknown object WlSurfaceId(18275448682482109588)
[2m2026-09-25T17:59:20.239271Z[0m [31mERROR[0m ThreadId(01) [1mhandle_event[0m[1m{[0m[3mevent[0m[2m=[0mObject(KeyboardEvent(Enter { serial: 6, surface_id: WlSurfaceId(18275448682482109588), keycodes: [], keysyms: [] }))[1m}[0m[2m:[0m [2mwprs::error_utils[0m[2m:[0m [2msrc/error_utils.rs[0m[2m:[0m[2m152:[0m wprs::server::client_handlers::<impl wprs::server::WprsServerState>::handle_event at src/server/client_handlers.rs:987

Caused by:
    0: wprs::server::client_handlers::<impl wprs::server::WprsServerState>::handle_keyboard_event at src/server/client_handlers.rs:392
    1: Ignoring keyboard event for unknown object WlSurfaceId(18275448682482109588)
[2m2026-09-25T17:59:26.913329Z[0m [32m INFO[0m ThreadId(01) [1minput_seat[0m[1m{[0m[3mname[0m[2m=[0m"wprs"[1m}[0m[2m:[0m[1madd_keyboard[0m[1m{[0m[3mxkb_config[0m[2m=[0mXkbConfig { rules: "", model: "", layout: "", variant: "", options: None } [3mrepeat_delay[0m[2m=[0m200 [3mrepeat_rate[0m[2m=[0m200[1m}[0m[2m:[0m[1minput_keyboard[0m[2m:[0m[1mnew_kbd[0m[1m{[0m[3mkbd[0m[2m=[0mWlKeyboard { id: ObjectId(wl_keyboard@7[1], 8), version: 5, data: Some(Any { .. }), handle: WeakHandle { handle: WeakInnerHandle[rs] { .. } } }[1m}[0m[2m:[0m [2msmithay::wayland::seat::keyboard[0m[2m:[0m [2m/home/christoph/.cargo/registry/src/index.crates.io-1949cf8c6b5b557f/smithay-0.7.0/src/wayland/seat/keyboard.rs[0m[2m:[0m[2m53:[0m new
[2m2026-09-25T17:59:26.913471Z[0m [32m INFO[0m ThreadId(01) [1minput_seat[0m[1m{[0m[3mname[0m[2m=[0m"wprs"[1m}[0m[2m:[0m[1madd_keyboard[0m[1m{[0m[3mxkb_config[0m[2m=[0mXkbConfig { rules: "", model: "", layout: "", variant: "", options: None } [3mrepeat_delay[0m[2m=[0m200 [3mrepeat_rate[0m[2m=[0m200[1m}[0m[2m:[0m[1minput_keyboard[0m[2m:[0m[1mnew_kbd[0m[1m{[0m[3mkbd[0m[2m=[0mWlKeyboard { id: ObjectId(wl_keyboard@7[1], 8), version: 5, data: Some(Any { .. }), handle: WeakHandle { handle: WeakInnerHandle[rs] { .. } } }[1m}[0m[2m:[0m [2msmithay::wayland::seat::keyboard[0m[2m:[0m [2m/home/christoph/.cargo/registry/src/index.crates.io-1949cf8c6b5b557f/smithay-0.7.0/src/wayland/seat/keyboard.rs[0m[2m:[0m[2m53:[0m close [3mtime.busy[0m[2m=[0m97.8µs [3mtime.idle[0m[2m=[0m43.5µs
[2m2026-09-25T17:59:50.917829Z[0m [32m INFO[0m ThreadId(01) [1mhandle_event[0m[1m{[0m[3mevent[0m[2m=[0mObject(Output(Update(OutputInfo { id: 1, model: "NestedWaylandSession", make: "Monochromatic", location: Point { x: 0, y: 0 }, physical_size: Size { w: 0, h: 0 }, subpixel: Unknown, transform: Normal, scale_factor: 1, mode: Mode { dimensions: Size { w: 1280, h: 720 }, refresh_rate: 60000, current: true, preferred: false }, name: Some("nested"), description: Some("Monochromatic - NestedWaylandSession - nested") })))[1m}[0m[2m:[0m[1mhandle_output[0m[2m:[0m[1mchange_current_state[0m[1m{[0m[3mnew_mode[0m[2m=[0mSome(Mode { size: Size<smithay::utils::geometry::Physical> { w: 1280, h: 720 }, refresh: 60000 }) [3mnew_transform[0m[2m=[0mSome(Normal) [3mnew_scale[0m[2m=[0mSome(Integer(1)) [3mnew_location[0m[2m=[0mSome(Point<smithay::utils::geometry::Logical> { x: 0, y: 0 }) [3moutput[0m[2m=[0m"1_nested"[1m}[0m[2m:[0m [2msmithay::output[0m[2m:[0m [2m/home/christoph/.cargo/registry/src/index.crates.io-1949cf8c6b5b557f/smithay-0.7.0/src/output.rs[0m[2m:[0m[2m376:[0m new
[2m2026-09-25T17:59:50.917882Z[0m [32m INFO[0m ThreadId(01) [1mhandle_event[0m[1m{[0m[3mevent[0m[2m=[0mObject(Output(Update(OutputInfo { id: 1, model: "NestedWaylandSession", make: "Monochromatic", location: Point { x: 0, y: 0 }, physical_size: Size { w: 0, h: 0 }, subpixel: Unknown, transform: Normal, scale_factor: 1, mode: Mode { dimensions: Size { w: 1280, h: 720 }, refresh_rate: 60000, current: true, preferred: false }, name: Some("nested"), description: Some("Monochromatic - NestedWaylandSession - nested") })))[1m}[0m[2m:[0m[1mhandle_output[0m[2m:[0m[1mchange_current_state[0m[1m{[0m[3mnew_mode[0m[2m=[0mSome(Mode { size: Size<smithay::utils::geometry::Physical> { w: 1280, h: 720 }, refresh: 60000 }) [3mnew_transform[0m[2m=[0mSome(Normal) [3mnew_scale[0m[2m=[0mSome(Integer(1)) [3mnew_location[0m[2m=[0mSome(Point<smithay::utils::geometry::Logical> { x: 0, y: 0 }) [3moutput[0m[2m=[0m"1_nested"[1m}[0m[2m:[0m [2msmithay::output[0m[2m:[0m [2m/home/christoph/.cargo/registry/src/index.crates.io-1949cf8c6b5b557f/smithay-0.7.0/src/output.rs[0m[2m:[0m[2m376:[0m close [3mtime.busy[0m[2m=[0m13.5µs [3mtime.idle[0m[2m=[0m40.1µs
[2m2026-09-25T17:59:50.918122Z[0m [32m INFO[0m ThreadId(01) [1mupdate_output[0m[1m{[0m[3moutput[0m[2m=[0mWlOutput { id: ObjectId(wl_output@17, 17), version: 4, data: Some(ObjectData { .. }), backend: WeakBackend { inner: WeakInnerBackend { state: (Weak) } } }[1m}[0m[2m:[0m[1mupdate_output[0m[1m{[0m[3moutput[0m[2m=[0mOutputInfo { id: 11, model: "NestedWaylandSession", make: "Monochromatic", location: Point { x: 0, y: 0 }, physical_size: Size { w: 0, h: 0 }, subpixel: Unknown, transform: Normal, scale_factor: 1, mode: Mode { dimensions: Size { w: 1280, h: 720 }, refresh_rate: 60000, current: true, preferred: false }, name: Some("1_nested"), description: Some("Monochromatic - NestedWaylandSession - 1_nested") }[1m}[0m[2m:[0m[1mchange_current_state[0m[1m{[0m[3mnew_mode[0m[2m=[0mSome(Mode { size: Size<smithay::utils::geometry::Physical> { w: 3840, h: 2160 }, refresh: 60000 }) [3mnew_transform[0m[2m=[0mSome(Normal) [3mnew_scale[0m[2m=[0mSome(Integer(1)) [3mnew_location[0m[2m=[0mSome(Point<smithay::utils::geometry::Logical> { x: 0, y: 0 }) [3moutput[0m[2m=[0m"11_1_nested"[1m}[0m[2m:[0m [2msmithay::output[0m[2m:[0m [2m/home/christoph/.cargo/registry/src/index.crates.io-1949cf8c6b5b557f/smithay-0.7.0/src/output.rs[0m[2m:[0m[2m376:[0m new
[2m2026-09-25T17:59:50.918176Z[0m [32m INFO[0m ThreadId(01) [1mupdate_output[0m[1m{[0m[3moutput[0m[2m=[0mWlOutput { id: ObjectId(wl_output@17, 17), version: 4, data: Some(ObjectData { .. }), backend: WeakBackend { inner: WeakInnerBackend { state: (Weak) } } }[1m}[0m[2m:[0m[1mupdate_output[0m[1m{[0m[3moutput[0m[2m=[0mOutputInfo { id: 11, model: "NestedWaylandSession", make: "Monochromatic", location: Point { x: 0, y: 0 }, physical_size: Size { w: 0, h: 0 }, subpixel: Unknown, transform: Normal, scale_factor: 1, mode: Mode { dimensions: Size { w: 1280, h: 720 }, refresh_rate: 60000, current: true, preferred: false }, name: Some("1_nested"), description: Some("Monochromatic - NestedWaylandSession - 1_nested") }[1m}[0m[2m:[0m[1mchange_current_state[0m[1m{[0m[3mnew_mode[0m[2m=[0mSome(Mode { size: Size<smithay::utils::geometry::Physical> { w: 3840, h: 2160 }, refresh: 60000 }) [3mnew_transform[0m[2m=[0mSome(Normal) [3mnew_scale[0m[2m=[0mSome(Integer(1)) [3mnew_location[0m[2m=[0mSome(Point<smithay::utils::geometry::Logical> { x: 0, y: 0 }) [3moutput[0m[2m=[0m"11_1_nested"[1m}[0m[2m:[0m [2msmithay::output[0m[2m:[0m [2m/home/christoph/.cargo/registry/src/index.crates.io-1949cf8c6b5b557f/smithay-0.7.0/src/output.rs[0m[2m:[0m[2m376:[0m close [3mtime.busy[0m[2m=[0m14.1µs [3mtime.idle[0m[2m=[0m39.6µs
[2m2026-09-25T18:27:07.388965Z[0m [33m WARN[0m ThreadId(01) [1moutput_bind[0m[1m{[0m[3mname[0m[2m=[0m"1_nested"[1m}[0m[2m:[0m [2msmithay::wayland::output::handlers[0m[2m:[0m [2m/home/christoph/.cargo/registry/src/index.crates.io-1949cf8c6b5b557f/smithay-0.7.0/src/wayland/output/handlers.rs[0m[2m:[0m[2m50:[0m new
[2m2026-09-25T18:27:07.388997Z[0m [33m WARN[0m ThreadId(01) [1moutput_bind[0m[1m{[0m[3mname[0m[2m=[0m"1_nested"[1m}[0m[2m:[0m [2msmithay::wayland::output::handlers[0m[2m:[0m [2m/home/christoph/.cargo/registry/src/index.crates.io-1949cf8c6b5b557f/smithay-0.7.0/src/wayland/output/handlers.rs[0m[2m:[0m[2m62:[0m Output is used with not preferred mode set
[2m2026-09-25T18:27:07.389019Z[0m [33m WARN[0m ThreadId(01) [1moutput_bind[0m[1m{[0m[3mname[0m[2m=[0m"1_nested"[1m}[0m[2m:[0m [2msmithay::wayland::output::handlers[0m[2m:[0m [2m/home/christoph/.cargo/registry/src/index.crates.io-1949cf8c6b5b557f/smithay-0.7.0/src/wayland/output/handlers.rs[0m[2m:[0m[2m50:[0m close [3mtime.busy[0m[2m=[0m26.6µs [3mtime.idle[0m[2m=[0m28.1µs
[2m2026-09-25T18:27:07.389179Z[0m [32m INFO[0m ThreadId(01) [1minput_seat[0m[1m{[0m[3mname[0m[2m=[0m"wprs"[1m}[0m[2m:[0m[1madd_keyboard[0m[1m{[0m[3mxkb_config[0m[2m=[0mXkbConfig { rules: "", model: "", layout: "", variant: "", options: None } [3mrepeat_delay[0m[2m=[0m200 [3mrepeat_rate[0m[2m=[0m200[1m}[0m[2m:[0m[1minput_keyboard[0m[2m:[0m[1mnew_kbd[0m[1m{[0m[3mkbd[0m[2m=[0mWlKeyboard { id: ObjectId(wl_keyboard@15[1], 15), version: 9, data: Some(Any { .. }), handle: WeakHandle { handle: WeakInnerHandle[rs] { .. } } }[1m}[0m[2m:[0m [2msmithay::wayland::seat::keyboard[0m[2m:[0m [2m/home/christoph/.cargo/registry/src/index.crates.io-1949cf8c6b5b557f/smithay-0.7.0/src/wayland/seat/keyboard.rs[0m[2m:[0m[2m53:[0m new
[2m2026-09-25T18:27:07.389211Z[0m [32m INFO[0m ThreadId(01) [1minput_seat[0m[1m{[0m[3mname[0m[2m=[0m"wprs"[1m}[0m[2m:[0m[1madd_keyboard[0m[1m{[0m[3mxkb_config[0m[2m=[0mXkbConfig { rules: "", model: "", layout: "", variant: "", options: None } [3mrepeat_delay[0m[2m=[0m200 [3mrepeat_rate[0m[2m=[0m200[1m}[0m[2m:[0m[1minput_keyboard[0m[2m:[0m[1mnew_kbd[0m[1m{[0m[3mkbd[0m[2m=[0mWlKeyboard { id: ObjectId(wl_keyboard@15[1], 15), version: 9, data: Some(Any { .. }), handle: WeakHandle { handle: WeakInnerHandle[rs] { .. } } }[1m}[0m[2m:[0m [2msmithay::wayland::seat::keyboard[0m[2m:[0m [2m/home/christoph/.cargo/registry/src/index.crates.io-1949cf8c6b5b557f/smithay-0.7.0/src/wayland/seat/keyboard.rs[0m[2m:[0m[2m53:[0m close [3mtime.busy[0m[2m=[0m9.25µs [3mtime.idle[0m[2m=[0m23.8µs
[2m2026-09-25T18:27:07.459997Z[0m [33m WARN[0m ThreadId(01) [1moutput_bind[0m[1m{[0m[3mname[0m[2m=[0m"1_nested"[1m}[0m[2m:[0m [2msmithay::wayland::output::handlers[0m[2m:[0m [2m/home/christoph/.cargo/registry/src/index.crates.io-1949cf8c6b5b557f/smithay-0.7.0/src/wayland/output/handlers.rs[0m[2m:[0m[2m50:[0m new
[2m2026-09-25T18:27:07.460057Z[0m [33m WARN[0m ThreadId(01) [1moutput_bind[0m[1m{[0m[3mname[0m[2m=[0m"1_nested"[1m}[0m[2m:[0m [2msmithay::wayland::output::handlers[0m[2m:[0m [2m/home/christoph/.cargo/registry/src/index.crates.io-1949cf8c6b5b557f/smithay-0.7.0/src/wayland/output/handlers.rs[0m[2m:[0m[2m62:[0m Output is used with not preferred mode set
[2m2026-09-25T18:27:07.460091Z[0m [33m WARN[0m ThreadId(01) [1moutput_bind[0m[1m{[0m[3mname[0m[2m=[0m"1_nested"[1m}[0m[2m:[0m [2msmithay::wayland::output::handlers[0m[2m:[0m [2m/home/christoph/.cargo/registry/src/index.crates.io-1949cf8c6b5b557f/smithay-0.7.0/src/wayland/output/handlers.rs[0m[2m:[0m[2m50:[0m close [3mtime.busy[0m[2m=[0m38.3µs [3mtime.idle[0m[2m=[0m56.2µs
[2m2026-09-25T18:27:07.754473Z[0m [32m INFO[0m ThreadId(01) [1minput_seat[0m[1m{[0m[3mname[0m[2m=[0m"wprs"[1m}[0m[2m:[0m[1madd_keyboard[0m[1m{[0m[3mxkb_config[0m[2m=[0mXkbConfig { rules: "", model: "", layout: "", variant: "", options: None } [3mrepeat_delay[0m[2m=[0m200 [3mrepeat_rate[0m[2m=[0m200[1m}[0m[2m:[0m[1minput_keyboard[0m[2m:[0m[1mnew_kbd[0m[1m{[0m[3mkbd[0m[2m=[0mWlKeyboard { id: ObjectId(wl_keyboard@18[2], 19), version: 9, data: Some(Any { .. }), handle: WeakHandle { handle: WeakInnerHandle[rs] { .. } } }[1m}[0m[2m:[0m [2msmithay::wayland::seat::keyboard[0m[2m:[0m [2m/home/christoph/.cargo/registry/src/index.crates.io-1949cf8c6b5b557f/smithay-0.7.0/src/wayland/seat/keyboard.rs[0m[2m:[0m[2m53:[0m new
[2m2026-09-25T18:27:07.754535Z[0m [32m INFO[0m ThreadId(01) [1minput_seat[0m[1m{[0m[3mname[0m[2m=[0m"wprs"[1m}[0m[2m:[0m[1madd_keyboard[0m[1m{[0m[3mxkb_config[0m[2m=[0mXkbConfig { rules: "", model: "", layout: "", variant: "", options: None } [3mrepeat_delay[0m[2m=[0m200 [3mrepeat_rate[0m[2m=[0m200[1m}[0m[2m:[0m[1minput_keyboard[0m[2m:[0m[1mnew_kbd[0m[1m{[0m[3mkbd[0m[2m=[0mWlKeyboard { id: ObjectId(wl_keyboard@18[2], 19), version: 9, data: Some(Any { .. }), handle: WeakHandle { handle: WeakInnerHandle[rs] { .. } } }[1m}[0m[2m:[0m [2msmithay::wayland::seat::keyboard[0m[2m:[0m [2m/home/christoph/.cargo/registry/src/index.crates.io-1949cf8c6b5b557f/smithay-0.7.0/src/wayland/seat/keyboard.rs[0m[2m:[0m[2m53:[0m close [3mtime.busy[0m[2m=[0m15.8µs [3mtime.idle[0m[2m=[0m45.4µs
[2m2026-09-25T18:27:19.822518Z[0m [32m INFO[0m ThreadId(01) [1minput_seat[0m[1m{[0m[3mname[0m[2m=[0m"wprs"[1m}[0m[2m:[0m[1madd_keyboard[0m[1m{[0m[3mxkb_config[0m[2m=[0mXkbConfig { rules: "", model: "", layout: "", variant: "", options: None } [3mrepeat_delay[0m[2m=[0m200 [3mrepeat_rate[0m[2m=[0m200[1m}[0m[2m:[0m[1minput_keyboard[0m[2m:[0m[1msend_keymap[0m[1m{[0m[3mfocus[0m[2m=[0mSome(WlSurface { id: ObjectId(wl_surface@3[1], 18), version: 4, data: Some(Any { .. }), handle: WeakHandle { handle: WeakInnerHandle[rs] { .. } } }) [3mmods[0m[2m=[0mModifiersState { ctrl: false, alt: false, shift: false, caps_lock: false, logo: false, num_lock: false, iso_level3_shift: false, iso_level5_shift: false, serialized: SerializedMods { depressed: 0, latched: 0, locked: 0, layout_effective: 0 } }[1m}[0m[2m:[0m [2msmithay::input::keyboard[0m[2m:[0m [2m/home/christoph/.cargo/registry/src/index.crates.io-1949cf8c6b5b557f/smithay-0.7.0/src/input/keyboard/mod.rs[0m[2m:[0m[2m724:[0m new
[2m2026-09-25T18:27:19.822567Z[0m [32m INFO[0m ThreadId(01) [1minput_seat[0m[1m{[0m[3mname[0m[2m=[0m"wprs"[1m}[0m[2m:[0m[1madd_keyboard[0m[1m{[0m[3mxkb_config[0m[2m=[0mXkbConfig { rules: "", model: "", layout: "", variant: "", options: None } [3mrepeat_delay[0m[2m=[0m200 [3mrepeat_rate[0m[2m=[0m200[1m}[0m[2m:[0m[1minput_keyboard[0m[2m:[0m[1msend_keymap[0m[1m{[0m[3mfocus[0m[2m=[0mSome(WlSurface { id: ObjectId(wl_surface@3[1], 18), version: 4, data: Some(Any { .. }), handle: WeakHandle { handle: WeakInnerHandle[rs] { .. } } }) [3mmods[0m[2m=[0mModifiersState { ctrl: false, alt: false, shift: false, caps_lock: false, logo: false, num_lock: false, iso_level3_shift: false, iso_level5_shift: false, serialized: SerializedMods { depressed: 0, latched: 0, locked: 0, layout_effective: 0 } }[1m}[0m[2m:[0m [2msmithay::input::keyboard[0m[2m:[0m [2m/home/christoph/.cargo/registry/src/index.crates.io-1949cf8c6b5b557f/smithay-0.7.0/src/input/keyboard/mod.rs[0m[2m:[0m[2m724:[0m close [3mtime.busy[0m[2m=[0m411ns [3mtime.idle[0m[2m=[0m49.2µs
[2m2026-09-25T18:27:19.822689Z[0m [32m INFO[0m ThreadId(01) [1minput_seat[0m[1m{[0m[3mname[0m[2m=[0m"wprs"[1m}[0m[2m:[0m[1madd_keyboard[0m[1m{[0m[3mxkb_config[0m[2m=[0mXkbConfig { rules: "", model: "", layout: "", variant: "", options: None } [3mrepeat_delay[0m[2m=[0m200 [3mrepeat_rate[0m[2m=[0m200[1m}[0m[2m:[0m[1minput_keyboard[0m[2m:[0m[1msend_keymap[0m[1m{[0m[3mfocus[0m[2m=[0mSome(WlSurface { id: ObjectId(wl_surface@3[1], 18), version: 4, data: Some(Any { .. }), handle: WeakHandle { handle: WeakInnerHandle[rs] { .. } } }) [3mmods[0m[2m=[0mModifiersState { ctrl: false, alt: false, shift: false, caps_lock: false, logo: false, num_lock: false, iso_level3_shift: false, iso_level5_shift: false, serialized: SerializedMods { depressed: 0, latched: 0, locked: 0, layout_effective: 0 } }[1m}[0m[2m:[0m [2msmithay::input::keyboard[0m[2m:[0m [2m/home/christoph/.cargo/registry/src/index.crates.io-1949cf8c6b5b557f/smithay-0.7.0/src/input/keyboard/mod.rs[0m[2m:[0m[2m724:[0m new
[2m2026-09-25T18:27:19.822716Z[0m [32m INFO[0m ThreadId(01) [1minput_seat[0m[1m{[0m[3mname[0m[2m=[0m"wprs"[1m}[0m[2m:[0m[1madd_keyboard[0m[1m{[0m[3mxkb_config[0m[2m=[0mXkbConfig { rules: "", model: "", layout: "", variant: "", options: None } [3mrepeat_delay[0m[2m=[0m200 [3mrepeat_rate[0m[2m=[0m200[1m}[0m[2m:[0m[1minput_keyboard[0m[2m:[0m[1msend_keymap[0m[1m{[0m[3mfocus[0m[2m=[0mSome(WlSurface { id: ObjectId(wl_surface@3[1], 18), version: 4, data: Some(Any { .. }), handle: WeakHandle { handle: WeakInnerHandle[rs] { .. } } }) [3mmods[0m[2m=[0mModifiersState { ctrl: false, alt: false, shift: false, caps_lock: false, logo: false, num_lock: false, iso_level3_shift: false, iso_level5_shift: false, serialized: SerializedMods { depressed: 0, latched: 0, locked: 0, layout_effective: 0 } }[1m}[0m[2m:[0m [2msmithay::input::keyboard[0m[2m:[0m [2m/home/christoph/.cargo/registry/src/index.crates.io-1949cf8c6b5b557f/smithay-0.7.0/src/input/keyboard/mod.rs[0m[2m:[0m[2m724:[0m close [3mtime.busy[0m[2m=[0m340ns [3mtime.idle[0m[2m=[0m27.1µs
[2m2026-09-25T18:27:19.822842Z[0m [32m INFO[0m ThreadId(01) [1minput_seat[0m[1m{[0m[3mname[0m[2m=[0m"wprs"[1m}[0m[2m:[0m[1madd_keyboard[0m[1m{[0m[3mxkb_config[0m[2m=[0mXkbConfig { rules: "", model: "", layout: "", variant: "", options: None } [3mrepeat_delay[0m[2m=[0m200 [3mrepeat_rate[0m[2m=[0m200[1m}[0m[2m:[0m[1minput_keyboard[0m[2m:[0m[1msend_keymap[0m[1m{[0m[3mfocus[0m[2m=[0mSome(WlSurface { id: ObjectId(wl_surface@3[1], 18), version: 4, data: Some(Any { .. }), handle: WeakHandle { handle: WeakInnerHandle[rs] { .. } } }) [3mmods[0m[2m=[0mModifiersState { ctrl: false, alt: false, shift: false, caps_lock: false, logo: false, num_lock: false, iso_level3_shift: false, iso_level5_shift: false, serialized: SerializedMods { depressed: 0, latched: 0, locked: 0, layout_effective: 0 } }[1m}[0m[2m:[0m [2msmithay::input::keyboard[0m[2m:[0m [2m/home/christoph/.cargo/registry/src/index.crates.io-1949cf8c6b5b557f/smithay-0.7.0/src/input/keyboard/mod.rs[0m[2m:[0m[2m724:[0m new
[2m2026-09-25T18:27:19.822871Z[0m [32m INFO[0m ThreadId(01) [1minput_seat[0m[1m{[0m[3mname[0m[2m=[0m"wprs"[1m}[0m[2m:[0m[1madd_keyboard[0m[1m{[0m[3mxkb_config[0m[2m=[0mXkbConfig { rules: "", model: "", layout: "", variant: "", options: None } [3mrepeat_delay[0m[2m=[0m200 [3mrepeat_rate[0m[2m=[0m200[1m}[0m[2m:[0m[1minput_keyboard[0m[2m:[0m[1msend_keymap[0m[1m{[0m[3mfocus[0m[2m=[0mSome(WlSurface { id: ObjectId(wl_surface@3[1], 18), version: 4, data: Some(Any { .. }), handle: WeakHandle { handle: WeakInnerHandle[rs] { .. } } }) [3mmods[0m[2m=[0mModifiersState { ctrl: false, alt: false, shift: false, caps_lock: false, logo: false, num_lock: false, iso_level3_shift: false, iso_level5_shift: false, serialized: SerializedMods { depressed: 0, latched: 0, locked: 0, layout_effective: 0 } }[1m}[0m[2m:[0m [2msmithay::input::keyboard[0m[2m:[0m [2m/home/christoph/.cargo/registry/src/index.crates.io-1949cf8c6b5b557f/smithay-0.7.0/src/input/keyboard/mod.rs[0m[2m:[0m[2m724:[0m close [3mtime.busy[0m[2m=[0m260ns [3mtime.idle[0m[2m=[0m28.6µs
[2m2026-09-25T18:27:19.822950Z[0m [32m INFO[0m ThreadId(01) [1minput_seat[0m[1m{[0m[3mname[0m[2m=[0m"wprs"[1m}[0m[2m:[0m[1madd_keyboard[0m[1m{[0m[3mxkb_config[0m[2m=[0mXkbConfig { rules: "", model: "", layout: "", variant: "", options: None } [3mrepeat_delay[0m[2m=[0m200 [3mrepeat_rate[0m[2m=[0m200[1m}[0m[2m:[0m[1minput_keyboard[0m[2m:[0m[1msend_keymap[0m[1m{[0m[3mfocus[0m[2m=[0mSome(WlSurface { id: ObjectId(wl_surface@3[1], 18), version: 4, data: Some(Any { .. }), handle: WeakHandle { handle: WeakInnerHandle[rs] { .. } } }) [3mmods[0m[2m=[0mModifiersState { ctrl: false, alt: false, shift: false, caps_lock: false, logo: false, num_lock: false, iso_level3_shift: false, iso_level5_shift: false, serialized: SerializedMods { depressed: 0, latched: 0, locked: 0, layout_effective: 0 } }[1m}[0m[2m:[0m [2msmithay::input::keyboard[0m[2m:[0m [2m/home/christoph/.cargo/registry/src/index.crates.io-1949cf8c6b5b557f/smithay-0.7.0/src/input/keyboard/mod.rs[0m[2m:[0m[2m724:[0m new
[2m2026-09-25T18:27:19.822967Z[0m [32m INFO[0m ThreadId(01) [1minput_seat[0m[1m{[0m[3mname[0m[2m=[0m"wprs"[1m}[0m[2m:[0m[1madd_keyboard[0m[1m{[0m[3mxkb_config[0m[2m=[0mXkbConfig { rules: "", model: "", layout: "", variant: "", options: None } [3mrepeat_delay[0m[2m=[0m200 [3mrepeat_rate[0m[2m=[0m200[1m}[0m[2m:[0m[1minput_keyboard[0m[2m:[0m[1msend_keymap[0m[1m{[0m[3mfocus[0m[2m=[0mSome(WlSurface { id: ObjectId(wl_surface@3[1], 18), version: 4, data: Some(Any { .. }), handle: WeakHandle { handle: WeakInnerHandle[rs] { .. } } }) [3mmods[0m[2m=[0mModifiersState { ctrl: false, alt: false, shift: false, caps_lock: false, logo: false, num_lock: false, iso_level3_shift: false, iso_level5_shift: false, serialized: SerializedMods { depressed: 0, latched: 0, locked: 0, layout_effective: 0 } }[1m}[0m[2m:[0m [2msmithay::input::keyboard[0m[2m:[0m [2m/home/christoph/.cargo/registry/src/index.crates.io-1949cf8c6b5b557f/smithay-0.7.0/src/input/keyboard/mod.rs[0m[2m:[0m[2m724:[0m close [3mtime.busy[0m[2m=[0m271ns [3mtime.idle[0m[2m=[0m15.9µs
[2m2026-09-25T18:27:19.823084Z[0m [32m INFO[0m ThreadId(01) [1minput_seat[0m[1m{[0m[3mname[0m[2m=[0m"wprs"[1m}[0m[2m:[0m[1madd_keyboard[0m[1m{[0m[3mxkb_config[0m[2m=[0mXkbConfig { rules: "", model: "", layout: "", variant: "", options: None } [3mrepeat_delay[0m[2m=[0m200 [3mrepeat_rate[0m[2m=[0m200[1m}[0m[2m:[0m[1minput_keyboard[0m[2m:[0m[1msend_keymap[0m[1m{[0m[3mfocus[0m[2m=[0mSome(WlSurface { id: ObjectId(wl_surface@3[1], 18), version: 4, data: Some(Any { .. }), handle: WeakHandle { handle: WeakInnerHandle[rs] { .. } } }) [3mmods[0m[2m=[0mModifiersState { ctrl: false, alt: false, shift: false, caps_lock: false, logo: false, num_lock: false, iso_level3_shift: false, iso_level5_shift: false, serialized: SerializedMods { depressed: 0, latched: 0, locked: 0, layout_effective: 0 } }[1m}[0m[2m:[0m [2msmithay::input::keyboard[0m[2m:[0m [2m/home/christoph/.cargo/registry/src/index.crates.io-1949cf8c6b5b557f/smithay-0.7.0/src/input/keyboard/mod.rs[0m[2m:[0m[2m724:[0m new
[2m2026-09-25T18:27:19.823117Z[0m [32m INFO[0m ThreadId(01) [1minput_seat[0m[1m{[0m[3mname[0m[2m=[0m"wprs"[1m}[0m[2m:[0m[1madd_keyboard[0m[1m{[0m[3mxkb_config[0m[2m=[0mXkbConfig { rules: "", model: "", layout: "", variant: "", options: None } [3mrepeat_delay[0m[2m=[0m200 [3mrepeat_rate[0m[2m=[0m200[1m}[0m[2m:[0m[1minput_keyboard[0m[2m:[0m[1msend_keymap[0m[1m{[0m[3mfocus[0m[2m=[0mSome(WlSurface { id: ObjectId(wl_surface@3[1], 18), version: 4, data: Some(Any { .. }), handle: WeakHandle { handle: WeakInnerHandle[rs] { .. } } }) [3mmods[0m[2m=[0mModifiersState { ctrl: false, alt: false, shift: false, caps_lock: false, logo: false, num_lock: false, iso_level3_shift: false, iso_level5_shift: false, serialized: SerializedMods { depressed: 0, latched: 0, locked: 0, layout_effective: 0 } }[1m}[0m[2m:[0m [2msmithay::input::keyboard[0m[2m:[0m [2m/home/christoph/.cargo/registry/src/index.crates.io-1949cf8c6b5b557f/smithay-0.7.0/src/input/keyboard/mod.rs[0m[2m:[0m[2m724:[0m close [3mtime.busy[0m[2m=[0m411ns [3mtime.idle[0m[2m=[0m33.0µs
[2m2026-09-25T18:27:19.823256Z[0m [32m INFO[0m ThreadId(01) [1minput_seat[0m[1m{[0m[3mname[0m[2m=[0m"wprs"[1m}[0m[2m:[0m[1madd_keyboard[0m[1m{[0m[3mxkb_config[0m[2m=[0mXkbConfig { rules: "", model: "", layout: "", variant: "", options: None } [3mrepeat_delay[0m[2m=[0m200 [3mrepeat_rate[0m[2m=[0m200[1m}[0m[2m:[0m[1minput_keyboard[0m[2m:[0m[1msend_keymap[0m[1m{[0m[3mfocus[0m[2m=[0mSome(WlSurface { id: ObjectId(wl_surface@3[1], 18), version: 4, data: Some(Any { .. }), handle: WeakHandle { handle: WeakInnerHandle[rs] { .. } } }) [3mmods[0m[2m=[0mModifiersState { ctrl: false, alt: false, shift: false, caps_lock: false, logo: false, num_lock: false, iso_level3_shift: false, iso_level5_shift: false, serialized: SerializedMods { depressed: 0, latched: 0, locked: 0, layout_effective: 0 } }[1m}[0m[2m:[0m [2msmithay::input::keyboard[0m[2m:[0m [2m/home/christoph/.cargo/registry/src/index.crates.io-1949cf8c6b5b557f/smithay-0.7.0/src/input/keyboard/mod.rs[0m[2m:[0m[2m724:[0m new
[2m2026-09-25T18:27:19.823299Z[0m [32m INFO[0m ThreadId(01) [1minput_seat[0m[1m{[0m[3mname[0m[2m=[0m"wprs"[1m}[0m[2m:[0m[1madd_keyboard[0m[1m{[0m[3mxkb_config[0m[2m=[0mXkbConfig { rules: "", model: "", layout: "", variant: "", options: None } [3mrepeat_delay[0m[2m=[0m200 [3mrepeat_rate[0m[2m=[0m200[1m}[0m[2m:[0m[1minput_keyboard[0m[2m:[0m[1msend_keymap[0m[1m{[0m[3mfocus[0m[2m=[0mSome(WlSurface { id: ObjectId(wl_surface@3[1], 18), version: 4, data: Some(Any { .. }), handle: WeakHandle { handle: WeakInnerHandle[rs] { .. } } }) [3mmods[0m[2m=[0mModifiersState { ctrl: false, alt: false, shift: false, caps_lock: false, logo: false, num_lock: false, iso_level3_shift: false, iso_level5_shift: false, serialized: SerializedMods { depressed: 0, latched: 0, locked: 0, layout_effective: 0 } }[1m}[0m[2m:[0m [2msmithay::input::keyboard[0m[2m:[0m [2m/home/christoph/.cargo/registry/src/index.crates.io-1949cf8c6b5b557f/smithay-0.7.0/src/input/keyboard/mod.rs[0m[2m:[0m[2m724:[0m close [3mtime.busy[0m[2m=[0m351ns [3mtime.idle[0m[2m=[0m43.1µs
[2m2026-09-25T18:27:19.823413Z[0m [32m INFO[0m ThreadId(01) [1minput_seat[0m[1m{[0m[3mname[0m[2m=[0m"wprs"[1m}[0m[2m:[0m[1madd_keyboard[0m[1m{[0m[3mxkb_config[0m[2m=[0mXkbConfig { rules: "", model: "", layout: "", variant: "", options: None } [3mrepeat_delay[0m[2m=[0m200 [3mrepeat_rate[0m[2m=[0m200[1m}[0m[2m:[0m[1minput_keyboard[0m[2m:[0m[1msend_keymap[0m[1m{[0m[3mfocus[0m[2m=[0mSome(WlSurface { id: ObjectId(wl_surface@3[1], 18), version: 4, data: Some(Any { .. }), handle: WeakHandle { handle: WeakInnerHandle[rs] { .. } } }) [3mmods[0m[2m=[0mModifiersState { ctrl: false, alt: false, shift: false, caps_lock: false, logo: false, num_lock: false, iso_level3_shift: false, iso_level5_shift: false, serialized: SerializedMods { depressed: 0, latched: 0, locked: 0, layout_effective: 0 } }[1m}[0m[2m:[0m [2msmithay::input::keyboard[0m[2m:[0m [2m/home/christoph/.cargo/registry/src/index.crates.io-1949cf8c6b5b557f/smithay-0.7.0/src/input/keyboard/mod.rs[0m[2m:[0m[2m724:[0m new
[2m2026-09-25T18:27:19.823441Z[0m [32m INFO[0m ThreadId(01) [1minput_seat[0m[1m{[0m[3mname[0m[2m=[0m"wprs"[1m}[0m[2m:[0m[1madd_keyboard[0m[1m{[0m[3mxkb_config[0m[2m=[0mXkbConfig { rules: "", model: "", layout: "", variant: "", options: None } [3mrepeat_delay[0m[2m=[0m200 [3mrepeat_rate[0m[2m=[0m200[1m}[0m[2m:[0m[1minput_keyboard[0m[2m:[0m[1msend_keymap[0m[1m{[0m[3mfocus[0m[2m=[0mSome(WlSurface { id: ObjectId(wl_surface@3[1], 18), version: 4, data: Some(Any { .. }), handle: WeakHandle { handle: WeakInnerHandle[rs] { .. } } }) [3mmods[0m[2m=[0mModifiersState { ctrl: false, alt: false, shift: false, caps_lock: false, logo: false, num_lock: false, iso_level3_shift: false, iso_level5_shift: false, serialized: SerializedMods { depressed: 0, latched: 0, locked: 0, layout_effective: 0 } }[1m}[0m[2m:[0m [2msmithay::input::keyboard[0m[2m:[0m [2m/home/christoph/.cargo/registry/src/index.crates.io-1949cf8c6b5b557f/smithay-0.7.0/src/input/keyboard/mod.rs[0m[2m:[0m[2m724:[0m close [3mtime.busy[0m[2m=[0m310ns [3mtime.idle[0m[2m=[0m27.3µs
[2m2026-09-25T18:27:19.823537Z[0m [32m INFO[0m ThreadId(01) [1minput_seat[0m[1m{[0m[3mname[0m[2m=[0m"wprs"[1m}[0m[2m:[0m[1madd_keyboard[0m[1m{[0m[3mxkb_config[0m[2m=[0mXkbConfig { rules: "", model: "", layout: "", variant: "", options: None } [3mrepeat_delay[0m[2m=[0m200 [3mrepeat_rate[0m[2m=[0m200[1m}[0m[2m:[0m[1minput_keyboard[0m[2m:[0m[1msend_keymap[0m[1m{[0m[3mfocus[0m[2m=[0mSome(WlSurface { id: ObjectId(wl_surface@3[1], 18), version: 4, data: Some(Any { .. }), handle: WeakHandle { handle: WeakInnerHandle[rs] { .. } } }) [3mmods[0m[2m=[0mModifiersState { ctrl: false, alt: false, shift: false, caps_lock: false, logo: false, num_lock: false, iso_level3_shift: false, iso_level5_shift: false, serialized: SerializedMods { depressed: 0, latched: 0, locked: 0, layout_effective: 0 } }[1m}[0m[2m:[0m [2msmithay::input::keyboard[0m[2m:[0m [2m/home/christoph/.cargo/registry/src/index.crates.io-1949cf8c6b5b557f/smithay-0.7.0/src/input/keyboard/mod.rs[0m[2m:[0m[2m724:[0m new
[2m2026-09-25T18:27:19.823568Z[0m [32m INFO[0m ThreadId(01) [1minput_seat[0m[1m{[0m[3mname[0m[2m=[0m"wprs"[1m}[0m[2m:[0m[1madd_keyboard[0m[1m{[0m[3mxkb_config[0m[2m=[0mXkbConfig { rules: "", model: "", layout: "", variant: "", options: None } [3mrepeat_delay[0m[2m=[0m200 [3mrepeat_rate[0m[2m=[0m200[1m}[0m[2m:[0m[1minput_keyboard[0m[2m:[0m[1msend_keymap[0m[1m{[0m[3mfocus[0m[2m=[0mSome(WlSurface { id: ObjectId(wl_surface@3[1], 18), version: 4, data: Some(Any { .. }), handle: WeakHandle { handle: WeakInnerHandle[rs] { .. } } }) [3mmods[0m[2m=[0mModifiersState { ctrl: false, alt: false, shift: false, caps_lock: false, logo: false, num_lock: false, iso_level3_shift: false, iso_level5_shift: false, serialized: SerializedMods { depressed: 0, latched: 0, locked: 0, layout_effective: 0 } }[1m}[0m[2m:[0m [2msmithay::input::keyboard[0m[2m:[0m [2m/home/christoph/.cargo/registry/src/index.crates.io-1949cf8c6b5b557f/smithay-0.7.0/src/input/keyboard/mod.rs[0m[2m:[0m[2m724:[0m close [3mtime.busy[0m[2m=[0m431ns [3mtime.idle[0m[2m=[0m29.6µs
[2m2026-09-25T18:27:19.823656Z[0m [32m INFO[0m ThreadId(01) [1minput_seat[0m[1m{[0m[3mname[0m[2m=[0m"wprs"[1m}[0m[2m:[0m[1madd_keyboard[0m[1m{[0m[3mxkb_config[0m[2m=[0mXkbConfig { rules: "", model: "", layout: "", variant: "", options: None } [3mrepeat_delay[0m[2m=[0m200 [3mrepeat_rate[0m[2m=[0m200[1m}[0m[2m:[0m[1minput_keyboard[0m[2m:[0m[1msend_keymap[0m[1m{[0m[3mfocus[0m[2m=[0mSome(WlSurface { id: ObjectId(wl_surface@3[1], 18), version: 4, data: Some(Any { .. }), handle: WeakHandle { handle: WeakInnerHandle[rs] { .. } } }) [3mmods[0m[2m=[0mModifiersState { ctrl: false, alt: false, shift: false, caps_lock: false, logo: false, num_lock: false, iso_level3_shift: false, iso_level5_shift: false, serialized: SerializedMods { depressed: 0, latched: 0, locked: 0, layout_effective: 0 } }[1m}[0m[2m:[0m [2msmithay::input::keyboard[0m[2m:[0m [2m/home/christoph/.cargo/registry/src/index.crates.io-1949cf8c6b5b557f/smithay-0.7.0/src/input/keyboard/mod.rs[0m[2m:[0m[2m724:[0m new
[2m2026-09-25T18:27:19.823679Z[0m [32m INFO[0m ThreadId(01) [1minput_seat[0m[1m{[0m[3mname[0m[2m=[0m"wprs"[1m}[0m[2m:[0m[1madd_keyboard[0m[1m{[0m[3mxkb_config[0m[2m=[0mXkbConfig { rules: "", model: "", layout: "", variant: "", options: None } [3mrepeat_delay[0m[2m=[0m200 [3mrepeat_rate[0m[2m=[0m200[1m}[0m[2m:[0m[1minput_keyboard[0m[2m:[0m[1msend_keymap[0m[1m{[0m[3mfocus[0m[2m=[0mSome(WlSurface { id: ObjectId(wl_surface@3[1], 18), version: 4, data: Some(Any { .. }), handle: WeakHandle { handle: WeakInnerHandle[rs] { .. } } }) [3mmods[0m[2m=[0mModifiersState { ctrl: false, alt: false, shift: false, caps_lock: false, logo: false, num_lock: false, iso_level3_shift: false, iso_level5_shift: false, serialized: SerializedMods { depressed: 0, latched: 0, locked: 0, layout_effective: 0 } }[1m}[0m[2m:[0m [2msmithay::input::keyboard[0m[2m:[0m [2m/home/christoph/.cargo/registry/src/index.crates.io-1949cf8c6b5b557f/smithay-0.7.0/src/input/keyboard/mod.rs[0m[2m:[0m[2m724:[0m close [3mtime.busy[0m[2m=[0m330ns [3mtime.idle[0m[2m=[0m23.3µs
[2m2026-09-25T18:27:19.823760Z[0m [32m INFO[0m ThreadId(01) [1minput_seat[0m[1m{[0m[3mname[0m[2m=[0m"wprs"[1m}[0m[2m:[0m[1madd_keyboard[0m[1m{[0m[3mxkb_config[0m[2m=[0mXkbConfig { rules: "", model: "", layout: "", variant: "", options: None } [3mrepeat_delay[0m[2m=[0m200 [3mrepeat_rate[0m[2m=[0m200[1m}[0m[2m:[0m[1minput_keyboard[0m[2m:[0m[1msend_keymap[0m[1m{[0m[3mfocus[0m[2m=[0mSome(WlSurface { id: ObjectId(wl_surface@3[1], 18), version: 4, data: Some(Any { .. }), handle: WeakHandle { handle: WeakInnerHandle[rs] { .. } } }) [3mmods[0m[2m=[0mModifiersState { ctrl: false, alt: false, shift: false, caps_lock: false, logo: false, num_lock: false, iso_level3_shift: false, iso_level5_shift: false, serialized: SerializedMods { depressed: 0, latched: 0, locked: 0, layout_effective: 0 } }[1m}[0m[2m:[0m [2msmithay::input::keyboard[0m[2m:[0m [2m/home/christoph/.cargo/registry/src/index.crates.io-1949cf8c6b5b557f/smithay-0.7.0/src/input/keyboard/mod.rs[0m[2m:[0m[2m724:[0m new
[2m2026-09-25T18:27:19.823782Z[0m [32m INFO[0m ThreadId(01) [1minput_seat[0m[1m{[0m[3mname[0m[2m=[0m"wprs"[1m}[0m[2m:[0m[1madd_keyboard[0m[1m{[0m[3mxkb_config[0m[2m=[0mXkbConfig { rules: "", model: "", layout: "", variant: "", options: None } [3mrepeat_delay[0m[2m=[0m200 [3mrepeat_rate[0m[2m=[0m200[1m}[0m[2m:[0m[1minput_keyboard[0m[2m:[0m[1msend_keymap[0m[1m{[0m[3mfocus[0m[2m=[0mSome(WlSurface { id: ObjectId(wl_surface@3[1], 18), version: 4, data: Some(Any { .. }), handle: WeakHandle { handle: WeakInnerHandle[rs] { .. } } }) [3mmods[0m[2m=[0mModifiersState { ctrl: false, alt: false, shift: false, caps_lock: false, logo: false, num_lock: false, iso_level3_shift: false, iso_level5_shift: false, serialized: SerializedMods { depressed: 0, latched: 0, locked: 0, layout_effective: 0 } }[1m}[0m[2m:[0m [2msmithay::input::keyboard[0m[2m:[0m [2m/home/christoph/.cargo/registry/src/index.crates.io-1949cf8c6b5b557f/smithay-0.7.0/src/input/keyboard/mod.rs[0m[2m:[0m[2m724:[0m close [3mtime.busy[0m[2m=[0m180ns [3mtime.idle[0m[2m=[0m21.4µs
[2m2026-09-25T18:27:19.823852Z[0m [32m INFO[0m ThreadId(01) [1minput_seat[0m[1m{[0m[3mname[0m[2m=[0m"wprs"[1m}[0m[2m:[0m[1madd_keyboard[0m[1m{[0m[3mxkb_config[0m[2m=[0mXkbConfig { rules: "", model: "", layout: "", variant: "", options: None } [3mrepeat_delay[0m[2m=[0m200 [3mrepeat_rate[0m[2m=[0m200[1m}[0m[2m:[0m[1minput_keyboard[0m[2m:[0m[1msend_keymap[0m[1m{[0m[3mfocus[0m[2m=[0mSome(WlSurface { id: ObjectId(wl_surface@3[1], 18), version: 4, data: Some(Any { .. }), handle: WeakHandle { handle: WeakInnerHandle[rs] { .. } } }) [3mmods[0m[2m=[0mModifiersState { ctrl: false, alt: false, shift: false, caps_lock: false, logo: false, num_lock: false, iso_level3_shift: false, iso_level5_shift: false, serialized: SerializedMods { depressed: 0, latched: 0, locked: 0, layout_effective: 0 } }[1m}[0m[2m:[0m [2msmithay::input::keyboard[0m[2m:[0m [2m/home/christoph/.cargo/registry/src/index.crates.io-1949cf8c6b5b557f/smithay-0.7.0/src/input/keyboard/mod.rs[0m[2m:[0m[2m724:[0m new
[2m2026-09-25T18:27:19.823872Z[0m [32m INFO[0m ThreadId(01) [1minput_seat[0m[1m{[0m[3mname[0m[2m=[0m"wprs"[1m}[0m[2m:[0m[1madd_keyboard[0m[1m{[0m[3mxkb_config[0m[2m=[0mXkbConfig { rules: "", model: "", layout: "", variant: "", options: None } [3mrepeat_delay[0m[2m=[0m200 [3mrepeat_rate[0m[2m=[0m200[1m}[0m[2m:[0m[1minput_keyboard[0m[2m:[0m[1msend_keymap[0m[1m{[0m[3mfocus[0m[2m=[0mSome(WlSurface { id: ObjectId(wl_surface@3[1], 18), version: 4, data: Some(Any { .. }), handle: WeakHandle { handle: WeakInnerHandle[rs] { .. } } }) [3mmods[0m[2m=[0mModifiersState { ctrl: false, alt: false, shift: false, caps_lock: false, logo: false, num_lock: false, iso_level3_shift: false, iso_level5_shift: false, serialized: SerializedMods { depressed: 0, latched: 0, locked: 0, layout_effective: 0 } }[1m}[0m[2m:[0m [2msmithay::input::keyboard[0m[2m:[0m [2m/home/christoph/.cargo/registry/src/index.crates.io-1949cf8c6b5b557f/smithay-0.7.0/src/input/keyboard/mod.rs[0m[2m:[0m[2m724:[0m close [3mtime.busy[0m[2m=[0m692ns [3mtime.idle[0m[2m=[0m18.4µs
[2m2026-09-25T18:27:19.823961Z[0m [32m INFO[0m ThreadId(01) [1minput_seat[0m[1m{[0m[3mname[0m[2m=[0m"wprs"[1m}[0m[2m:[0m[1madd_keyboard[0m[1m{[0m[3mxkb_config[0m[2m=[0mXkbConfig { rules: "", model: "", layout: "", variant: "", options: None } [3mrepeat_delay[0m[2m=[0m200 [3mrepeat_rate[0m[2m=[0m200[1m}[0m[2m:[0m[1minput_keyboard[0m[2m:[0m[1msend_keymap[0m[1m{[0m[3mfocus[0m[2m=[0mSome(WlSurface { id: ObjectId(wl_surface@3[1], 18), version: 4, data: Some(Any { .. }), handle: WeakHandle { handle: WeakInnerHandle[rs] { .. } } }) [3mmods[0m[2m=[0mModifiersState { ctrl: false, alt: false, shift: false, caps_lock: false, logo: false, num_lock: false, iso_level3_shift: false, iso_level5_shift: false, serialized: SerializedMods { depressed: 0, latched: 0, locked: 0, layout_effective: 0 } }[1m}[0m[2m:[0m [2msmithay::input::keyboard[0m[2m:[0m [2m/home/christoph/.cargo/registry/src/index.crates.io-1949cf8c6b5b557f/smithay-0.7.0/src/input/keyboard/mod.rs[0m[2m:[0m[2m724:[0m new
[2m2026-09-25T18:27:19.823987Z[0m [32m INFO[0m ThreadId(01) [1minput_seat[0m[1m{[0m[3mname[0m[2m=[0m"wprs"[1m}[0m[2m:[0m[1madd_keyboard[0m[1m{[0m[3mxkb_config[0m[2m=[0mXkbConfig { rules: "", model: "", layout: "", variant: "", options: None } [3mrepeat_delay[0m[2m=[0m200 [3mrepeat_rate[0m[2m=[0m200[1m}[0m[2m:[0m[1minput_keyboard[0m[2m:[0m[1msend_keymap[0m[1m{[0m[3mfocus[0m[2m=[0mSome(WlSurface { id: ObjectId(wl_surface@3[1], 18), version: 4, data: Some(Any { .. }), handle: WeakHandle { handle: WeakInnerHandle[rs] { .. } } }) [3mmods[0m[2m=[0mModifiersState { ctrl: false, alt: false, shift: false, caps_lock: false, logo: false, num_lock: false, iso_level3_shift: false, iso_level5_shift: false, serialized: SerializedMods { depressed: 0, latched: 0, locked: 0, layout_effective: 0 } }[1m}[0m[2m:[0m [2msmithay::input::keyboard[0m[2m:[0m [2m/home/christoph/.cargo/registry/src/index.crates.io-1949cf8c6b5b557f/smithay-0.7.0/src/input/keyboard/mod.rs[0m[2m:[0m[2m724:[0m close [3mtime.busy[0m[2m=[0m201ns [3mtime.idle[0m[2m=[0m25.8µs
[2m2026-09-25T18:27:19.824065Z[0m [32m INFO[0m ThreadId(01) [1minput_seat[0m[1m{[0m[3mname[0m[2m=[0m"wprs"[1m}[0m[2m:[0m[1madd_keyboard[0m[1m{[0m[3mxkb_config[0m[2m=[0mXkbConfig { rules: "", model: "", layout: "", variant: "", options: None } [3mrepeat_delay[0m[2m=[0m200 [3mrepeat_rate[0m[2m=[0m200[1m}[0m[2m:[0m[1minput_keyboard[0m[2m:[0m[1msend_keymap[0m[1m{[0m[3mfocus[0m[2m=[0mSome(WlSurface { id: ObjectId(wl_surface@3[1], 18), version: 4, data: Some(Any { .. }), handle: WeakHandle { handle: WeakInnerHandle[rs] { .. } } }) [3mmods[0m[2m=[0mModifiersState { ctrl: false, alt: false, shift: false, caps_lock: false, logo: false, num_lock: false, iso_level3_shift: false, iso_level5_shift: false, serialized: SerializedMods { depressed: 0, latched: 0, locked: 0, layout_effective: 0 } }[1m}[0m[2m:[0m [2msmithay::input::keyboard[0m[2m:[0m [2m/home/christoph/.cargo/registry/src/index.crates.io-1949cf8c6b5b557f/smithay-0.7.0/src/input/keyboard/mod.rs[0m[2m:[0m[2m724:[0m new
[2m2026-09-25T18:27:19.824082Z[0m [32m INFO[0m ThreadId(01) [1minput_seat[0m[1m{[0m[3mname[0m[2m=[0m"wprs"[1m}[0m[2m:[0m[1madd_keyboard[0m[1m{[0m[3mxkb_config[0m[2m=[0mXkbConfig { rules: "", model: "", layout: "", variant: "", options: None } [3mrepeat_delay[0m[2m=[0m200 [3mrepeat_rate[0m[2m=[0m200[1m}[0m[2m:[0m[1minput_keyboard[0m[2m:[0m[1msend_keymap[0m[1m{[0m[3mfocus[0m[2m=[0mSome(WlSurface { id: ObjectId(wl_surface@3[1], 18), version: 4, data: Some(Any { .. }), handle: WeakHandle { handle: WeakInnerHandle[rs] { .. } } }) [3mmods[0m[2m=[0mModifiersState { ctrl: false, alt: false, shift: false, caps_lock: false, logo: false, num_lock: false, iso_level3_shift: false, iso_level5_shift: false, serialized: SerializedMods { depressed: 0, latched: 0, locked: 0, layout_effective: 0 } }[1m}[0m[2m:[0m [2msmithay::input::keyboard[0m[2m:[0m [2m/home/christoph/.cargo/registry/src/index.crates.io-1949cf8c6b5b557f/smithay-0.7.0/src/input/keyboard/mod.rs[0m[2m:[0m[2m724:[0m close [3mtime.busy[0m[2m=[0m280ns [3mtime.idle[0m[2m=[0m17.4µs
[2m2026-09-25T18:27:19.824148Z[0m [32m INFO[0m ThreadId(01) [1minput_seat[0m[1m{[0m[3mname[0m[2m=[0m"wprs"[1m}[0m[2m:[0m[1madd_keyboard[0m[1m{[0m[3mxkb_config[0m[2m=[0mXkbConfig { rules: "", model: "", layout: "", variant: "", options: None } [3mrepeat_delay[0m[2m=[0m200 [3mrepeat_rate[0m[2m=[0m200[1m}[0m[2m:[0m[1minput_keyboard[0m[2m:[0m[1msend_keymap[0m[1m{[0m[3mfocus[0m[2m=[0mSome(WlSurface { id: ObjectId(wl_surface@3[1], 18), version: 4, data: Some(Any { .. }), handle: WeakHandle { handle: WeakInnerHandle[rs] { .. } } }) [3mmods[0m[2m=[0mModifiersState { ctrl: false, alt: false, shift: false, caps_lock: false, logo: false, num_lock: false, iso_level3_shift: false, iso_level5_shift: false, serialized: SerializedMods { depressed: 0, latched: 0, locked: 0, layout_effective: 0 } }[1m}[0m[2m:[0m [2msmithay::input::keyboard[0m[2m:[0m [2m/home/christoph/.cargo/registry/src/index.crates.io-1949cf8c6b5b557f/smithay-0.7.0/src/input/keyboard/mod.rs[0m[2m:[0m[2m724:[0m new
[2m2026-09-25T18:27:19.824167Z[0m [32m INFO[0m ThreadId(01) [1minput_seat[0m[1m{[0m[3mname[0m[2m=[0m"wprs"[1m}[0m[2m:[0m[1madd_keyboard[0m[1m{[0m[3mxkb_config[0m[2m=[0mXkbConfig { rules: "", model: "", layout: "", variant: "", options: None } [3mrepeat_delay[0m[2m=[0m200 [3mrepeat_rate[0m[2m=[0m200[1m}[0m[2m:[0m[1minput_keyboard[0m[2m:[0m[1msend_keymap[0m[1m{[0m[3mfocus[0m[2m=[0mSome(WlSurface { id: ObjectId(wl_surface@3[1], 18), version: 4, data: Some(Any { .. }), handle: WeakHandle { handle: WeakInnerHandle[rs] { .. } } }) [3mmods[0m[2m=[0mModifiersState { ctrl: false, alt: false, shift: false, caps_lock: false, logo: false, num_lock: false, iso_level3_shift: false, iso_level5_shift: false, serialized: SerializedMods { depressed: 0, latched: 0, locked: 0, layout_effective: 0 } }[1m}[0m[2m:[0m [2msmithay::input::keyboard[0m[2m:[0m [2m/home/christoph/.cargo/registry/src/index.crates.io-1949cf8c6b5b557f/smithay-0.7.0/src/input/keyboard/mod.rs[0m[2m:[0m[2m724:[0m close [3mtime.busy[0m[2m=[0m180ns [3mtime.idle[0m[2m=[0m18.2µs
[2m2026-09-25T18:27:19.824242Z[0m [32m INFO[0m ThreadId(01) [1minput_seat[0m[1m{[0m[3mname[0m[2m=[0m"wprs"[1m}[0m[2m:[0m[1madd_keyboard[0m[1m{[0m[3mxkb_config[0m[2m=[0mXkbConfig { rules: "", model: "", layout: "", variant: "", options: None } [3mrepeat_delay[0m[2m=[0m200 [3mrepeat_rate[0m[2m=[0m200[1m}[0m[2m:[0m[1minput_keyboard[0m[2m:[0m[1msend_keymap[0m[1m{[0m[3mfocus[0m[2m=[0mSome(WlSurface { id: ObjectId(wl_surface@3[1], 18), version: 4, data: Some(Any { .. }), handle: WeakHandle { handle: WeakInnerHandle[rs] { .. } } }) [3mmods[0m[2m=[0mModifiersState { ctrl: false, alt: false, shift: false, caps_lock: false, logo: false, num_lock: false, iso_level3_shift: false, iso_level5_shift: false, serialized: SerializedMods { depressed: 0, latched: 0, locked: 0, layout_effective: 0 } }[1m}[0m[2m:[0m [2msmithay::input::keyboard[0m[2m:[0m [2m/home/christoph/.cargo/registry/src/index.crates.io-1949cf8c6b5b557f/smithay-0.7.0/src/input/keyboard/mod.rs[0m[2m:[0m[2m724:[0m new
[2m2026-09-25T18:27:19.824260Z[0m [32m INFO[0m ThreadId(01) [1minput_seat[0m[1m{[0m[3mname[0m[2m=[0m"wprs"[1m}[0m[2m:[0m[1madd_keyboard[0m[1m{[0m[3mxkb_config[0m[2m=[0mXkbConfig { rules: "", model: "", layout: "", variant: "", options: None } [3mrepeat_delay[0m[2m=[0m200 [3mrepeat_rate[0m[2m=[0m200[1m}[0m[2m:[0m[1minput_keyboard[0m[2m:[0m[1msend_keymap[0m[1m{[0m[3mfocus[0m[2m=[0mSome(WlSurface { id: ObjectId(wl_surface@3[1], 18), version: 4, data: Some(Any { .. }), handle: WeakHandle { handle: WeakInnerHandle[rs] { .. } } }) [3mmods[0m[2m=[0mModifiersState { ctrl: false, alt: false, shift: false, caps_lock: false, logo: false, num_lock: false, iso_level3_shift: false, iso_level5_shift: false, serialized: SerializedMods { depressed: 0, latched: 0, locked: 0, layout_effective: 0 } }[1m}[0m[2m:[0m [2msmithay::input::keyboard[0m[2m:[0m [2m/home/christoph/.cargo/registry/src/index.crates.io-1949cf8c6b5b557f/smithay-0.7.0/src/input/keyboard/mod.rs[0m[2m:[0m[2m724:[0m close [3mtime.busy[0m[2m=[0m220ns [3mtime.idle[0m[2m=[0m18.2µs
[2m2026-09-25T18:27:19.824370Z[0m [32m INFO[0m ThreadId(01) [1minput_seat[0m[1m{[0m[3mname[0m[2m=[0m"wprs"[1m}[0m[2m:[0m[1madd_keyboard[0m[1m{[0m[3mxkb_config[0m[2m=[0mXkbConfig { rules: "", model: "", layout: "", variant: "", options: None } [3mrepeat_delay[0m[2m=[0m200 [3mrepeat_rate[0m[2m=[0m200[1m}[0m[2m:[0m[1minput_keyboard[0m[2m:[0m[1msend_keymap[0m[1m{[0m[3mfocus[0m[2m=[0mSome(WlSurface { id: ObjectId(wl_surface@3[1], 18), version: 4, data: Some(Any { .. }), handle: WeakHandle { handle: WeakInnerHandle[rs] { .. } } }) [3mmods[0m[2m=[0mModifiersState { ctrl: false, alt: false, shift: false, caps_lock: false, logo: false, num_lock: false, iso_level3_shift: false, iso_level5_shift: false, serialized: SerializedMods { depressed: 0, latched: 0, locked: 0, layout_effective: 0 } }[1m}[0m[2m:[0m [2msmithay::input::keyboard[0m[2m:[0m [2m/home/christoph/.cargo/registry/src/index.crates.io-1949cf8c6b5b557f/smithay-0.7.0/src/input/keyboard/mod.rs[0m[2m:[0m[2m724:[0m new
[2m2026-09-25T18:27:19.824389Z[0m [32m INFO[0m ThreadId(01) [1minput_seat[0m[1m{[0m[3mname[0m[2m=[0m"wprs"[1m}[0m[2m:[0m[1madd_keyboard[0m[1m{[0m[3mxkb_config[0m[2m=[0mXkbConfig { rules: "", model: "", layout: "", variant: "", options: None } [3mrepeat_delay[0m[2m=[0m200 [3mrepeat_rate[0m[2m=[0m200[1m}[0m[2m:[0m[1minput_keyboard[0m[2m:[0m[1msend_keymap[0m[1m{[0m[3mfocus[0m[2m=[0mSome(WlSurface { id: ObjectId(wl_surface@3[1], 18), version: 4, data: Some(Any { .. }), handle: WeakHandle { handle: WeakInnerHandle[rs] { .. } } }) [3mmods[0m[2m=[0mModifiersState { ctrl: false, alt: false, shift: false, caps_lock: false, logo: false, num_lock: false, iso_level3_shift: false, iso_level5_shift: false, serialized: SerializedMods { depressed: 0, latched: 0, locked: 0, layout_effective: 0 } }[1m}[0m[2m:[0m [2msmithay::input::keyboard[0m[2m:[0m [2m/home/christoph/.cargo/registry/src/index.crates.io-1949cf8c6b5b557f/smithay-0.7.0/src/input/keyboard/mod.rs[0m[2m:[0m[2m724:[0m close [3mtime.busy[0m[2m=[0m170ns [3mtime.idle[0m[2m=[0m19.0µs
[2m2026-09-25T18:27:19.824481Z[0m [32m INFO[0m ThreadId(01) [1minput_seat[0m[1m{[0m[3mname[0m[2m=[0m"wprs"[1m}[0m[2m:[0m[1madd_keyboard[0m[1m{[0m[3mxkb_config[0m[2m=[0mXkbConfig { rules: "", model: "", layout: "", variant: "", options: None } [3mrepeat_delay[0m[2m=[0m200 [3mrepeat_rate[0m[2m=[0m200[1m}[0m[2m:[0m[1minput_keyboard[0m[2m:[0m[1msend_keymap[0m[1m{[0m[3mfocus[0m[2m=[0mSome(WlSurface { id: ObjectId(wl_surface@3[1], 18), version: 4, data: Some(Any { .. }), handle: WeakHandle { handle: WeakInnerHandle[rs] { .. } } }) [3mmods[0m[2m=[0mModifiersState { ctrl: false, alt: false, shift: false, caps_lock: false, logo: false, num_lock: false, iso_level3_shift: false, iso_level5_shift: false, serialized: SerializedMods { depressed: 0, latched: 0, locked: 0, layout_effective: 0 } }[1m}[0m[2m:[0m [2msmithay::input::keyboard[0m[2m:[0m [2m/home/christoph/.cargo/registry/src/index.crates.io-1949cf8c6b5b557f/smithay-0.7.0/src/input/keyboard/mod.rs[0m[2m:[0m[2m724:[0m new
[2m2026-09-25T18:27:19.824501Z[0m [32m INFO[0m ThreadId(01) [1minput_seat[0m[1m{[0m[3mname[0m[2m=[0m"wprs"[1m}[0m[2m:[0m[1madd_keyboard[0m[1m{[0m[3mxkb_config[0m[2m=[0mXkbConfig { rules: "", model: "", layout: "", variant: "", options: None } [3mrepeat_delay[0m[2m=[0m200 [3mrepeat_rate[0m[2m=[0m200[1m}[0m[2m:[0m[1minput_keyboard[0m[2m:[0m[1msend_keymap[0m[1m{[0m[3mfocus[0m[2m=[0mSome(WlSurface { id: ObjectId(wl_surface@3[1], 18), version: 4, data: Some(Any { .. }), handle: WeakHandle { handle: WeakInnerHandle[rs] { .. } } }) [3mmods[0m[2m=[0mModifiersState { ctrl: false, alt: false, shift: false, caps_lock: false, logo: false, num_lock: false, iso_level3_shift: false, iso_level5_shift: false, serialized: SerializedMods { depressed: 0, latched: 0, locked: 0, layout_effective: 0 } }[1m}[0m[2m:[0m [2msmithay::input::keyboard[0m[2m:[0m [2m/home/christoph/.cargo/registry/src/index.crates.io-1949cf8c6b5b557f/smithay-0.7.0/src/input/keyboard/mod.rs[0m[2m:[0m[2m724:[0m close [3mtime.busy[0m[2m=[0m261ns [3mtime.idle[0m[2m=[0m19.8µs
[2m2026-09-25T18:27:19.824625Z[0m [32m INFO[0m ThreadId(01) [1minput_seat[0m[1m{[0m[3mname[0m[2m=[0m"wprs"[1m}[0m[2m:[0m[1madd_keyboard[0m[1m{[0m[3mxkb_config[0m[2m=[0mXkbConfig { rules: "", model: "", layout: "", variant: "", options: None } [3mrepeat_delay[0m[2m=[0m200 [3mrepeat_rate[0m[2m=[0m200[1m}[0m[2m:[0m[1minput_keyboard[0m[2m:[0m[1msend_keymap[0m[1m{[0m[3mfocus[0m[2m=[0mSome(WlSurface { id: ObjectId(wl_surface@3[1], 18), version: 4, data: Some(Any { .. }), handle: WeakHandle { handle: WeakInnerHandle[rs] { .. } } }) [3mmods[0m[2m=[0mModifiersState { ctrl: false, alt: false, shift: false, caps_lock: false, logo: false, num_lock: false, iso_level3_shift: false, iso_level5_shift: false, serialized: SerializedMods { depressed: 0, latched: 0, locked: 0, layout_effective: 0 } }[1m}[0m[2m:[0m [2msmithay::input::keyboard[0m[2m:[0m [2m/home/christoph/.cargo/registry/src/index.crates.io-1949cf8c6b5b557f/smithay-0.7.0/src/input/keyboard/mod.rs[0m[2m:[0m[2m724:[0m new
[2m2026-09-25T18:27:19.824658Z[0m [32m INFO[0m ThreadId(01) [1minput_seat[0m[1m{[0m[3mname[0m[2m=[0m"wprs"[1m}[0m[2m:[0m[1madd_keyboard[0m[1m{[0m[3mxkb_config[0m[2m=[0mXkbConfig { rules: "", model: "", layout: "", variant: "", options: None } [3mrepeat_delay[0m[2m=[0m200 [3mrepeat_rate[0m[2m=[0m200[1m}[0m[2m:[0m[1minput_keyboard[0m[2m:[0m[1msend_keymap[0m[1m{[0m[3mfocus[0m[2m=[0mSome(WlSurface { id: ObjectId(wl_surface@3[1], 18), version: 4, data: Some(Any { .. }), handle: WeakHandle { handle: WeakInnerHandle[rs] { .. } } }) [3mmods[0m[2m=[0mModifiersState { ctrl: false, alt: false, shift: false, caps_lock: false, logo: false, num_lock: false, iso_level3_shift: false, iso_level5_shift: false, serialized: SerializedMods { depressed: 0, latched: 0, locked: 0, layout_effective: 0 } }[1m}[0m[2m:[0m [2msmithay::input::keyboard[0m[2m:[0m [2m/home/christoph/.cargo/registry/src/index.crates.io-1949cf8c6b5b557f/smithay-0.7.0/src/input/keyboard/mod.rs[0m[2m:[0m[2m724:[0m close [3mtime.busy[0m[2m=[0m311ns [3mtime.idle[0m[2m=[0m32.3µs
[2m2026-09-25T18:27:19.824779Z[0m [32m INFO[0m ThreadId(01) [1minput_seat[0m[1m{[0m[3mname[0m[2m=[0m"wprs"[1m}[0m[2m:[0m[1madd_keyboard[0m[1m{[0m[3mxkb_config[0m[2m=[0mXkbConfig { rules: "", model: "", layout: "", variant: "", options: None } [3mrepeat_delay[0m[2m=[0m200 [3mrepeat_rate[0m[2m=[0m200[1m}[0m[2m:[0m[1minput_keyboard[0m[2m:[0m[1msend_keymap[0m[1m{[0m[3mfocus[0m[2m=[0mSome(WlSurface { id: ObjectId(wl_surface@3[1], 18), version: 4, data: Some(Any { .. }), handle: WeakHandle { handle: WeakInnerHandle[rs] { .. } } }) [3mmods[0m[2m=[0mModifiersState { ctrl: false, alt: false, shift: false, caps_lock: false, logo: false, num_lock: false, iso_level3_shift: false, iso_level5_shift: false, serialized: SerializedMods { depressed: 0, latched: 0, locked: 0, layout_effective: 0 } }[1m}[0m[2m:[0m [2msmithay::input::keyboard[0m[2m:[0m [2m/home/christoph/.cargo/registry/src/index.crates.io-1949cf8c6b5b557f/smithay-0.7.0/src/input/keyboard/mod.rs[0m[2m:[0m[2m724:[0m new
[2m2026-09-25T18:27:19.824793Z[0m [32m INFO[0m ThreadId(01) [1minput_seat[0m[1m{[0m[3mname[0m[2m=[0m"wprs"[1m}[0m[2m:[0m[1madd_keyboard[0m[1m{[0m[3mxkb_config[0m[2m=[0mXkbConfig { rules: "", model: "", layout: "", variant: "", options: None } [3mrepeat_delay[0m[2m=[0m200 [3mrepeat_rate[0m[2m=[0m200[1m}[0m[2m:[0m[1minput_keyboard[0m[2m:[0m[1msend_keymap[0m[1m{[0m[3mfocus[0m[2m=[0mSome(WlSurface { id: ObjectId(wl_surface@3[1], 18), version: 4, data: Some(Any { .. }), handle: WeakHandle { handle: WeakInnerHandle[rs] { .. } } }) [3mmods[0m[2m=[0mModifiersState { ctrl: false, alt: false, shift: false, caps_lock: false, logo: false, num_lock: false, iso_level3_shift: false, iso_level5_shift: false, serialized: SerializedMods { depressed: 0, latched: 0, locked: 0, layout_effective: 0 } }[1m}[0m[2m:[0m [2msmithay::input::keyboard[0m[2m:[0m [2m/home/christoph/.cargo/registry/src/index.crates.io-1949cf8c6b5b557f/smithay-0.7.0/src/input/keyboard/mod.rs[0m[2m:[0m[2m724:[0m close [3mtime.busy[0m[2m=[0m291ns [3mtime.idle[0m[2m=[0m14.3µs
[2m2026-09-25T18:27:19.824869Z[0m [32m INFO[0m ThreadId(01) [1minput_seat[0m[1m{[0m[3mname[0m[2m=[0m"wprs"[1m}[0m[2m:[0m[1madd_keyboard[0m[1m{[0m[3mxkb_config[0m[2m=[0mXkbConfig { rules: "", model: "", layout: "", variant: "", options: None } [3mrepeat_delay[0m[2m=[0m200 [3mrepeat_rate[0m[2m=[0m200[1m}[0m[2m:[0m[1minput_keyboard[0m[2m:[0m[1msend_keymap[0m[1m{[0m[3mfocus[0m[2m=[0mSome(WlSurface { id: ObjectId(wl_surface@3[1], 18), version: 4, data: Some(Any { .. }), handle: WeakHandle { handle: WeakInnerHandle[rs] { .. } } }) [3mmods[0m[2m=[0mModifiersState { ctrl: false, alt: false, shift: false, caps_lock: false, logo: false, num_lock: false, iso_level3_shift: false, iso_level5_shift: false, serialized: SerializedMods { depressed: 0, latched: 0, locked: 0, layout_effective: 0 } }[1m}[0m[2m:[0m [2msmithay::input::keyboard[0m[2m:[0m [2m/home/christoph/.cargo/registry/src/index.crates.io-1949cf8c6b5b557f/smithay-0.7.0/src/input/keyboard/mod.rs[0m[2m:[0m[2m724:[0m new
[2m2026-09-25T18:27:19.824888Z[0m [32m INFO[0m ThreadId(01) [1minput_seat[0m[1m{[0m[3mname[0m[2m=[0m"wprs"[1m}[0m[2m:[0m[1madd_keyboard[0m[1m{[0m[3mxkb_config[0m[2m=[0mXkbConfig { rules: "", model: "", layout: "", variant: "", options: None } [3mrepeat_delay[0m[2m=[0m200 [3mrepeat_rate[0m[2m=[0m200[1m}[0m[2m:[0m[1minput_keyboard[0m[2m:[0m[1msend_keymap[0m[1m{[0m[3mfocus[0m[2m=[0mSome(WlSurface { id: ObjectId(wl_surface@3[1], 18), version: 4, data: Some(Any { .. }), handle: WeakHandle { handle: WeakInnerHandle[rs] { .. } } }) [3mmods[0m[2m=[0mModifiersState { ctrl: false, alt: false, shift: false, caps_lock: false, logo: false, num_lock: false, iso_level3_shift: false, iso_level5_shift: false, serialized: SerializedMods { depressed: 0, latched: 0, locked: 0, layout_effective: 0 } }[1m}[0m[2m:[0m [2msmithay::input::keyboard[0m[2m:[0m [2m/home/christoph/.cargo/registry/src/index.crates.io-1949cf8c6b5b557f/smithay-0.7.0/src/input/keyboard/mod.rs[0m[2m:[0m[2m724:[0m close [3mtime.busy[0m[2m=[0m180ns [3mtime.idle[0m[2m=[0m19.2µs
[2m2026-09-25T18:27:20.874930Z[0m [32m INFO[0m ThreadId(01) [1mnew_popup[0m[1m{[0m[3mpopup[0m[2m=[0mPopupSurface { wl_surface: WlSurface { id: ObjectId(wl_surface@31[1], 88), version: 4, data: Some(Any { .. }), handle: WeakHandle { handle: WeakInnerHandle[rs] { .. } } }, shell_surface: XdgPopup { id: ObjectId(xdg_popup@36[1], 93), version: 6, data: Some(Any { .. }), handle: WeakHandle { handle: WeakInnerHandle[rs] { .. } } } } [3mpositioner[0m[2m=[0mPositionerState { rect_size: Size<smithay::utils::geometry::Logical> { w: 89, h: 95 }, anchor_rect: Rectangle<smithay::utils::geometry::Logical> { x: 20, y: 288, width: 89, height: 26 }, anchor_edges: BottomLeft, gravity: BottomRight, constraint_adjustment: ConstraintAdjustment(FlipY), offset: Point<smithay::utils::geometry::Logical> { x: 0, y: 0 }, reactive: false, parent_size: None, parent_configure: None }[1m}[0m[2m:[0m [2mwprs::server::smithay_handlers[0m[2m:[0m [2msrc/server/smithay_handlers.rs[0m[2m:[0m[2m233:[0m new
[2m2026-09-25T18:27:20.874995Z[0m [32m INFO[0m ThreadId(01) [1mnew_popup[0m[1m{[0m[3mpopup[0m[2m=[0mPopupSurface { wl_surface: WlSurface { id: ObjectId(wl_surface@31[1], 88), version: 4, data: Some(Any { .. }), handle: WeakHandle { handle: WeakInnerHandle[rs] { .. } } }, shell_surface: XdgPopup { id: ObjectId(xdg_popup@36[1], 93), version: 6, data: Some(Any { .. }), handle: WeakHandle { handle: WeakInnerHandle[rs] { .. } } } } [3mpositioner[0m[2m=[0mPositionerState { rect_size: Size<smithay::utils::geometry::Logical> { w: 89, h: 95 }, anchor_rect: Rectangle<smithay::utils::geometry::Logical> { x: 20, y: 288, width: 89, height: 26 }, anchor_edges: BottomLeft, gravity: BottomRight, constraint_adjustment: ConstraintAdjustment(FlipY), offset: Point<smithay::utils::geometry::Logical> { x: 0, y: 0 }, reactive: false, parent_size: None, parent_configure: None }[1m}[0m[2m:[0m [2mwprs::server::smithay_handlers[0m[2m:[0m [2msrc/server/smithay_handlers.rs[0m[2m:[0m[2m233:[0m close [3mtime.busy[0m[2m=[0m22.3µs [3mtime.idle[0m[2m=[0m42.8µs
[2m2026-09-25T18:27:20.885060Z[0m [31mERROR[0m ThreadId(01) [1mhandle_event[0m[1m{[0m[3mevent[0m[2m=[0mObject(Popup(Configure(PopupConfigure { surface_id: WlSurfaceId(17490684191633608145), position: Point { x: 20, y: 314 }, width: 89, height: 95, kind: Initial })))[1m}[0m[2m:[0m[1mhandle_popup[0m[2m:[0m[1mhandle_popup_configure[0m[2m:[0m [2mwprs::error_utils[0m[2m:[0m [2msrc/error_utils.rs[0m[2m:[0m[2m152:[0m wprs::server::client_handlers::<impl wprs::server::WprsServerState>::handle_popup_configure::{{closure}} at src/server/client_handlers.rs:556

Caused by:
    The popup positioner is not reactive
[2m2026-09-25T18:27:32.230514Z[0m [32m INFO[0m ThreadId(01) [1mnew_popup[0m[1m{[0m[3mpopup[0m[2m=[0mPopupSurface { wl_surface: WlSurface { id: ObjectId(wl_surface@37[1], 134), version: 4, data: Some(Any { .. }), handle: WeakHandle { handle: WeakInnerHandle[rs] { .. } } }, shell_surface: XdgPopup { id: ObjectId(xdg_popup@36[1], 139), version: 6, data: Some(Any { .. }), handle: WeakHandle { handle: WeakInnerHandle[rs] { .. } } } } [3mpositioner[0m[2m=[0mPositionerState { rect_size: Size<smithay::utils::geometry::Logical> { w: 529, h: 410 }, anchor_rect: Rectangle<smithay::utils::geometry::Logical> { x: 600, y: 700, width: 1, height: 1 }, anchor_edges: BottomLeft, gravity: BottomRight, constraint_adjustment: ConstraintAdjustment(SlideX | FlipY | ResizeY), offset: Point<smithay::utils::geometry::Logical> { x: 0, y: 0 }, reactive: false, parent_size: None, parent_configure: None }[1m}[0m[2m:[0m [2mwprs::server::smithay_handlers[0m[2m:[0m [2msrc/server/smithay_handlers.rs[0m[2m:[0m[2m233:[0m new
[2m2026-09-25T18:27:32.230579Z[0m [32m INFO[0m ThreadId(01) [1mnew_popup[0m[1m{[0m[3mpopup[0m[2m=[0mPopupSurface { wl_surface: WlSurface { id: ObjectId(wl_surface@37[1], 134), version: 4, data: Some(Any { .. }), handle: WeakHandle { handle: WeakInnerHandle[rs] { .. } } }, shell_surface: XdgPopup { id: ObjectId(xdg_popup@36[1], 139), version: 6, data: Some(Any { .. }), handle: WeakHandle { handle: WeakInnerHandle[rs] { .. } } } } [3mpositioner[0m[2m=[0mPositionerState { rect_size: Size<smithay::utils::geometry::Logical> { w: 529, h: 410 }, anchor_rect: Rectangle<smithay::utils::geometry::Logical> { x: 600, y: 700, width: 1, height: 1 }, anchor_edges: BottomLeft, gravity: BottomRight, constraint_adjustment: ConstraintAdjustment(SlideX | FlipY | ResizeY), offset: Point<smithay::utils::geometry::Logical> { x: 0, y: 0 }, reactive: false, parent_size: None, parent_configure: None }[1m}[0m[2m:[0m [2mwprs::server::smithay_handlers[0m[2m:[0m [2msrc/server/smithay_handlers.rs[0m[2m:[0m[2m233:[0m close [3mtime.busy[0m[2m=[0m15.9µs [3mtime.idle[0m[2m=[0m48.9µs
[2m2026-09-25T18:27:32.258041Z[0m [31mERROR[0m ThreadId(01) [1mhandle_event[0m[1m{[0m[3mevent[0m[2m=[0mObject(Popup(Configure(PopupConfigure { surface_id: WlSurfaceId(8087570982803538631), position: Point { x: 600, y: 290 }, width: 529, height: 410, kind: Initial })))[1m}[0m[2m:[0m[1mhandle_popup[0m[2m:[0m[1mhandle_popup_configure[0m[2m:[0m [2mwprs::error_utils[0m[2m:[0m [2msrc/error_utils.rs[0m[2m:[0m[2m152:[0m wprs::server::client_handlers::<impl wprs::server::WprsServerState>::handle_popup_configure::{{closure}} at src/server/client_handlers.rs:556

Caused by:
    The popup positioner is not reactive
[2m2026-09-25T18:27:44.047412Z[0m [32m INFO[0m ThreadId(01) [1minput_seat[0m[1m{[0m[3mname[0m[2m=[0m"wprs"[1m}[0m[2m:[0m[1madd_keyboard[0m[1m{[0m[3mxkb_config[0m[2m=[0mXkbConfig { rules: "", model: "", layout: "", variant: "", options: None } [3mrepeat_delay[0m[2m=[0m200 [3mrepeat_rate[0m[2m=[0m200[1m}[0m[2m:[0m[1minput_keyboard[0m[2m:[0m[1msend_keymap[0m[1m{[0m[3mfocus[0m[2m=[0mSome(WlSurface { id: ObjectId(wl_surface@3[1], 18), version: 4, data: Some(Any { .. }), handle: WeakHandle { handle: WeakInnerHandle[rs] { .. } } }) [3mmods[0m[2m=[0mModifiersState { ctrl: false, alt: false, shift: false, caps_lock: false, logo: false, num_lock: false, iso_level3_shift: false, iso_level5_shift: false, serialized: SerializedMods { depressed: 0, latched: 0, locked: 0, layout_effective: 0 } }[1m}[0m[2m:[0m [2msmithay::input::keyboard[0m[2m:[0m [2m/home/christoph/.cargo/registry/src/index.crates.io-1949cf8c6b5b557f/smithay-0.7.0/src/input/keyboard/mod.rs[0m[2m:[0m[2m724:[0m new
[2m2026-09-25T18:27:44.047467Z[0m [32m INFO[0m ThreadId(01) [1minput_seat[0m[1m{[0m[3mname[0m[2m=[0m"wprs"[1m}[0m[2m:[0m[1madd_keyboard[0m[1m{[0m[3mxkb_config[0m[2m=[0mXkbConfig { rules: "", model: "", layout: "", variant: "", options: None } [3mrepeat_delay[0m[2m=[0m200 [3mrepeat_rate[0m[2m=[0m200[1m}[0m[2m:[0m[1minput_keyboard[0m[2m:[0m[1msend_keymap[0m[1m{[0m[3mfocus[0m[2m=[0mSome(WlSurface { id: ObjectId(wl_surface@3[1], 18), version: 4, data: Some(Any { .. }), handle: WeakHandle { handle: WeakInnerHandle[rs] { .. } } }) [3mmods[0m[2m=[0mModifiersState { ctrl: false, alt: false, shift: false, caps_lock: false, logo: false, num_lock: false, iso_level3_shift: false, iso_level5_shift: false, serialized: SerializedMods { depressed: 0, latched: 0, locked: 0, layout_effective: 0 } }[1m}[0m[2m:[0m [2msmithay::input::keyboard[0m[2m:[0m [2m/home/christoph/.cargo/registry/src/index.crates.io-1949cf8c6b5b557f/smithay-0.7.0/src/input/keyboard/mod.rs[0m[2m:[0m[2m724:[0m close [3mtime.busy[0m[2m=[0m711ns [3mtime.idle[0m[2m=[0m54.3µs
[2m2026-09-25T18:27:44.047629Z[0m [32m INFO[0m ThreadId(01) [1minput_seat[0m[1m{[0m[3mname[0m[2m=[0m"wprs"[1m}[0m[2m:[0m[1madd_keyboard[0m[1m{[0m[3mxkb_config[0m[2m=[0mXkbConfig { rules: "", model: "", layout: "", variant: "", options: None } [3mrepeat_delay[0m[2m=[0m200 [3mrepeat_rate[0m[2m=[0m200[1m}[0m[2m:[0m[1minput_keyboard[0m[2m:[0m[1msend_keymap[0m[1m{[0m[3mfocus[0m[2m=[0mSome(WlSurface { id: ObjectId(wl_surface@3[1], 18), version: 4, data: Some(Any { .. }), handle: WeakHandle { handle: WeakInnerHandle[rs] { .. } } }) [3mmods[0m[2m=[0mModifiersState { ctrl: false, alt: false, shift: false, caps_lock: false, logo: false, num_lock: false, iso_level3_shift: false, iso_level5_shift: false, serialized: SerializedMods { depressed: 0, latched: 0, locked: 0, layout_effective: 0 } }[1m}[0m[2m:[0m [2msmithay::input::keyboard[0m[2m:[0m [2m/home/christoph/.cargo/registry/src/index.crates.io-1949cf8c6b5b557f/smithay-0.7.0/src/input/keyboard/mod.rs[0m[2m:[0m[2m724:[0m new
[2m2026-09-25T18:27:44.047652Z[0m [32m INFO[0m ThreadId(01) [1minput_seat[0m[1m{[0m[3mname[0m[2m=[0m"wprs"[1m}[0m[2m:[0m[1madd_keyboard[0m[1m{[0m[3mxkb_config[0m[2m=[0mXkbConfig { rules: "", model: "", layout: "", variant: "", options: None } [3mrepeat_delay[0m[2m=[0m200 [3mrepeat_rate[0m[2m=[0m200[1m}[0m[2m:[0m[1minput_keyboard[0m[2m:[0m[1msend_keymap[0m[1m{[0m[3mfocus[0m[2m=[0mSome(WlSurface { id: ObjectId(wl_surface@3[1], 18), version: 4, data: Some(Any { .. }), handle: WeakHandle { handle: WeakInnerHandle[rs] { .. } } }) [3mmods[0m[2m=[0mModifiersState { ctrl: false, alt: false, shift: false, caps_lock: false, logo: false, num_lock: false, iso_level3_shift: false, iso_level5_shift: false, serialized: SerializedMods { depressed: 0, latched: 0, locked: 0, layout_effective: 0 } }[1m}[0m[2m:[0m [2msmithay::input::keyboard[0m[2m:[0m [2m/home/christoph/.cargo/registry/src/index.crates.io-1949cf8c6b5b557f/smithay-0.7.0/src/input/keyboard/mod.rs[0m[2m:[0m[2m724:[0m close [3mtime.busy[0m[2m=[0m340ns [3mtime.idle[0m[2m=[0m22.5µs
[2m2026-09-25T18:27:46.430979Z[0m [33m WARN[0m ThreadId(01) [1moutput_bind[0m[1m{[0m[3mname[0m[2m=[0m"1_nested"[1m}[0m[2m:[0m [2msmithay::wayland::output::handlers[0m[2m:[0m [2m/home/christoph/.cargo/registry/src/index.crates.io-1949cf8c6b5b557f/smithay-0.7.0/src/wayland/output/handlers.rs[0m[2m:[0m[2m50:[0m new
[2m2026-09-25T18:27:46.431017Z[0m [33m WARN[0m ThreadId(01) [1moutput_bind[0m[1m{[0m[3mname[0m[2m=[0m"1_nested"[1m}[0m[2m:[0m [2msmithay::wayland::output::handlers[0m[2m:[0m [2m/home/christoph/.cargo/registry/src/index.crates.io-1949cf8c6b5b557f/smithay-0.7.0/src/wayland/output/handlers.rs[0m[2m:[0m[2m62:[0m Output is used with not preferred mode set
[2m2026-09-25T18:27:46.431038Z[0m [33m WARN[0m ThreadId(01) [1moutput_bind[0m[1m{[0m[3mname[0m[2m=[0m"1_nested"[1m}[0m[2m:[0m [2msmithay::wayland::output::handlers[0m[2m:[0m [2m/home/christoph/.cargo/registry/src/index.crates.io-1949cf8c6b5b557f/smithay-0.7.0/src/wayland/output/handlers.rs[0m[2m:[0m[2m50:[0m close [3mtime.busy[0m[2m=[0m24.5µs [3mtime.idle[0m[2m=[0m35.6µs
[2m2026-09-25T18:27:46.431064Z[0m [32m INFO[0m ThreadId(01) [1minput_seat[0m[1m{[0m[3mname[0m[2m=[0m"wprs"[1m}[0m[2m:[0m[1madd_keyboard[0m[1m{[0m[3mxkb_config[0m[2m=[0mXkbConfig { rules: "", model: "", layout: "", variant: "", options: None } [3mrepeat_delay[0m[2m=[0m200 [3mrepeat_rate[0m[2m=[0m200[1m}[0m[2m:[0m[1minput_keyboard[0m[2m:[0m[1mnew_kbd[0m[1m{[0m[3mkbd[0m[2m=[0mWlKeyboard { id: ObjectId(wl_keyboard@15[1], 15), version: 9, data: Some(Any { .. }), handle: WeakHandle { handle: WeakInnerHandle[rs] { .. } } }[1m}[0m[2m:[0m [2msmithay::wayland::seat::keyboard[0m[2m:[0m [2m/home/christoph/.cargo/registry/src/index.crates.io-1949cf8c6b5b557f/smithay-0.7.0/src/wayland/seat/keyboard.rs[0m[2m:[0m[2m53:[0m new
[2m2026-09-25T18:27:46.431087Z[0m [32m INFO[0m ThreadId(01) [1minput_seat[0m[1m{[0m[3mname[0m[2m=[0m"wprs"[1m}[0m[2m:[0m[1madd_keyboard[0m[1m{[0m[3mxkb_config[0m[2m=[0mXkbConfig { rules: "", model: "", layout: "", variant: "", options: None } [3mrepeat_delay[0m[2m=[0m200 [3mrepeat_rate[0m[2m=[0m200[1m}[0m[2m:[0m[1minput_keyboard[0m[2m:[0m[1mnew_kbd[0m[1m{[0m[3mkbd[0m[2m=[0mWlKeyboard { id: ObjectId(wl_keyboard@15[1], 15), version: 9, data: Some(Any { .. }), handle: WeakHandle { handle: WeakInnerHandle[rs] { .. } } }[1m}[0m[2m:[0m [2msmithay::wayland::seat::keyboard[0m[2m:[0m [2m/home/christoph/.cargo/registry/src/index.crates.io-1949cf8c6b5b557f/smithay-0.7.0/src/wayland/seat/keyboard.rs[0m[2m:[0m[2m53:[0m close [3mtime.busy[0m[2m=[0m8.57µs [3mtime.idle[0m[2m=[0m14.6µs
[2m2026-09-25T18:27:46.492075Z[0m [33m WARN[0m ThreadId(01) [1moutput_bind[0m[1m{[0m[3mname[0m[2m=[0m"1_nested"[1m}[0m[2m:[0m [2msmithay::wayland::output::handlers[0m[2m:[0m [2m/home/christoph/.cargo/registry/src/index.crates.io-1949cf8c6b5b557f/smithay-0.7.0/src/wayland/output/handlers.rs[0m[2m:[0m[2m50:[0m new
[2m2026-09-25T18:27:46.492117Z[0m [33m WARN[0m ThreadId(01) [1moutput_bind[0m[1m{[0m[3mname[0m[2m=[0m"1_nested"[1m}[0m[2m:[0m [2msmithay::wayland::output::handlers[0m[2m:[0m [2m/home/christoph/.cargo/registry/src/index.crates.io-1949cf8c6b5b557f/smithay-0.7.0/src/wayland/output/handlers.rs[0m[2m:[0m[2m62:[0m Output is used with not preferred mode set
[2m2026-09-25T18:27:46.492136Z[0m [33m WARN[0m ThreadId(01) [1moutput_bind[0m[1m{[0m[3mname[0m[2m=[0m"1_nested"[1m}[0m[2m:[0m [2msmithay::wayland::output::handlers[0m[2m:[0m [2m/home/christoph/.cargo/registry/src/index.crates.io-1949cf8c6b5b557f/smithay-0.7.0/src/wayland/output/handlers.rs[0m[2m:[0m[2m50:[0m close [3mtime.busy[0m[2m=[0m22.6µs [3mtime.idle[0m[2m=[0m38.7µs
[2m2026-09-25T18:27:46.710188Z[0m [32m INFO[0m ThreadId(01) [1minput_seat[0m[1m{[0m[3mname[0m[2m=[0m"wprs"[1m}[0m[2m:[0m[1madd_keyboard[0m[1m{[0m[3mxkb_config[0m[2m=[0mXkbConfig { rules: "", model: "", layout: "", variant: "", options: None } [3mrepeat_delay[0m[2m=[0m200 [3mrepeat_rate[0m[2m=[0m200[1m}[0m[2m:[0m[1minput_keyboard[0m[2m:[0m[1mnew_kbd[0m[1m{[0m[3mkbd[0m[2m=[0mWlKeyboard { id: ObjectId(wl_keyboard@18[2], 19), version: 9, data: Some(Any { .. }), handle: WeakHandle { handle: WeakInnerHandle[rs] { .. } } }[1m}[0m[2m:[0m [2msmithay::wayland::seat::keyboard[0m[2m:[0m [2m/home/christoph/.cargo/registry/src/index.crates.io-1949cf8c6b5b557f/smithay-0.7.0/src/wayland/seat/keyboard.rs[0m[2m:[0m[2m53:[0m new
[2m2026-09-25T18:27:46.710239Z[0m [32m INFO[0m ThreadId(01) [1minput_seat[0m[1m{[0m[3mname[0m[2m=[0m"wprs"[1m}[0m[2m:[0m[1madd_keyboard[0m[1m{[0m[3mxkb_config[0m[2m=[0mXkbConfig { rules: "", model: "", layout: "", variant: "", options: None } [3mrepeat_delay[0m[2m=[0m200 [3mrepeat_rate[0m[2m=[0m200[1m}[0m[2m:[0m[1minput_keyboard[0m[2m:[0m[1mnew_kbd[0m[1m{[0m[3mkbd[0m[2m=[0mWlKeyboard { id: ObjectId(wl_keyboard@18[2], 19), version: 9, data: Some(Any { .. }), handle: WeakHandle { handle: WeakInnerHandle[rs] { .. } } }[1m}[0m[2m:[0m [2msmithay::wayland::seat::keyboard[0m[2m:[0m [2m/home/christoph/.cargo/registry/src/index.crates.io-1949cf8c6b5b557f/smithay-0.7.0/src/wayland/seat/keyboard.rs[0m[2m:[0m[2m53:[0m close [3mtime.busy[0m[2m=[0m12.9µs [3mtime.idle[0m[2m=[0m38.5µs
[2m2026-09-25T18:28:04.563320Z[0m [33m WARN[0m ThreadId(01) [1moutput_bind[0m[1m{[0m[3mname[0m[2m=[0m"1_nested"[1m}[0m[2m:[0m [2msmithay::wayland::output::handlers[0m[2m:[0m [2m/home/christoph/.cargo/registry/src/index.crates.io-1949cf8c6b5b557f/smithay-0.7.0/src/wayland/output/handlers.rs[0m[2m:[0m[2m50:[0m new
[2m2026-09-25T18:28:04.563349Z[0m [33m WARN[0m ThreadId(01) [1moutput_bind[0m[1m{[0m[3mname[0m[2m=[0m"1_nested"[1m}[0m[2m:[0m [2msmithay::wayland::output::handlers[0m[2m:[0m [2m/home/christoph/.cargo/registry/src/index.crates.io-1949cf8c6b5b557f/smithay-0.7.0/src/wayland/output/handlers.rs[0m[2m:[0m[2m62:[0m Output is used with not preferred mode set
[2m2026-09-25T18:28:04.563371Z[0m [33m WARN[0m ThreadId(01) [1moutput_bind[0m[1m{[0m[3mname[0m[2m=[0m"1_nested"[1m}[0m[2m:[0m [2msmithay::wayland::output::handlers[0m[2m:[0m [2m/home/christoph/.cargo/registry/src/index.crates.io-1949cf8c6b5b557f/smithay-0.7.0/src/wayland/output/handlers.rs[0m[2m:[0m[2m50:[0m close [3mtime.busy[0m[2m=[0m25.8µs [3mtime.idle[0m[2m=[0m25.8µs
[2m2026-09-25T18:28:04.563404Z[0m [32m INFO[0m ThreadId(01) [1minput_seat[0m[1m{[0m[3mname[0m[2m=[0m"wprs"[1m}[0m[2m:[0m[1madd_keyboard[0m[1m{[0m[3mxkb_config[0m[2m=[0mXkbConfig { rules: "", model: "", layout: "", variant: "", options: None } [3mrepeat_delay[0m[2m=[0m200 [3mrepeat_rate[0m[2m=[0m200[1m}[0m[2m:[0m[1minput_keyboard[0m[2m:[0m[1mnew_kbd[0m[1m{[0m[3mkbd[0m[2m=[0mWlKeyboard { id: ObjectId(wl_keyboard@15[1], 15), version: 9, data: Some(Any { .. }), handle: WeakHandle { handle: WeakInnerHandle[rs] { .. } } }[1m}[0m[2m:[0m [2msmithay::wayland::seat::keyboard[0m[2m:[0m [2m/home/christoph/.cargo/registry/src/index.crates.io-1949cf8c6b5b557f/smithay-0.7.0/src/wayland/seat/keyboard.rs[0m[2m:[0m[2m53:[0m new
[2m2026-09-25T18:28:04.563434Z[0m [32m INFO[0m ThreadId(01) [1minput_seat[0m[1m{[0m[3mname[0m[2m=[0m"wprs"[1m}[0m[2m:[0m[1madd_keyboard[0m[1m{[0m[3mxkb_config[0m[2m=[0mXkbConfig { rules: "", model: "", layout: "", variant: "", options: None } [3mrepeat_delay[0m[2m=[0m200 [3mrepeat_rate[0m[2m=[0m200[1m}[0m[2m:[0m[1minput_keyboard[0m[2m:[0m[1mnew_kbd[0m[1m{[0m[3mkbd[0m[2m=[0mWlKeyboard { id: ObjectId(wl_keyboard@15[1], 15), version: 9, data: Some(Any { .. }), handle: WeakHandle { handle: WeakInnerHandle[rs] { .. } } }[1m}[0m[2m:[0m [2msmithay::wayland::seat::keyboard[0m[2m:[0m [2m/home/christoph/.cargo/registry/src/index.crates.io-1949cf8c6b5b557f/smithay-0.7.0/src/wayland/seat/keyboard.rs[0m[2m:[0m[2m53:[0m close [3mtime.busy[0m[2m=[0m11.1µs [3mtime.idle[0m[2m=[0m20.2µs
[2m2026-09-25T18:28:04.616546Z[0m [33m WARN[0m ThreadId(01) [1moutput_bind[0m[1m{[0m[3mname[0m[2m=[0m"1_nested"[1m}[0m[2m:[0m [2msmithay::wayland::output::handlers[0m[2m:[0m [2m/home/christoph/.cargo/registry/src/index.crates.io-1949cf8c6b5b557f/smithay-0.7.0/src/wayland/output/handlers.rs[0m[2m:[0m[2m50:[0m new
[2m2026-09-25T18:28:04.616616Z[0m [33m WARN[0m ThreadId(01) [1moutput_bind[0m[1m{[0m[3mname[0m[2m=[0m"1_nested"[1m}[0m[2m:[0m [2msmithay::wayland::output::handlers[0m[2m:[0m [2m/home/christoph/.cargo/registry/src/index.crates.io-1949cf8c6b5b557f/smithay-0.7.0/src/wayland/output/handlers.rs[0m[2m:[0m[2m62:[0m Output is used with not preferred mode set
[2m2026-09-25T18:28:04.616647Z[0m [33m WARN[0m ThreadId(01) [1moutput_bind[0m[1m{[0m[3mname[0m[2m=[0m"1_nested"[1m}[0m[2m:[0m [2msmithay::wayland::output::handlers[0m[2m:[0m [2m/home/christoph/.cargo/registry/src/index.crates.io-1949cf8c6b5b557f/smithay-0.7.0/src/wayland/output/handlers.rs[0m[2m:[0m[2m50:[0m close [3mtime.busy[0m[2m=[0m36.2µs [3mtime.idle[0m[2m=[0m65.3µs
[2m2026-09-25T18:28:04.842531Z[0m [32m INFO[0m ThreadId(01) [1minput_seat[0m[1m{[0m[3mname[0m[2m=[0m"wprs"[1m}[0m[2m:[0m[1madd_keyboard[0m[1m{[0m[3mxkb_config[0m[2m=[0mXkbConfig { rules: "", model: "", layout: "", variant: "", options: None } [3mrepeat_delay[0m[2m=[0m200 [3mrepeat_rate[0m[2m=[0m200[1m}[0m[2m:[0m[1minput_keyboard[0m[2m:[0m[1mnew_kbd[0m[1m{[0m[3mkbd[0m[2m=[0mWlKeyboard { id: ObjectId(wl_keyboard@18[2], 19), version: 9, data: Some(Any { .. }), handle: WeakHandle { handle: WeakInnerHandle[rs] { .. } } }[1m}[0m[2m:[0m [2msmithay::wayland::seat::keyboard[0m[2m:[0m [2m/home/christoph/.cargo/registry/src/index.crates.io-1949cf8c6b5b557f/smithay-0.7.0/src/wayland/seat/keyboard.rs[0m[2m:[0m[2m53:[0m new
[2m2026-09-25T18:28:04.842588Z[0m [32m INFO[0m ThreadId(01) [1minput_seat[0m[1m{[0m[3mname[0m[2m=[0m"wprs"[1m}[0m[2m:[0m[1madd_keyboard[0m[1m{[0m[3mxkb_config[0m[2m=[0mXkbConfig { rules: "", model: "", layout: "", variant: "", options: None } [3mrepeat_delay[0m[2m=[0m200 [3mrepeat_rate[0m[2m=[0m200[1m}[0m[2m:[0m[1minput_keyboard[0m[2m:[0m[1mnew_kbd[0m[1m{[0m[3mkbd[0m[2m=[0mWlKeyboard { id: ObjectId(wl_keyboard@18[2], 19), version: 9, data: Some(Any { .. }), handle: WeakHandle { handle: WeakInnerHandle[rs] { .. } } }[1m}[0m[2m:[0m [2msmithay::wayland::seat::keyboard[0m[2m:[0m [2m/home/christoph/.cargo/registry/src/index.crates.io-1949cf8c6b5b557f/smithay-0.7.0/src/wayland/seat/keyboard.rs[0m[2m:[0m[2m53:[0m close [3mtime.busy[0m[2m=[0m14.2µs [3mtime.idle[0m[2m=[0m43.4µs
[2m2026-09-25T18:28:22.721130Z[0m [33m WARN[0m ThreadId(01) [1moutput_bind[0m[1m{[0m[3mname[0m[2m=[0m"1_nested"[1m}[0m[2m:[0m [2msmithay::wayland::output::handlers[0m[2m:[0m [2m/home/christoph/.cargo/registry/src/index.crates.io-1949cf8c6b5b557f/smithay-0.7.0/src/wayland/output/handlers.rs[0m[2m:[0m[2m50:[0m new
[2m2026-09-25T18:28:22.721162Z[0m [33m WARN[0m ThreadId(01) [1moutput_bind[0m[1m{[0m[3mname[0m[2m=[0m"1_nested"[1m}[0m[2m:[0m [2msmithay::wayland::output::handlers[0m[2m:[0m [2m/home/christoph/.cargo/registry/src/index.crates.io-1949cf8c6b5b557f/smithay-0.7.0/src/wayland/output/handlers.rs[0m[2m:[0m[2m62:[0m Output is used with not preferred mode set
[2m2026-09-25T18:28:22.721182Z[0m [33m WARN[0m ThreadId(01) [1moutput_bind[0m[1m{[0m[3mname[0m[2m=[0m"1_nested"[1m}[0m[2m:[0m [2msmithay::wayland::output::handlers[0m[2m:[0m [2m/home/christoph/.cargo/registry/src/index.crates.io-1949cf8c6b5b557f/smithay-0.7.0/src/wayland/output/handlers.rs[0m[2m:[0m[2m50:[0m close [3mtime.busy[0m[2m=[0m22.5µs [3mtime.idle[0m[2m=[0m29.2µs
[2m2026-09-25T18:28:22.721216Z[0m [32m INFO[0m ThreadId(01) [1minput_seat[0m[1m{[0m[3mname[0m[2m=[0m"wprs"[1m}[0m[2m:[0m[1madd_keyboard[0m[1m{[0m[3mxkb_config[0m[2m=[0mXkbConfig { rules: "", model: "", layout: "", variant: "", options: None } [3mrepeat_delay[0m[2m=[0m200 [3mrepeat_rate[0m[2m=[0m200[1m}[0m[2m:[0m[1minput_keyboard[0m[2m:[0m[1mnew_kbd[0m[1m{[0m[3mkbd[0m[2m=[0mWlKeyboard { id: ObjectId(wl_keyboard@15[1], 15), version: 9, data: Some(Any { .. }), handle: WeakHandle { handle: WeakInnerHandle[rs] { .. } } }[1m}[0m[2m:[0m [2msmithay::wayland::seat::keyboard[0m[2m:[0m [2m/home/christoph/.cargo/registry/src/index.crates.io-1949cf8c6b5b557f/smithay-0.7.0/src/wayland/seat/keyboard.rs[0m[2m:[0m[2m53:[0m new
[2m2026-09-25T18:28:22.721249Z[0m [32m INFO[0m ThreadId(01) [1minput_seat[0m[1m{[0m[3mname[0m[2m=[0m"wprs"[1m}[0m[2m:[0m[1madd_keyboard[0m[1m{[0m[3mxkb_config[0m[2m=[0mXkbConfig { rules: "", model: "", layout: "", variant: "", options: None } [3mrepeat_delay[0m[2m=[0m200 [3mrepeat_rate[0m[2m=[0m200[1m}[0m[2m:[0m[1minput_keyboard[0m[2m:[0m[1mnew_kbd[0m[1m{[0m[3mkbd[0m[2m=[0mWlKeyboard { id: ObjectId(wl_keyboard@15[1], 15), version: 9, data: Some(Any { .. }), handle: WeakHandle { handle: WeakInnerHandle[rs] { .. } } }[1m}[0m[2m:[0m [2msmithay::wayland::seat::keyboard[0m[2m:[0m [2m/home/christoph/.cargo/registry/src/index.crates.io-1949cf8c6b5b557f/smithay-0.7.0/src/wayland/seat/keyboard.rs[0m[2m:[0m[2m53:[0m close [3mtime.busy[0m[2m=[0m9.05µs [3mtime.idle[0m[2m=[0m24.6µs
[2m2026-09-25T18:28:22.782202Z[0m [33m WARN[0m ThreadId(01) [1moutput_bind[0m[1m{[0m[3mname[0m[2m=[0m"1_nested"[1m}[0m[2m:[0m [2msmithay::wayland::output::handlers[0m[2m:[0m [2m/home/christoph/.cargo/registry/src/index.crates.io-1949cf8c6b5b557f/smithay-0.7.0/src/wayland/output/handlers.rs[0m[2m:[0m[2m50:[0m new
[2m2026-09-25T18:28:22.782265Z[0m [33m WARN[0m ThreadId(01) [1moutput_bind[0m[1m{[0m[3mname[0m[2m=[0m"1_nested"[1m}[0m[2m:[0m [2msmithay::wayland::output::handlers[0m[2m:[0m [2m/home/christoph/.cargo/registry/src/index.crates.io-1949cf8c6b5b557f/smithay-0.7.0/src/wayland/output/handlers.rs[0m[2m:[0m[2m62:[0m Output is used with not preferred mode set
[2m2026-09-25T18:28:22.782296Z[0m [33m WARN[0m ThreadId(01) [1moutput_bind[0m[1m{[0m[3mname[0m[2m=[0m"1_nested"[1m}[0m[2m:[0m [2msmithay::wayland::output::handlers[0m[2m:[0m [2m/home/christoph/.cargo/registry/src/index.crates.io-1949cf8c6b5b557f/smithay-0.7.0/src/wayland/output/handlers.rs[0m[2m:[0m[2m50:[0m close [3mtime.busy[0m[2m=[0m35.3µs [3mtime.idle[0m[2m=[0m58.2µs
[2m2026-09-25T18:28:23.005878Z[0m [32m INFO[0m ThreadId(01) [1minput_seat[0m[1m{[0m[3mname[0m[2m=[0m"wprs"[1m}[0m[2m:[0m[1madd_keyboard[0m[1m{[0m[3mxkb_config[0m[2m=[0mXkbConfig { rules: "", model: "", layout: "", variant: "", options: None } [3mrepeat_delay[0m[2m=[0m200 [3mrepeat_rate[0m[2m=[0m200[1m}[0m[2m:[0m[1minput_keyboard[0m[2m:[0m[1mnew_kbd[0m[1m{[0m[3mkbd[0m[2m=[0mWlKeyboard { id: ObjectId(wl_keyboard@18[2], 19), version: 9, data: Some(Any { .. }), handle: WeakHandle { handle: WeakInnerHandle[rs] { .. } } }[1m}[0m[2m:[0m [2msmithay::wayland::seat::keyboard[0m[2m:[0m [2m/home/christoph/.cargo/registry/src/index.crates.io-1949cf8c6b5b557f/smithay-0.7.0/src/wayland/seat/keyboard.rs[0m[2m:[0m[2m53:[0m new
[2m2026-09-25T18:28:23.005923Z[0m [32m INFO[0m ThreadId(01) [1minput_seat[0m[1m{[0m[3mname[0m[2m=[0m"wprs"[1m}[0m[2m:[0m[1madd_keyboard[0m[1m{[0m[3mxkb_config[0m[2m=[0mXkbConfig { rules: "", model: "", layout: "", variant: "", options: None } [3mrepeat_delay[0m[2m=[0m200 [3mrepeat_rate[0m[2m=[0m200[1m}[0m[2m:[0m[1minput_keyboard[0m[2m:[0m[1mnew_kbd[0m[1m{[0m[3mkbd[0m[2m=[0mWlKeyboard { id: ObjectId(wl_keyboard@18[2], 19), version: 9, data: Some(Any { .. }), handle: WeakHandle { handle: WeakInnerHandle[rs] { .. } } }[1m}[0m[2m:[0m [2msmithay::wayland::seat::keyboard[0m[2m:[0m [2m/home/christoph/.cargo/registry/src/index.crates.io-1949cf8c6b5b557f/smithay-0.7.0/src/wayland/seat/keyboard.rs[0m[2m:[0m[2m53:[0m close [3mtime.busy[0m[2m=[0m12.6µs [3mtime.idle[0m[2m=[0m33.3µs
[2m2026-09-25T18:28:57.040818Z[0m [33m WARN[0m ThreadId(01) [1moutput_bind[0m[1m{[0m[3mname[0m[2m=[0m"1_nested"[1m}[0m[2m:[0m [2msmithay::wayland::output::handlers[0m[2m:[0m [2m/home/christoph/.cargo/registry/src/index.crates.io-1949cf8c6b5b557f/smithay-0.7.0/src/wayland/output/handlers.rs[0m[2m:[0m[2m50:[0m new
[2m2026-09-25T18:28:57.040846Z[0m [33m WARN[0m ThreadId(01) [1moutput_bind[0m[1m{[0m[3mname[0m[2m=[0m"1_nested"[1m}[0m[2m:[0m [2msmithay::wayland::output::handlers[0m[2m:[0m [2m/home/christoph/.cargo/registry/src/index.crates.io-1949cf8c6b5b557f/smithay-0.7.0/src/wayland/output/handlers.rs[0m[2m:[0m[2m62:[0m Output is used with not preferred mode set
[2m2026-09-25T18:28:57.040866Z[0m [33m WARN[0m ThreadId(01) [1moutput_bind[0m[1m{[0m[3mname[0m[2m=[0m"1_nested"[1m}[0m[2m:[0m [2msmithay::wayland::output::handlers[0m[2m:[0m [2m/home/christoph/.cargo/registry/src/index.crates.io-1949cf8c6b5b557f/smithay-0.7.0/src/wayland/output/handlers.rs[0m[2m:[0m[2m50:[0m close [3mtime.busy[0m[2m=[0m23.7µs [3mtime.idle[0m[2m=[0m24.8µs
[2m2026-09-25T18:28:57.040957Z[0m [32m INFO[0m ThreadId(01) [1minput_seat[0m[1m{[0m[3mname[0m[2m=[0m"wprs"[1m}[0m[2m:[0m[1madd_keyboard[0m[1m{[0m[3mxkb_config[0m[2m=[0mXkbConfig { rules: "", model: "", layout: "", variant: "", options: None } [3mrepeat_delay[0m[2m=[0m200 [3mrepeat_rate[0m[2m=[0m200[1m}[0m[2m:[0m[1minput_keyboard[0m[2m:[0m[1mnew_kbd[0m[1m{[0m[3mkbd[0m[2m=[0mWlKeyboard { id: ObjectId(wl_keyboard@15[1], 15), version: 9, data: Some(Any { .. }), handle: WeakHandle { handle: WeakInnerHandle[rs] { .. } } }[1m}[0m[2m:[0m [2msmithay::wayland::seat::keyboard[0m[2m:[0m [2m/home/christoph/.cargo/registry/src/index.crates.io-1949cf8c6b5b557f/smithay-0.7.0/src/wayland/seat/keyboard.rs[0m[2m:[0m[2m53:[0m new
[2m2026-09-25T18:28:57.040982Z[0m [32m INFO[0m ThreadId(01) [1minput_seat[0m[1m{[0m[3mname[0m[2m=[0m"wprs"[1m}[0m[2m:[0m[1madd_keyboard[0m[1m{[0m[3mxkb_config[0m[2m=[0mXkbConfig { rules: "", model: "", layout: "", variant: "", options: None } [3mrepeat_delay[0m[2m=[0m200 [3mrepeat_rate[0m[2m=[0m200[1m}[0m[2m:[0m[1minput_keyboard[0m[2m:[0m[1mnew_kbd[0m[1m{[0m[3mkbd[0m[2m=[0mWlKeyboard { id: ObjectId(wl_keyboard@15[1], 15), version: 9, data: Some(Any { .. }), handle: WeakHandle { handle: WeakInnerHandle[rs] { .. } } }[1m}[0m[2m:[0m [2msmithay::wayland::seat::keyboard[0m[2m:[0m [2m/home/christoph/.cargo/registry/src/index.crates.io-1949cf8c6b5b557f/smithay-0.7.0/src/wayland/seat/keyboard.rs[0m[2m:[0m[2m53:[0m close [3mtime.busy[0m[2m=[0m8.62µs [3mtime.idle[0m[2m=[0m16.9µs
[2m2026-09-25T18:28:57.090827Z[0m [33m WARN[0m ThreadId(01) [1moutput_bind[0m[1m{[0m[3mname[0m[2m=[0m"1_nested"[1m}[0m[2m:[0m [2msmithay::wayland::output::handlers[0m[2m:[0m [2m/home/christoph/.cargo/registry/src/index.crates.io-1949cf8c6b5b557f/smithay-0.7.0/src/wayland/output/handlers.rs[0m[2m:[0m[2m50:[0m new
[2m2026-09-25T18:28:57.090870Z[0m [33m WARN[0m ThreadId(01) [1moutput_bind[0m[1m{[0m[3mname[0m[2m=[0m"1_nested"[1m}[0m[2m:[0m [2msmithay::wayland::output::handlers[0m[2m:[0m [2m/home/christoph/.cargo/registry/src/index.crates.io-1949cf8c6b5b557f/smithay-0.7.0/src/wayland/output/handlers.rs[0m[2m:[0m[2m62:[0m Output is used with not preferred mode set
[2m2026-09-25T18:28:57.090892Z[0m [33m WARN[0m ThreadId(01) [1moutput_bind[0m[1m{[0m[3mname[0m[2m=[0m"1_nested"[1m}[0m[2m:[0m [2msmithay::wayland::output::handlers[0m[2m:[0m [2m/home/christoph/.cargo/registry/src/index.crates.io-1949cf8c6b5b557f/smithay-0.7.0/src/wayland/output/handlers.rs[0m[2m:[0m[2m50:[0m close [3mtime.busy[0m[2m=[0m26.4µs [3mtime.idle[0m[2m=[0m38.7µs
[2m2026-09-25T18:28:57.322024Z[0m [32m INFO[0m ThreadId(01) [1minput_seat[0m[1m{[0m[3mname[0m[2m=[0m"wprs"[1m}[0m[2m:[0m[1madd_keyboard[0m[1m{[0m[3mxkb_config[0m[2m=[0mXkbConfig { rules: "", model: "", layout: "", variant: "", options: None } [3mrepeat_delay[0m[2m=[0m200 [3mrepeat_rate[0m[2m=[0m200[1m}[0m[2m:[0m[1minput_keyboard[0m[2m:[0m[1mnew_kbd[0m[1m{[0m[3mkbd[0m[2m=[0mWlKeyboard { id: ObjectId(wl_keyboard@18[2], 19), version: 9, data: Some(Any { .. }), handle: WeakHandle { handle: WeakInnerHandle[rs] { .. } } }[1m}[0m[2m:[0m [2msmithay::wayland::seat::keyboard[0m[2m:[0m [2m/home/christoph/.cargo/registry/src/index.crates.io-1949cf8c6b5b557f/smithay-0.7.0/src/wayland/seat/keyboard.rs[0m[2m:[0m[2m53:[0m new
[2m2026-09-25T18:28:57.322082Z[0m [32m INFO[0m ThreadId(01) [1minput_seat[0m[1m{[0m[3mname[0m[2m=[0m"wprs"[1m}[0m[2m:[0m[1madd_keyboard[0m[1m{[0m[3mxkb_config[0m[2m=[0mXkbConfig { rules: "", model: "", layout: "", variant: "", options: None } [3mrepeat_delay[0m[2m=[0m200 [3mrepeat_rate[0m[2m=[0m200[1m}[0m[2m:[0m[1minput_keyboard[0m[2m:[0m[1mnew_kbd[0m[1m{[0m[3mkbd[0m[2m=[0mWlKeyboard { id: ObjectId(wl_keyboard@18[2], 19), version: 9, data: Some(Any { .. }), handle: WeakHandle { handle: WeakInnerHandle[rs] { .. } } }[1m}[0m[2m:[0m [2msmithay::wayland::seat::keyboard[0m[2m:[0m [2m/home/christoph/.cargo/registry/src/index.crates.io-1949cf8c6b5b557f/smithay-0.7.0/src/wayland/seat/keyboard.rs[0m[2m:[0m[2m53:[0m close [3mtime.busy[0m[2m=[0m14.0µs [3mtime.idle[0m[2m=[0m44.5µs
[2m2026-09-25T18:33:55.517195Z[0m [32m INFO[0m ThreadId(01) [1minput_seat[0m[1m{[0m[3mname[0m[2m=[0m"wprs"[1m}[0m[2m:[0m[1madd_keyboard[0m[1m{[0m[3mxkb_config[0m[2m=[0mXkbConfig { rules: "", model: "", layout: "", variant: "", options: None } [3mrepeat_delay[0m[2m=[0m200 [3mrepeat_rate[0m[2m=[0m200[1m}[0m[2m:[0m[1minput_keyboard[0m[2m:[0m[1msend_keymap[0m[1m{[0m[3mfocus[0m[2m=[0mSome(WlSurface { id: ObjectId(wl_surface@18[0], 18), version: 5, data: Some(Any { .. }), handle: WeakHandle { handle: WeakInnerHandle[rs] { .. } } }) [3mmods[0m[2m=[0mModifiersState { ctrl: false, alt: false, shift: false, caps_lock: false, logo: false, num_lock: false, iso_level3_shift: false, iso_level5_shift: false, serialized: SerializedMods { depressed: 0, latched: 0, locked: 0, layout_effective: 0 } }[1m}[0m[2m:[0m [2msmithay::input::keyboard[0m[2m:[0m [2m/home/christoph/.cargo/registry/src/index.crates.io-1949cf8c6b5b557f/smithay-0.7.0/src/input/keyboard/mod.rs[0m[2m:[0m[2m724:[0m new
[2m2026-09-25T18:33:55.517252Z[0m [32m INFO[0m ThreadId(01) [1minput_seat[0m[1m{[0m[3mname[0m[2m=[0m"wprs"[1m}[0m[2m:[0m[1madd_keyboard[0m[1m{[0m[3mxkb_config[0m[2m=[0mXkbConfig { rules: "", model: "", layout: "", variant: "", options: None } [3mrepeat_delay[0m[2m=[0m200 [3mrepeat_rate[0m[2m=[0m200[1m}[0m[2m:[0m[1minput_keyboard[0m[2m:[0m[1msend_keymap[0m[1m{[0m[3mfocus[0m[2m=[0mSome(WlSurface { id: ObjectId(wl_surface@18[0], 18), version: 5, data: Some(Any { .. }), handle: WeakHandle { handle: WeakInnerHandle[rs] { .. } } }) [3mmods[0m[2m=[0mModifiersState { ctrl: false, alt: false, shift: false, caps_lock: false, logo: false, num_lock: false, iso_level3_shift: false, iso_level5_shift: false, serialized: SerializedMods { depressed: 0, latched: 0, locked: 0, layout_effective: 0 } }[1m}[0m[2m:[0m [2msmithay::input::keyboard[0m[2m:[0m [2m/home/christoph/.cargo/registry/src/index.crates.io-1949cf8c6b5b557f/smithay-0.7.0/src/input/keyboard/mod.rs[0m[2m:[0m[2m724:[0m close [3mtime.busy[0m[2m=[0m772ns [3mtime.idle[0m[2m=[0m56.4µs
[2m2026-09-25T18:33:55.517444Z[0m [32m INFO[0m ThreadId(01) [1minput_seat[0m[1m{[0m[3mname[0m[2m=[0m"wprs"[1m}[0m[2m:[0m[1madd_keyboard[0m[1m{[0m[3mxkb_config[0m[2m=[0mXkbConfig { rules: "", model: "", layout: "", variant: "", options: None } [3mrepeat_delay[0m[2m=[0m200 [3mrepeat_rate[0m[2m=[0m200[1m}[0m[2m:[0m[1minput_keyboard[0m[2m:[0m[1msend_keymap[0m[1m{[0m[3mfocus[0m[2m=[0mSome(WlSurface { id: ObjectId(wl_surface@18[0], 18), version: 5, data: Some(Any { .. }), handle: WeakHandle { handle: WeakInnerHandle[rs] { .. } } }) [3mmods[0m[2m=[0mModifiersState { ctrl: false, alt: false, shift: false, caps_lock: false, logo: false, num_lock: false, iso_level3_shift: false, iso_level5_shift: false, serialized: SerializedMods { depressed: 0, latched: 0, locked: 0, layout_effective: 0 } }[1m}[0m[2m:[0m [2msmithay::input::keyboard[0m[2m:[0m [2m/home/christoph/.cargo/registry/src/index.crates.io-1949cf8c6b5b557f/smithay-0.7.0/src/input/keyboard/mod.rs[0m[2m:[0m[2m724:[0m new
[2m2026-09-25T18:33:55.517490Z[0m [32m INFO[0m ThreadId(01) [1minput_seat[0m[1m{[0m[3mname[0m[2m=[0m"wprs"[1m}[0m[2m:[0m[1madd_keyboard[0m[1m{[0m[3mxkb_config[0m[2m=[0mXkbConfig { rules: "", model: "", layout: "", variant: "", options: None } [3mrepeat_delay[0m[2m=[0m200 [3mrepeat_rate[0m[2m=[0m200[1m}[0m[2m:[0m[1minput_keyboard[0m[2m:[0m[1msend_keymap[0m[1m{[0m[3mfocus[0m[2m=[0mSome(WlSurface { id: ObjectId(wl_surface@18[0], 18), version: 5, data: Some(Any { .. }), handle: WeakHandle { handle: WeakInnerHandle[rs] { .. } } }) [3mmods[0m[2m=[0mModifiersState { ctrl: false, alt: false, shift: false, caps_lock: false, logo: false, num_lock: false, iso_level3_shift: false, iso_level5_shift: false, serialized: SerializedMods { depressed: 0, latched: 0, locked: 0, layout_effective: 0 } }[1m}[0m[2m:[0m [2msmithay::input::keyboard[0m[2m:[0m [2m/home/christoph/.cargo/registry/src/index.crates.io-1949cf8c6b5b557f/smithay-0.7.0/src/input/keyboard/mod.rs[0m[2m:[0m[2m724:[0m close [3mtime.busy[0m[2m=[0m391ns [3mtime.idle[0m[2m=[0m45.4µs
[2m2026-09-25T18:33:55.517637Z[0m [32m INFO[0m ThreadId(01) [1minput_seat[0m[1m{[0m[3mname[0m[2m=[0m"wprs"[1m}[0m[2m:[0m[1madd_keyboard[0m[1m{[0m[3mxkb_config[0m[2m=[0mXkbConfig { rules: "", model: "", layout: "", variant: "", options: None } [3mrepeat_delay[0m[2m=[0m200 [3mrepeat_rate[0m[2m=[0m200[1m}[0m[2m:[0m[1minput_keyboard[0m[2m:[0m[1msend_keymap[0m[1m{[0m[3mfocus[0m[2m=[0mSome(WlSurface { id: ObjectId(wl_surface@18[0], 18), version: 5, data: Some(Any { .. }), handle: WeakHandle { handle: WeakInnerHandle[rs] { .. } } }) [3mmods[0m[2m=[0mModifiersState { ctrl: false, alt: false, shift: false, caps_lock: false, logo: false, num_lock: false, iso_level3_shift: false, iso_level5_shift: false, serialized: SerializedMods { depressed: 0, latched: 0, locked: 0, layout_effective: 0 } }[1m}[0m[2m:[0m [2msmithay::input::keyboard[0m[2m:[0m [2m/home/christoph/.cargo/registry/src/index.crates.io-1949cf8c6b5b557f/smithay-0.7.0/src/input/keyboard/mod.rs[0m[2m:[0m[2m724:[0m new
[2m2026-09-25T18:33:55.517694Z[0m [32m INFO[0m ThreadId(01) [1minput_seat[0m[1m{[0m[3mname[0m[2m=[0m"wprs"[1m}[0m[2m:[0m[1madd_keyboard[0m[1m{[0m[3mxkb_config[0m[2m=[0mXkbConfig { rules: "", model: "", layout: "", variant: "", options: None } [3mrepeat_delay[0m[2m=[0m200 [3mrepeat_rate[0m[2m=[0m200[1m}[0m[2m:[0m[1minput_keyboard[0m[2m:[0m[1msend_keymap[0m[1m{[0m[3mfocus[0m[2m=[0mSome(WlSurface { id: ObjectId(wl_surface@18[0], 18), version: 5, data: Some(Any { .. }), handle: WeakHandle { handle: WeakInnerHandle[rs] { .. } } }) [3mmods[0m[2m=[0mModifiersState { ctrl: false, alt: false, shift: false, caps_lock: false, logo: false, num_lock: false, iso_level3_shift: false, iso_level5_shift: false, serialized: SerializedMods { depressed: 0, latched: 0, locked: 0, layout_effective: 0 } }[1m}[0m[2m:[0m [2msmithay::input::keyboard[0m[2m:[0m [2m/home/christoph/.cargo/registry/src/index.crates.io-1949cf8c6b5b557f/smithay-0.7.0/src/input/keyboard/mod.rs[0m[2m:[0m[2m724:[0m close [3mtime.busy[0m[2m=[0m350ns [3mtime.idle[0m[2m=[0m57.1µs
[2m2026-09-25T18:33:55.517858Z[0m [32m INFO[0m ThreadId(01) [1minput_seat[0m[1m{[0m[3mname[0m[2m=[0m"wprs"[1m}[0m[2m:[0m[1madd_keyboard[0m[1m{[0m[3mxkb_config[0m[2m=[0mXkbConfig { rules: "", model: "", layout: "", variant: "", options: None } [3mrepeat_delay[0m[2m=[0m200 [3mrepeat_rate[0m[2m=[0m200[1m}[0m[2m:[0m[1minput_keyboard[0m[2m:[0m[1msend_keymap[0m[1m{[0m[3mfocus[0m[2m=[0mSome(WlSurface { id: ObjectId(wl_surface@18[0], 18), version: 5, data: Some(Any { .. }), handle: WeakHandle { handle: WeakInnerHandle[rs] { .. } } }) [3mmods[0m[2m=[0mModifiersState { ctrl: false, alt: false, shift: false, caps_lock: false, logo: false, num_lock: false, iso_level3_shift: false, iso_level5_shift: false, serialized: SerializedMods { depressed: 0, latched: 0, locked: 0, layout_effective: 0 } }[1m}[0m[2m:[0m [2msmithay::input::keyboard[0m[2m:[0m [2m/home/christoph/.cargo/registry/src/index.crates.io-1949cf8c6b5b557f/smithay-0.7.0/src/input/keyboard/mod.rs[0m[2m:[0m[2m724:[0m new
[2m2026-09-25T18:33:55.517892Z[0m [32m INFO[0m ThreadId(01) [1minput_seat[0m[1m{[0m[3mname[0m[2m=[0m"wprs"[1m}[0m[2m:[0m[1madd_keyboard[0m[1m{[0m[3mxkb_config[0m[2m=[0mXkbConfig { rules: "", model: "", layout: "", variant: "", options: None } [3mrepeat_delay[0m[2m=[0m200 [3mrepeat_rate[0m[2m=[0m200[1m}[0m[2m:[0m[1minput_keyboard[0m[2m:[0m[1msend_keymap[0m[1m{[0m[3mfocus[0m[2m=[0mSome(WlSurface { id: ObjectId(wl_surface@18[0], 18), version: 5, data: Some(Any { .. }), handle: WeakHandle { handle: WeakInnerHandle[rs] { .. } } }) [3mmods[0m[2m=[0mModifiersState { ctrl: false, alt: false, shift: false, caps_lock: false, logo: false, num_lock: false, iso_level3_shift: false, iso_level5_shift: false, serialized: SerializedMods { depressed: 0, latched: 0, locked: 0, layout_effective: 0 } }[1m}[0m[2m:[0m [2msmithay::input::keyboard[0m[2m:[0m [2m/home/christoph/.cargo/registry/src/index.crates.io-1949cf8c6b5b557f/smithay-0.7.0/src/input/keyboard/mod.rs[0m[2m:[0m[2m724:[0m close [3mtime.busy[0m[2m=[0m431ns [3mtime.idle[0m[2m=[0m33.0µs
[2m2026-09-25T18:33:55.518067Z[0m [32m INFO[0m ThreadId(01) [1minput_seat[0m[1m{[0m[3mname[0m[2m=[0m"wprs"[1m}[0m[2m:[0m[1madd_keyboard[0m[1m{[0m[3mxkb_config[0m[2m=[0mXkbConfig { rules: "", model: "", layout: "", variant: "", options: None } [3mrepeat_delay[0m[2m=[0m200 [3mrepeat_rate[0m[2m=[0m200[1m}[0m[2m:[0m[1minput_keyboard[0m[2m:[0m[1msend_keymap[0m[1m{[0m[3mfocus[0m[2m=[0mSome(WlSurface { id: ObjectId(wl_surface@18[0], 18), version: 5, data: Some(Any { .. }), handle: WeakHandle { handle: WeakInnerHandle[rs] { .. } } }) [3mmods[0m[2m=[0mModifiersState { ctrl: false, alt: false, shift: false, caps_lock: false, logo: false, num_lock: false, iso_level3_shift: false, iso_level5_shift: false, serialized: SerializedMods { depressed: 0, latched: 0, locked: 0, layout_effective: 0 } }[1m}[0m[2m:[0m [2msmithay::input::keyboard[0m[2m:[0m [2m/home/christoph/.cargo/registry/src/index.crates.io-1949cf8c6b5b557f/smithay-0.7.0/src/input/keyboard/mod.rs[0m[2m:[0m[2m724:[0m new
[2m2026-09-25T18:33:55.518113Z[0m [32m INFO[0m ThreadId(01) [1minput_seat[0m[1m{[0m[3mname[0m[2m=[0m"wprs"[1m}[0m[2m:[0m[1madd_keyboard[0m[1m{[0m[3mxkb_config[0m[2m=[0mXkbConfig { rules: "", model: "", layout: "", variant: "", options: None } [3mrepeat_delay[0m[2m=[0m200 [3mrepeat_rate[0m[2m=[0m200[1m}[0m[2m:[0m[1minput_keyboard[0m[2m:[0m[1msend_keymap[0m[1m{[0m[3mfocus[0m[2m=[0mSome(WlSurface { id: ObjectId(wl_surface@18[0], 18), version: 5, data: Some(Any { .. }), handle: WeakHandle { handle: WeakInnerHandle[rs] { .. } } }) [3mmods[0m[2m=[0mModifiersState { ctrl: false, alt: false, shift: false, caps_lock: false, logo: false, num_lock: false, iso_level3_shift: false, iso_level5_shift: false, serialized: SerializedMods { depressed: 0, latched: 0, locked: 0, layout_effective: 0 } }[1m}[0m[2m:[0m [2msmithay::input::keyboard[0m[2m:[0m [2m/home/christoph/.cargo/registry/src/index.crates.io-1949cf8c6b5b557f/smithay-0.7.0/src/input/keyboard/mod.rs[0m[2m:[0m[2m724:[0m close [3mtime.busy[0m[2m=[0m421ns [3mtime.idle[0m[2m=[0m45.8µs
[2m2026-09-25T18:33:55.518300Z[0m [32m INFO[0m ThreadId(01) [1minput_seat[0m[1m{[0m[3mname[0m[2m=[0m"wprs"[1m}[0m[2m:[0m[1madd_keyboard[0m[1m{[0m[3mxkb_config[0m[2m=[0mXkbConfig { rules: "", model: "", layout: "", variant: "", options: None } [3mrepeat_delay[0m[2m=[0m200 [3mrepeat_rate[0m[2m=[0m200[1m}[0m[2m:[0m[1minput_keyboard[0m[2m:[0m[1msend_keymap[0m[1m{[0m[3mfocus[0m[2m=[0mSome(WlSurface { id: ObjectId(wl_surface@18[0], 18), version: 5, data: Some(Any { .. }), handle: WeakHandle { handle: WeakInnerHandle[rs] { .. } } }) [3mmods[0m[2m=[0mModifiersState { ctrl: false, alt: false, shift: false, caps_lock: false, logo: false, num_lock: false, iso_level3_shift: false, iso_level5_shift: false, serialized: SerializedMods { depressed: 0, latched: 0, locked: 0, layout_effective: 0 } }[1m}[0m[2m:[0m [2msmithay::input::keyboard[0m[2m:[0m [2m/home/christoph/.cargo/registry/src/index.crates.io-1949cf8c6b5b557f/smithay-0.7.0/src/input/keyboard/mod.rs[0m[2m:[0m[2m724:[0m new
[2m2026-09-25T18:33:55.518348Z[0m [32m INFO[0m ThreadId(01) [1minput_seat[0m[1m{[0m[3mname[0m[2m=[0m"wprs"[1m}[0m[2m:[0m[1madd_keyboard[0m[1m{[0m[3mxkb_config[0m[2m=[0mXkbConfig { rules: "", model: "", layout: "", variant: "", options: None } [3mrepeat_delay[0m[2m=[0m200 [3mrepeat_rate[0m[2m=[0m200[1m}[0m[2m:[0m[1minput_keyboard[0m[2m:[0m[1msend_keymap[0m[1m{[0m[3mfocus[0m[2m=[0mSome(WlSurface { id: ObjectId(wl_surface@18[0], 18), version: 5, data: Some(Any { .. }), handle: WeakHandle { handle: WeakInnerHandle[rs] { .. } } }) [3mmods[0m[2m=[0mModifiersState { ctrl: false, alt: false, shift: false, caps_lock: false, logo: false, num_lock: false, iso_level3_shift: false, iso_level5_shift: false, serialized: SerializedMods { depressed: 0, latched: 0, locked: 0, layout_effective: 0 } }[1m}[0m[2m:[0m [2msmithay::input::keyboard[0m[2m:[0m [2m/home/christoph/.cargo/registry/src/index.crates.io-1949cf8c6b5b557f/smithay-0.7.0/src/input/keyboard/mod.rs[0m[2m:[0m[2m724:[0m close [3mtime.busy[0m[2m=[0m471ns [3mtime.idle[0m[2m=[0m48.0µs
[2m2026-09-25T18:33:55.518493Z[0m [32m INFO[0m ThreadId(01) [1minput_seat[0m[1m{[0m[3mname[0m[2m=[0m"wprs"[1m}[0m[2m:[0m[1madd_keyboard[0m[1m{[0m[3mxkb_config[0m[2m=[0mXkbConfig { rules: "", model: "", layout: "", variant: "", options: None } [3mrepeat_delay[0m[2m=[0m200 [3mrepeat_rate[0m[2m=[0m200[1m}[0m[2m:[0m[1minput_keyboard[0m[2m:[0m[1msend_keymap[0m[1m{[0m[3mfocus[0m[2m=[0mSome(WlSurface { id: ObjectId(wl_surface@18[0], 18), version: 5, data: Some(Any { .. }), handle: WeakHandle { handle: WeakInnerHandle[rs] { .. } } }) [3mmods[0m[2m=[0mModifiersState { ctrl: false, alt: false, shift: false, caps_lock: false, logo: false, num_lock: false, iso_level3_shift: false, iso_level5_shift: false, serialized: SerializedMods { depressed: 0, latched: 0, locked: 0, layout_effective: 0 } }[1m}[0m[2m:[0m [2msmithay::input::keyboard[0m[2m:[0m [2m/home/christoph/.cargo/registry/src/index.crates.io-1949cf8c6b5b557f/smithay-0.7.0/src/input/keyboard/mod.rs[0m[2m:[0m[2m724:[0m new
[2m2026-09-25T18:33:55.518517Z[0m [32m INFO[0m ThreadId(01) [1minput_seat[0m[1m{[0m[3mname[0m[2m=[0m"wprs"[1m}[0m[2m:[0m[1madd_keyboard[0m[1m{[0m[3mxkb_config[0m[2m=[0mXkbConfig { rules: "", model: "", layout: "", variant: "", options: None } [3mrepeat_delay[0m[2m=[0m200 [3mrepeat_rate[0m[2m=[0m200[1m}[0m[2m:[0m[1minput_keyboard[0m[2m:[0m[1msend_keymap[0m[1m{[0m[3mfocus[0m[2m=[0mSome(WlSurface { id: ObjectId(wl_surface@18[0], 18), version: 5, data: Some(Any { .. }), handle: WeakHandle { handle: WeakInnerHandle[rs] { .. } } }) [3mmods[0m[2m=[0mModifiersState { ctrl: false, alt: false, shift: false, caps_lock: false, logo: false, num_lock: false, iso_level3_shift: false, iso_level5_shift: false, serialized: SerializedMods { depressed: 0, latched: 0, locked: 0, layout_effective: 0 } }[1m}[0m[2m:[0m [2msmithay::input::keyboard[0m[2m:[0m [2m/home/christoph/.cargo/registry/src/index.crates.io-1949cf8c6b5b557f/smithay-0.7.0/src/input/keyboard/mod.rs[0m[2m:[0m[2m724:[0m close [3mtime.busy[0m[2m=[0m321ns [3mtime.idle[0m[2m=[0m24.2µs
[2m2026-09-25T18:33:55.518652Z[0m [32m INFO[0m ThreadId(01) [1minput_seat[0m[1m{[0m[3mname[0m[2m=[0m"wprs"[1m}[0m[2m:[0m[1madd_keyboard[0m[1m{[0m[3mxkb_config[0m[2m=[0mXkbConfig { rules: "", model: "", layout: "", variant: "", options: None } [3mrepeat_delay[0m[2m=[0m200 [3mrepeat_rate[0m[2m=[0m200[1m}[0m[2m:[0m[1minput_keyboard[0m[2m:[0m[1msend_keymap[0m[1m{[0m[3mfocus[0m[2m=[0mSome(WlSurface { id: ObjectId(wl_surface@18[0], 18), version: 5, data: Some(Any { .. }), handle: WeakHandle { handle: WeakInnerHandle[rs] { .. } } }) [3mmods[0m[2m=[0mModifiersState { ctrl: false, alt: false, shift: false, caps_lock: false, logo: false, num_lock: false, iso_level3_shift: false, iso_level5_shift: false, serialized: SerializedMods { depressed: 0, latched: 0, locked: 0, layout_effective: 0 } }[1m}[0m[2m:[0m [2msmithay::input::keyboard[0m[2m:[0m [2m/home/christoph/.cargo/registry/src/index.crates.io-1949cf8c6b5b557f/smithay-0.7.0/src/input/keyboard/mod.rs[0m[2m:[0m[2m724:[0m new
[2m2026-09-25T18:33:55.518698Z[0m [32m INFO[0m ThreadId(01) [1minput_seat[0m[1m{[0m[3mname[0m[2m=[0m"wprs"[1m}[0m[2m:[0m[1madd_keyboard[0m[1m{[0m[3mxkb_config[0m[2m=[0mXkbConfig { rules: "", model: "", layout: "", variant: "", options: None } [3mrepeat_delay[0m[2m=[0m200 [3mrepeat_rate[0m[2m=[0m200[1m}[0m[2m:[0m[1minput_keyboard[0m[2m:[0m[1msend_keymap[0m[1m{[0m[3mfocus[0m[2m=[0mSome(WlSurface { id: ObjectId(wl_surface@18[0], 18), version: 5, data: Some(Any { .. }), handle: WeakHandle { handle: WeakInnerHandle[rs] { .. } } }) [3mmods[0m[2m=[0mModifiersState { ctrl: false, alt: false, shift: false, caps_lock: false, logo: false, num_lock: false, iso_level3_shift: false, iso_level5_shift: false, serialized: SerializedMods { depressed: 0, latched: 0, locked: 0, layout_effective: 0 } }[1m}[0m[2m:[0m [2msmithay::input::keyboard[0m[2m:[0m [2m/home/christoph/.cargo/registry/src/index.crates.io-1949cf8c6b5b557f/smithay-0.7.0/src/input/keyboard/mod.rs[0m[2m:[0m[2m724:[0m close [3mtime.busy[0m[2m=[0m391ns [3mtime.idle[0m[2m=[0m45.2µs
[2m2026-09-25T18:33:55.518771Z[0m [32m INFO[0m ThreadId(01) [1minput_seat[0m[1m{[0m[3mname[0m[2m=[0m"wprs"[1m}[0m[2m:[0m[1madd_keyboard[0m[1m{[0m[3mxkb_config[0m[2m=[0mXkbConfig { rules: "", model: "", layout: "", variant: "", options: None } [3mrepeat_delay[0m[2m=[0m200 [3mrepeat_rate[0m[2m=[0m200[1m}[0m[2m:[0m[1minput_keyboard[0m[2m:[0m[1msend_keymap[0m[1m{[0m[3mfocus[0m[2m=[0mSome(WlSurface { id: ObjectId(wl_surface@18[0], 18), version: 5, data: Some(Any { .. }), handle: WeakHandle { handle: WeakInnerHandle[rs] { .. } } }) [3mmods[0m[2m=[0mModifiersState { ctrl: false, alt: false, shift: false, caps_lock: false, logo: false, num_lock: false, iso_level3_shift: false, iso_level5_shift: false, serialized: SerializedMods { depressed: 0, latched: 0, locked: 0, layout_effective: 0 } }[1m}[0m[2m:[0m [2msmithay::input::keyboard[0m[2m:[0m [2m/home/christoph/.cargo/registry/src/index.crates.io-1949cf8c6b5b557f/smithay-0.7.0/src/input/keyboard/mod.rs[0m[2m:[0m[2m724:[0m new
[2m2026-09-25T18:33:55.518784Z[0m [32m INFO[0m ThreadId(01) [1minput_seat[0m[1m{[0m[3mname[0m[2m=[0m"wprs"[1m}[0m[2m:[0m[1madd_keyboard[0m[1m{[0m[3mxkb_config[0m[2m=[0mXkbConfig { rules: "", model: "", layout: "", variant: "", options: None } [3mrepeat_delay[0m[2m=[0m200 [3mrepeat_rate[0m[2m=[0m200[1m}[0m[2m:[0m[1minput_keyboard[0m[2m:[0m[1msend_keymap[0m[1m{[0m[3mfocus[0m[2m=[0mSome(WlSurface { id: ObjectId(wl_surface@18[0], 18), version: 5, data: Some(Any { .. }), handle: WeakHandle { handle: WeakInnerHandle[rs] { .. } } }) [3mmods[0m[2m=[0mModifiersState { ctrl: false, alt: false, shift: false, caps_lock: false, logo: false, num_lock: false, iso_level3_shift: false, iso_level5_shift: false, serialized: SerializedMods { depressed: 0, latched: 0, locked: 0, layout_effective: 0 } }[1m}[0m[2m:[0m [2msmithay::input::keyboard[0m[2m:[0m [2m/home/christoph/.cargo/registry/src/index.crates.io-1949cf8c6b5b557f/smithay-0.7.0/src/input/keyboard/mod.rs[0m[2m:[0m[2m724:[0m close [3mtime.busy[0m[2m=[0m211ns [3mtime.idle[0m[2m=[0m12.9µs
[2m2026-09-25T18:33:55.518861Z[0m [32m INFO[0m ThreadId(01) [1minput_seat[0m[1m{[0m[3mname[0m[2m=[0m"wprs"[1m}[0m[2m:[0m[1madd_keyboard[0m[1m{[0m[3mxkb_config[0m[2m=[0mXkbConfig { rules: "", model: "", layout: "", variant: "", options: None } [3mrepeat_delay[0m[2m=[0m200 [3mrepeat_rate[0m[2m=[0m200[1m}[0m[2m:[0m[1minput_keyboard[0m[2m:[0m[1msend_keymap[0m[1m{[0m[3mfocus[0m[2m=[0mSome(WlSurface { id: ObjectId(wl_surface@18[0], 18), version: 5, data: Some(Any { .. }), handle: WeakHandle { handle: WeakInnerHandle[rs] { .. } } }) [3mmods[0m[2m=[0mModifiersState { ctrl: false, alt: false, shift: false, caps_lock: false, logo: false, num_lock: false, iso_level3_shift: false, iso_level5_shift: false, serialized: SerializedMods { depressed: 0, latched: 0, locked: 0, layout_effective: 0 } }[1m}[0m[2m:[0m [2msmithay::input::keyboard[0m[2m:[0m [2m/home/christoph/.cargo/registry/src/index.crates.io-1949cf8c6b5b557f/smithay-0.7.0/src/input/keyboard/mod.rs[0m[2m:[0m[2m724:[0m new
[2m2026-09-25T18:33:55.518878Z[0m [32m INFO[0m ThreadId(01) [1minput_seat[0m[1m{[0m[3mname[0m[2m=[0m"wprs"[1m}[0m[2m:[0m[1madd_keyboard[0m[1m{[0m[3mxkb_config[0m[2m=[0mXkbConfig { rules: "", model: "", layout: "", variant: "", options: None } [3mrepeat_delay[0m[2m=[0m200 [3mrepeat_rate[0m[2m=[0m200[1m}[0m[2m:[0m[1minput_keyboard[0m[2m:[0m[1msend_keymap[0m[1m{[0m[3mfocus[0m[2m=[0mSome(WlSurface { id: ObjectId(wl_surface@18[0], 18), version: 5, data: Some(Any { .. }), handle: WeakHandle { handle: WeakInnerHandle[rs] { .. } } }) [3mmods[0m[2m=[0mModifiersState { ctrl: false, alt: false, shift: false, caps_lock: false, logo: false, num_lock: false, iso_level3_shift: false, iso_level5_shift: false, serialized: SerializedMods { depressed: 0, latched: 0, locked: 0, layout_effective: 0 } }[1m}[0m[2m:[0m [2msmithay::input::keyboard[0m[2m:[0m [2m/home/christoph/.cargo/registry/src/index.crates.io-1949cf8c6b5b557f/smithay-0.7.0/src/input/keyboard/mod.rs[0m[2m:[0m[2m724:[0m close [3mtime.busy[0m[2m=[0m220ns [3mtime.idle[0m[2m=[0m16.6µs
[2m2026-09-25T18:33:55.518951Z[0m [32m INFO[0m ThreadId(01) [1minput_seat[0m[1m{[0m[3mname[0m[2m=[0m"wprs"[1m}[0m[2m:[0m[1madd_keyboard[0m[1m{[0m[3mxkb_config[0m[2m=[0mXkbConfig { rules: "", model: "", layout: "", variant: "", options: None } [3mrepeat_delay[0m[2m=[0m200 [3mrepeat_rate[0m[2m=[0m200[1m}[0m[2m:[0m[1minput_keyboard[0m[2m:[0m[1msend_keymap[0m[1m{[0m[3mfocus[0m[2m=[0mSome(WlSurface { id: ObjectId(wl_surface@18[0], 18), version: 5, data: Some(Any { .. }), handle: WeakHandle { handle: WeakInnerHandle[rs] { .. } } }) [3mmods[0m[2m=[0mModifiersState { ctrl: false, alt: false, shift: false, caps_lock: false, logo: false, num_lock: false, iso_level3_shift: false, iso_level5_shift: false, serialized: SerializedMods { depressed: 0, latched: 0, locked: 0, layout_effective: 0 } }[1m}[0m[2m:[0m [2msmithay::input::keyboard[0m[2m:[0m [2m/home/christoph/.cargo/registry/src/index.crates.io-1949cf8c6b5b557f/smithay-0.7.0/src/input/keyboard/mod.rs[0m[2m:[0m[2m724:[0m new
[2m2026-09-25T18:33:55.518975Z[0m [32m INFO[0m ThreadId(01) [1minput_seat[0m[1m{[0m[3mname[0m[2m=[0m"wprs"[1m}[0m[2m:[0m[1madd_keyboard[0m[1m{[0m[3mxkb_config[0m[2m=[0mXkbConfig { rules: "", model: "", layout: "", variant: "", options: None } [3mrepeat_delay[0m[2m=[0m200 [3mrepeat_rate[0m[2m=[0m200[1m}[0m[2m:[0m[1minput_keyboard[0m[2m:[0m[1msend_keymap[0m[1m{[0m[3mfocus[0m[2m=[0mSome(WlSurface { id: ObjectId(wl_surface@18[0], 18), version: 5, data: Some(Any { .. }), handle: WeakHandle { handle: WeakInnerHandle[rs] { .. } } }) [3mmods[0m[2m=[0mModifiersState { ctrl: false, alt: false, shift: false, caps_lock: false, logo: false, num_lock: false, iso_level3_shift: false, iso_level5_shift: false, serialized: SerializedMods { depressed: 0, latched: 0, locked: 0, layout_effective: 0 } }[1m}[0m[2m:[0m [2msmithay::input::keyboard[0m[2m:[0m [2m/home/christoph/.cargo/registry/src/index.crates.io-1949cf8c6b5b557f/smithay-0.7.0/src/input/keyboard/mod.rs[0m[2m:[0m[2m724:[0m close [3mtime.busy[0m[2m=[0m210ns [3mtime.idle[0m[2m=[0m23.8µs
[2m2026-09-25T18:33:55.519045Z[0m [32m INFO[0m ThreadId(01) [1minput_seat[0m[1m{[0m[3mname[0m[2m=[0m"wprs"[1m}[0m[2m:[0m[1madd_keyboard[0m[1m{[0m[3mxkb_config[0m[2m=[0mXkbConfig { rules: "", model: "", layout: "", variant: "", options: None } [3mrepeat_delay[0m[2m=[0m200 [3mrepeat_rate[0m[2m=[0m200[1m}[0m[2m:[0m[1minput_keyboard[0m[2m:[0m[1msend_keymap[0m[1m{[0m[3mfocus[0m[2m=[0mSome(WlSurface { id: ObjectId(wl_surface@18[0], 18), version: 5, data: Some(Any { .. }), handle: WeakHandle { handle: WeakInnerHandle[rs] { .. } } }) [3mmods[0m[2m=[0mModifiersState { ctrl: false, alt: false, shift: false, caps_lock: false, logo: false, num_lock: false, iso_level3_shift: false, iso_level5_shift: false, serialized: SerializedMods { depressed: 0, latched: 0, locked: 0, layout_effective: 0 } }[1m}[0m[2m:[0m [2msmithay::input::keyboard[0m[2m:[0m [2m/home/christoph/.cargo/registry/src/index.crates.io-1949cf8c6b5b557f/smithay-0.7.0/src/input/keyboard/mod.rs[0m[2m:[0m[2m724:[0m new
[2m2026-09-25T18:33:55.519058Z[0m [32m INFO[0m ThreadId(01) [1minput_seat[0m[1m{[0m[3mname[0m[2m=[0m"wprs"[1m}[0m[2m:[0m[1madd_keyboard[0m[1m{[0m[3mxkb_config[0m[2m=[0mXkbConfig { rules: "", model: "", layout: "", variant: "", options: None } [3mrepeat_delay[0m[2m=[0m200 [3mrepeat_rate[0m[2m=[0m200[1m}[0m[2m:[0m[1minput_keyboard[0m[2m:[0m[1msend_keymap[0m[1m{[0m[3mfocus[0m[2m=[0mSome(WlSurface { id: ObjectId(wl_surface@18[0], 18), version: 5, data: Some(Any { .. }), handle: WeakHandle { handle: WeakInnerHandle[rs] { .. } } }) [3mmods[0m[2m=[0mModifiersState { ctrl: false, alt: false, shift: false, caps_lock: false, logo: false, num_lock: false, iso_level3_shift: false, iso_level5_shift: false, serialized: SerializedMods { depressed: 0, latched: 0, locked: 0, layout_effective: 0 } }[1m}[0m[2m:[0m [2msmithay::input::keyboard[0m[2m:[0m [2m/home/christoph/.cargo/registry/src/index.crates.io-1949cf8c6b5b557f/smithay-0.7.0/src/input/keyboard/mod.rs[0m[2m:[0m[2m724:[0m close [3mtime.busy[0m[2m=[0m180ns [3mtime.idle[0m[2m=[0m13.4µs
[2m2026-09-25T18:33:55.519120Z[0m [32m INFO[0m ThreadId(01) [1minput_seat[0m[1m{[0m[3mname[0m[2m=[0m"wprs"[1m}[0m[2m:[0m[1madd_keyboard[0m[1m{[0m[3mxkb_config[0m[2m=[0mXkbConfig { rules: "", model: "", layout: "", variant: "", options: None } [3mrepeat_delay[0m[2m=[0m200 [3mrepeat_rate[0m[2m=[0m200[1m}[0m[2m:[0m[1minput_keyboard[0m[2m:[0m[1msend_keymap[0m[1m{[0m[3mfocus[0m[2m=[0mSome(WlSurface { id: ObjectId(wl_surface@18[0], 18), version: 5, data: Some(Any { .. }), handle: WeakHandle { handle: WeakInnerHandle[rs] { .. } } }) [3mmods[0m[2m=[0mModifiersState { ctrl: false, alt: false, shift: false, caps_lock: false, logo: false, num_lock: false, iso_level3_shift: false, iso_level5_shift: false, serialized: SerializedMods { depressed: 0, latched: 0, locked: 0, layout_effective: 0 } }[1m}[0m[2m:[0m [2msmithay::input::keyboard[0m[2m:[0m [2m/home/christoph/.cargo/registry/src/index.crates.io-1949cf8c6b5b557f/smithay-0.7.0/src/input/keyboard/mod.rs[0m[2m:[0m[2m724:[0m new
[2m2026-09-25T18:33:55.519137Z[0m [32m INFO[0m ThreadId(01) [1minput_seat[0m[1m{[0m[3mname[0m[2m=[0m"wprs"[1m}[0m[2m:[0m[1madd_keyboard[0m[1m{[0m[3mxkb_config[0m[2m=[0mXkbConfig { rules: "", model: "", layout: "", variant: "", options: None } [3mrepeat_delay[0m[2m=[0m200 [3mrepeat_rate[0m[2m=[0m200[1m}[0m[2m:[0m[1minput_keyboard[0m[2m:[0m[1msend_keymap[0m[1m{[0m[3mfocus[0m[2m=[0mSome(WlSurface { id: ObjectId(wl_surface@18[0], 18), version: 5, data: Some(Any { .. }), handle: WeakHandle { handle: WeakInnerHandle[rs] { .. } } }) [3mmods[0m[2m=[0mModifiersState { ctrl: false, alt: false, shift: false, caps_lock: false, logo: false, num_lock: false, iso_level3_shift: false, iso_level5_shift: false, serialized: SerializedMods { depressed: 0, latched: 0, locked: 0, layout_effective: 0 } }[1m}[0m[2m:[0m [2msmithay::input::keyboard[0m[2m:[0m [2m/home/christoph/.cargo/registry/src/index.crates.io-1949cf8c6b5b557f/smithay-0.7.0/src/input/keyboard/mod.rs[0m[2m:[0m[2m724:[0m close [3mtime.busy[0m[2m=[0m170ns [3mtime.idle[0m[2m=[0m17.2µs
[2m2026-09-25T18:33:55.519200Z[0m [32m INFO[0m ThreadId(01) [1minput_seat[0m[1m{[0m[3mname[0m[2m=[0m"wprs"[1m}[0m[2m:[0m[1madd_keyboard[0m[1m{[0m[3mxkb_config[0m[2m=[0mXkbConfig { rules: "", model: "", layout: "", variant: "", options: None } [3mrepeat_delay[0m[2m=[0m200 [3mrepeat_rate[0m[2m=[0m200[1m}[0m[2m:[0m[1minput_keyboard[0m[2m:[0m[1msend_keymap[0m[1m{[0m[3mfocus[0m[2m=[0mSome(WlSurface { id: ObjectId(wl_surface@18[0], 18), version: 5, data: Some(Any { .. }), handle: WeakHandle { handle: WeakInnerHandle[rs] { .. } } }) [3mmods[0m[2m=[0mModifiersState { ctrl: false, alt: false, shift: false, caps_lock: false, logo: false, num_lock: false, iso_level3_shift: false, iso_level5_shift: false, serialized: SerializedMods { depressed: 0, latched: 0, locked: 0, layout_effective: 0 } }[1m}[0m[2m:[0m [2msmithay::input::keyboard[0m[2m:[0m [2m/home/christoph/.cargo/registry/src/index.crates.io-1949cf8c6b5b557f/smithay-0.7.0/src/input/keyboard/mod.rs[0m[2m:[0m[2m724:[0m new
[2m2026-09-25T18:33:55.519213Z[0m [32m INFO[0m ThreadId(01) [1minput_seat[0m[1m{[0m[3mname[0m[2m=[0m"wprs"[1m}[0m[2m:[0m[1madd_keyboard[0m[1m{[0m[3mxkb_config[0m[2m=[0mXkbConfig { rules: "", model: "", layout: "", variant: "", options: None } [3mrepeat_delay[0m[2m=[0m200 [3mrepeat_rate[0m[2m=[0m200[1m}[0m[2m:[0m[1minput_keyboard[0m[2m:[0m[1msend_keymap[0m[1m{[0m[3mfocus[0m[2m=[0mSome(WlSurface { id: ObjectId(wl_surface@18[0], 18), version: 5, data: Some(Any { .. }), handle: WeakHandle { handle: WeakInnerHandle[rs] { .. } } }) [3mmods[0m[2m=[0mModifiersState { ctrl: false, alt: false, shift: false, caps_lock: false, logo: false, num_lock: false, iso_level3_shift: false, iso_level5_shift: false, serialized: SerializedMods { depressed: 0, latched: 0, locked: 0, layout_effective: 0 } }[1m}[0m[2m:[0m [2msmithay::input::keyboard[0m[2m:[0m [2m/home/christoph/.cargo/registry/src/index.crates.io-1949cf8c6b5b557f/smithay-0.7.0/src/input/keyboard/mod.rs[0m[2m:[0m[2m724:[0m close [3mtime.busy[0m[2m=[0m171ns [3mtime.idle[0m[2m=[0m12.5µs
[2m2026-09-25T18:33:55.519275Z[0m [32m INFO[0m ThreadId(01) [1minput_seat[0m[1m{[0m[3mname[0m[2m=[0m"wprs"[1m}[0m[2m:[0m[1madd_keyboard[0m[1m{[0m[3mxkb_config[0m[2m=[0mXkbConfig { rules: "", model: "", layout: "", variant: "", options: None } [3mrepeat_delay[0m[2m=[0m200 [3mrepeat_rate[0m[2m=[0m200[1m}[0m[2m:[0m[1minput_keyboard[0m[2m:[0m[1msend_keymap[0m[1m{[0m[3mfocus[0m[2m=[0mSome(WlSurface { id: ObjectId(wl_surface@18[0], 18), version: 5, data: Some(Any { .. }), handle: WeakHandle { handle: WeakInnerHandle[rs] { .. } } }) [3mmods[0m[2m=[0mModifiersState { ctrl: false, alt: false, shift: false, caps_lock: false, logo: false, num_lock: false, iso_level3_shift: false, iso_level5_shift: false, serialized: SerializedMods { depressed: 0, latched: 0, locked: 0, layout_effective: 0 } }[1m}[0m[2m:[0m [2msmithay::input::keyboard[0m[2m:[0m [2m/home/christoph/.cargo/registry/src/index.crates.io-1949cf8c6b5b557f/smithay-0.7.0/src/input/keyboard/mod.rs[0m[2m:[0m[2m724:[0m new
[2m2026-09-25T18:33:55.519292Z[0m [32m INFO[0m ThreadId(01) [1minput_seat[0m[1m{[0m[3mname[0m[2m=[0m"wprs"[1m}[0m[2m:[0m[1madd_keyboard[0m[1m{[0m[3mxkb_config[0m[2m=[0mXkbConfig { rules: "", model: "", layout: "", variant: "", options: None } [3mrepeat_delay[0m[2m=[0m200 [3mrepeat_rate[0m[2m=[0m200[1m}[0m[2m:[0m[1minput_keyboard[0m[2m:[0m[1msend_keymap[0m[1m{[0m[3mfocus[0m[2m=[0mSome(WlSurface { id: ObjectId(wl_surface@18[0], 18), version: 5, data: Some(Any { .. }), handle: WeakHandle { handle: WeakInnerHandle[rs] { .. } } }) [3mmods[0m[2m=[0mModifiersState { ctrl: false, alt: false, shift: false, caps_lock: false, logo: false, num_lock: false, iso_level3_shift: false, iso_level5_shift: false, serialized: SerializedMods { depressed: 0, latched: 0, locked: 0, layout_effective: 0 } }[1m}[0m[2m:[0m [2msmithay::input::keyboard[0m[2m:[0m [2m/home/christoph/.cargo/registry/src/index.crates.io-1949cf8c6b5b557f/smithay-0.7.0/src/input/keyboard/mod.rs[0m[2m:[0m[2m724:[0m close [3mtime.busy[0m[2m=[0m140ns [3mtime.idle[0m[2m=[0m16.8µs
[2m2026-09-25T18:33:55.519353Z[0m [32m INFO[0m ThreadId(01) [1minput_seat[0m[1m{[0m[3mname[0m[2m=[0m"wprs"[1m}[0m[2m:[0m[1madd_keyboard[0m[1m{[0m[3mxkb_config[0m[2m=[0mXkbConfig { rules: "", model: "", layout: "", variant: "", options: None } [3mrepeat_delay[0m[2m=[0m200 [3mrepeat_rate[0m[2m=[0m200[1m}[0m[2m:[0m[1minput_keyboard[0m[2m:[0m[1msend_keymap[0m[1m{[0m[3mfocus[0m[2m=[0mSome(WlSurface { id: ObjectId(wl_surface@18[0], 18), version: 5, data: Some(Any { .. }), handle: WeakHandle { handle: WeakInnerHandle[rs] { .. } } }) [3mmods[0m[2m=[0mModifiersState { ctrl: false, alt: false, shift: false, caps_lock: false, logo: false, num_lock: false, iso_level3_shift: false, iso_level5_shift: false, serialized: SerializedMods { depressed: 0, latched: 0, locked: 0, layout_effective: 0 } }[1m}[0m[2m:[0m [2msmithay::input::keyboard[0m[2m:[0m [2m/home/christoph/.cargo/registry/src/index.crates.io-1949cf8c6b5b557f/smithay-0.7.0/src/input/keyboard/mod.rs[0m[2m:[0m[2m724:[0m new
[2m2026-09-25T18:33:55.519366Z[0m [32m INFO[0m ThreadId(01) [1minput_seat[0m[1m{[0m[3mname[0m[2m=[0m"wprs"[1m}[0m[2m:[0m[1madd_keyboard[0m[1m{[0m[3mxkb_config[0m[2m=[0mXkbConfig { rules: "", model: "", layout: "", variant: "", options: None } [3mrepeat_delay[0m[2m=[0m200 [3mrepeat_rate[0m[2m=[0m200[1m}[0m[2m:[0m[1minput_keyboard[0m[2m:[0m[1msend_keymap[0m[1m{[0m[3mfocus[0m[2m=[0mSome(WlSurface { id: ObjectId(wl_surface@18[0], 18), version: 5, data: Some(Any { .. }), handle: WeakHandle { handle: WeakInnerHandle[rs] { .. } } }) [3mmods[0m[2m=[0mModifiersState { ctrl: false, alt: false, shift: false, caps_lock: false, logo: false, num_lock: false, iso_level3_shift: false, iso_level5_shift: false, serialized: SerializedMods { depressed: 0, latched: 0, locked: 0, layout_effective: 0 } }[1m}[0m[2m:[0m [2msmithay::input::keyboard[0m[2m:[0m [2m/home/christoph/.cargo/registry/src/index.crates.io-1949cf8c6b5b557f/smithay-0.7.0/src/input/keyboard/mod.rs[0m[2m:[0m[2m724:[0m close [3mtime.busy[0m[2m=[0m171ns [3mtime.idle[0m[2m=[0m12.1µs
[2m2026-09-25T18:33:55.519429Z[0m [32m INFO[0m ThreadId(01) [1minput_seat[0m[1m{[0m[3mname[0m[2m=[0m"wprs"[1m}[0m[2m:[0m[1madd_keyboard[0m[1m{[0m[3mxkb_config[0m[2m=[0mXkbConfig { rules: "", model: "", layout: "", variant: "", options: None } [3mrepeat_delay[0m[2m=[0m200 [3mrepeat_rate[0m[2m=[0m200[1m}[0m[2m:[0m[1minput_keyboard[0m[2m:[0m[1msend_keymap[0m[1m{[0m[3mfocus[0m[2m=[0mSome(WlSurface { id: ObjectId(wl_surface@18[0], 18), version: 5, data: Some(Any { .. }), handle: WeakHandle { handle: WeakInnerHandle[rs] { .. } } }) [3mmods[0m[2m=[0mModifiersState { ctrl: false, alt: false, shift: false, caps_lock: false, logo: false, num_lock: false, iso_level3_shift: false, iso_level5_shift: false, serialized: SerializedMods { depressed: 0, latched: 0, locked: 0, layout_effective: 0 } }[1m}[0m[2m:[0m [2msmithay::input::keyboard[0m[2m:[0m [2m/home/christoph/.cargo/registry/src/index.crates.io-1949cf8c6b5b557f/smithay-0.7.0/src/input/keyboard/mod.rs[0m[2m:[0m[2m724:[0m new
[2m2026-09-25T18:33:55.519446Z[0m [32m INFO[0m ThreadId(01) [1minput_seat[0m[1m{[0m[3mname[0m[2m=[0m"wprs"[1m}[0m[2m:[0m[1madd_keyboard[0m[1m{[0m[3mxkb_config[0m[2m=[0mXkbConfig { rules: "", model: "", layout: "", variant: "", options: None } [3mrepeat_delay[0m[2m=[0m200 [3mrepeat_rate[0m[2m=[0m200[1m}[0m[2m:[0m[1minput_keyboard[0m[2m:[0m[1msend_keymap[0m[1m{[0m[3mfocus[0m[2m=[0mSome(WlSurface { id: ObjectId(wl_surface@18[0], 18), version: 5, data: Some(Any { .. }), handle: WeakHandle { handle: WeakInnerHandle[rs] { .. } } }) [3mmods[0m[2m=[0mModifiersState { ctrl: false, alt: false, shift: false, caps_lock: false, logo: false, num_lock: false, iso_level3_shift: false, iso_level5_shift: false, serialized: SerializedMods { depressed: 0, latched: 0, locked: 0, layout_effective: 0 } }[1m}[0m[2m:[0m [2msmithay::input::keyboard[0m[2m:[0m [2m/home/christoph/.cargo/registry/src/index.crates.io-1949cf8c6b5b557f/smithay-0.7.0/src/input/keyboard/mod.rs[0m[2m:[0m[2m724:[0m close [3mtime.busy[0m[2m=[0m160ns [3mtime.idle[0m[2m=[0m17.5µs
[2m2026-09-25T18:33:55.519522Z[0m [32m INFO[0m ThreadId(01) [1minput_seat[0m[1m{[0m[3mname[0m[2m=[0m"wprs"[1m}[0m[2m:[0m[1madd_keyboard[0m[1m{[0m[3mxkb_config[0m[2m=[0mXkbConfig { rules: "", model: "", layout: "", variant: "", options: None } [3mrepeat_delay[0m[2m=[0m200 [3mrepeat_rate[0m[2m=[0m200[1m}[0m[2m:[0m[1minput_keyboard[0m[2m:[0m[1msend_keymap[0m[1m{[0m[3mfocus[0m[2m=[0mSome(WlSurface { id: ObjectId(wl_surface@18[0], 18), version: 5, data: Some(Any { .. }), handle: WeakHandle { handle: WeakInnerHandle[rs] { .. } } }) [3mmods[0m[2m=[0mModifiersState { ctrl: false, alt: false, shift: false, caps_lock: false, logo: false, num_lock: false, iso_level3_shift: false, iso_level5_shift: false, serialized: SerializedMods { depressed: 0, latched: 0, locked: 0, layout_effective: 0 } }[1m}[0m[2m:[0m [2msmithay::input::keyboard[0m[2m:[0m [2m/home/christoph/.cargo/registry/src/index.crates.io-1949cf8c6b5b557f/smithay-0.7.0/src/input/keyboard/mod.rs[0m[2m:[0m[2m724:[0m new
[2m2026-09-25T18:33:55.519535Z[0m [32m INFO[0m ThreadId(01) [1minput_seat[0m[1m{[0m[3mname[0m[2m=[0m"wprs"[1m}[0m[2m:[0m[1madd_keyboard[0m[1m{[0m[3mxkb_config[0m[2m=[0mXkbConfig { rules: "", model: "", layout: "", variant: "", options: None } [3mrepeat_delay[0m[2m=[0m200 [3mrepeat_rate[0m[2m=[0m200[1m}[0m[2m:[0m[1minput_keyboard[0m[2m:[0m[1msend_keymap[0m[1m{[0m[3mfocus[0m[2m=[0mSome(WlSurface { id: ObjectId(wl_surface@18[0], 18), version: 5, data: Some(Any { .. }), handle: WeakHandle { handle: WeakInnerHandle[rs] { .. } } }) [3mmods[0m[2m=[0mModifiersState { ctrl: false, alt: false, shift: false, caps_lock: false, logo: false, num_lock: false, iso_level3_shift: false, iso_level5_shift: false, serialized: SerializedMods { depressed: 0, latched: 0, locked: 0, layout_effective: 0 } }[1m}[0m[2m:[0m [2msmithay::input::keyboard[0m[2m:[0m [2m/home/christoph/.cargo/registry/src/index.crates.io-1949cf8c6b5b557f/smithay-0.7.0/src/input/keyboard/mod.rs[0m[2m:[0m[2m724:[0m close [3mtime.busy[0m[2m=[0m170ns [3mtime.idle[0m[2m=[0m12.0µs
[2m2026-09-25T18:33:55.519596Z[0m [32m INFO[0m ThreadId(01) [1minput_seat[0m[1m{[0m[3mname[0m[2m=[0m"wprs"[1m}[0m[2m:[0m[1madd_keyboard[0m[1m{[0m[3mxkb_config[0m[2m=[0mXkbConfig { rules: "", model: "", layout: "", variant: "", options: None } [3mrepeat_delay[0m[2m=[0m200 [3mrepeat_rate[0m[2m=[0m200[1m}[0m[2m:[0m[1minput_keyboard[0m[2m:[0m[1msend_keymap[0m[1m{[0m[3mfocus[0m[2m=[0mSome(WlSurface { id: ObjectId(wl_surface@18[0], 18), version: 5, data: Some(Any { .. }), handle: WeakHandle { handle: WeakInnerHandle[rs] { .. } } }) [3mmods[0m[2m=[0mModifiersState { ctrl: false, alt: false, shift: false, caps_lock: false, logo: false, num_lock: false, iso_level3_shift: false, iso_level5_shift: false, serialized: SerializedMods { depressed: 0, latched: 0, locked: 0, layout_effective: 0 } }[1m}[0m[2m:[0m [2msmithay::input::keyboard[0m[2m:[0m [2m/home/christoph/.cargo/registry/src/index.crates.io-1949cf8c6b5b557f/smithay-0.7.0/src/input/keyboard/mod.rs[0m[2m:[0m[2m724:[0m new
[2m2026-09-25T18:33:55.519613Z[0m [32m INFO[0m ThreadId(01) [1minput_seat[0m[1m{[0m[3mname[0m[2m=[0m"wprs"[1m}[0m[2m:[0m[1madd_keyboard[0m[1m{[0m[3mxkb_config[0m[2m=[0mXkbConfig { rules: "", model: "", layout: "", variant: "", options: None } [3mrepeat_delay[0m[2m=[0m200 [3mrepeat_rate[0m[2m=[0m200[1m}[0m[2m:[0m[1minput_keyboard[0m[2m:[0m[1msend_keymap[0m[1m{[0m[3mfocus[0m[2m=[0mSome(WlSurface { id: ObjectId(wl_surface@18[0], 18), version: 5, data: Some(Any { .. }), handle: WeakHandle { handle: WeakInnerHandle[rs] { .. } } }) [3mmods[0m[2m=[0mModifiersState { ctrl: false, alt: false, shift: false, caps_lock: false, logo: false, num_lock: false, iso_level3_shift: false, iso_level5_shift: false, serialized: SerializedMods { depressed: 0, latched: 0, locked: 0, layout_effective: 0 } }[1m}[0m[2m:[0m [2msmithay::input::keyboard[0m[2m:[0m [2m/home/christoph/.cargo/registry/src/index.crates.io-1949cf8c6b5b557f/smithay-0.7.0/src/input/keyboard/mod.rs[0m[2m:[0m[2m724:[0m close [3mtime.busy[0m[2m=[0m170ns [3mtime.idle[0m[2m=[0m17.2µs
[2m2026-09-25T18:33:55.519692Z[0m [32m INFO[0m ThreadId(01) [1minput_seat[0m[1m{[0m[3mname[0m[2m=[0m"wprs"[1m}[0m[2m:[0m[1madd_keyboard[0m[1m{[0m[3mxkb_config[0m[2m=[0mXkbConfig { rules: "", model: "", layout: "", variant: "", options: None } [3mrepeat_delay[0m[2m=[0m200 [3mrepeat_rate[0m[2m=[0m200[1m}[0m[2m:[0m[1minput_keyboard[0m[2m:[0m[1msend_keymap[0m[1m{[0m[3mfocus[0m[2m=[0mSome(WlSurface { id: ObjectId(wl_surface@18[0], 18), version: 5, data: Some(Any { .. }), handle: WeakHandle { handle: WeakInnerHandle[rs] { .. } } }) [3mmods[0m[2m=[0mModifiersState { ctrl: false, alt: false, shift: false, caps_lock: false, logo: false, num_lock: false, iso_level3_shift: false, iso_level5_shift: false, serialized: SerializedMods { depressed: 0, latched: 0, locked: 0, layout_effective: 0 } }[1m}[0m[2m:[0m [2msmithay::input::keyboard[0m[2m:[0m [2m/home/christoph/.cargo/registry/src/index.crates.io-1949cf8c6b5b557f/smithay-0.7.0/src/input/keyboard/mod.rs[0m[2m:[0m[2m724:[0m new
[2m2026-09-25T18:33:55.519710Z[0m [32m INFO[0m ThreadId(01) [1minput_seat[0m[1m{[0m[3mname[0m[2m=[0m"wprs"[1m}[0m[2m:[0m[1madd_keyboard[0m[1m{[0m[3mxkb_config[0m[2m=[0mXkbConfig { rules: "", model: "", layout: "", variant: "", options: None } [3mrepeat_delay[0m[2m=[0m200 [3mrepeat_rate[0m[2m=[0m200[1m}[0m[2m:[0m[1minput_keyboard[0m[2m:[0m[1msend_keymap[0m[1m{[0m[3mfocus[0m[2m=[0mSome(WlSurface { id: ObjectId(wl_surface@18[0], 18), version: 5, data: Some(Any { .. }), handle: WeakHandle { handle: WeakInnerHandle[rs] { .. } } }) [3mmods[0m[2m=[0mModifiersState { ctrl: false, alt: false, shift: false, caps_lock: false, logo: false, num_lock: false, iso_level3_shift: false, iso_level5_shift: false, serialized: SerializedMods { depressed: 0, latched: 0, locked: 0, layout_effective: 0 } }[1m}[0m[2m:[0m [2msmithay::input::keyboard[0m[2m:[0m [2m/home/christoph/.cargo/registry/src/index.crates.io-1949cf8c6b5b557f/smithay-0.7.0/src/input/keyboard/mod.rs[0m[2m:[0m[2m724:[0m close [3mtime.busy[0m[2m=[0m210ns [3mtime.idle[0m[2m=[0m18.2µs
[2m2026-09-25T18:33:55.519829Z[0m [32m INFO[0m ThreadId(01) [1minput_seat[0m[1m{[0m[3mname[0m[2m=[0m"wprs"[1m}[0m[2m:[0m[1madd_keyboard[0m[1m{[0m[3mxkb_config[0m[2m=[0mXkbConfig { rules: "", model: "", layout: "", variant: "", options: None } [3mrepeat_delay[0m[2m=[0m200 [3mrepeat_rate[0m[2m=[0m200[1m}[0m[2m:[0m[1minput_keyboard[0m[2m:[0m[1msend_keymap[0m[1m{[0m[3mfocus[0m[2m=[0mSome(WlSurface { id: ObjectId(wl_surface@18[0], 18), version: 5, data: Some(Any { .. }), handle: WeakHandle { handle: WeakInnerHandle[rs] { .. } } }) [3mmods[0m[2m=[0mModifiersState { ctrl: false, alt: false, shift: false, caps_lock: false, logo: false, num_lock: false, iso_level3_shift: false, iso_level5_shift: false, serialized: SerializedMods { depressed: 0, latched: 0, locked: 0, layout_effective: 0 } }[1m}[0m[2m:[0m [2msmithay::input::keyboard[0m[2m:[0m [2m/home/christoph/.cargo/registry/src/index.crates.io-1949cf8c6b5b557f/smithay-0.7.0/src/input/keyboard/mod.rs[0m[2m:[0m[2m724:[0m new
[2m2026-09-25T18:33:55.519858Z[0m [32m INFO[0m ThreadId(01) [1minput_seat[0m[1m{[0m[3mname[0m[2m=[0m"wprs"[1m}[0m[2m:[0m[1madd_keyboard[0m[1m{[0m[3mxkb_config[0m[2m=[0mXkbConfig { rules: "", model: "", layout: "", variant: "", options: None } [3mrepeat_delay[0m[2m=[0m200 [3mrepeat_rate[0m[2m=[0m200[1m}[0m[2m:[0m[1minput_keyboard[0m[2m:[0m[1msend_keymap[0m[1m{[0m[3mfocus[0m[2m=[0mSome(WlSurface { id: ObjectId(wl_surface@18[0], 18), version: 5, data: Some(Any { .. }), handle: WeakHandle { handle: WeakInnerHandle[rs] { .. } } }) [3mmods[0m[2m=[0mModifiersState { ctrl: false, alt: false, shift: false, caps_lock: false, logo: false, num_lock: false, iso_level3_shift: false, iso_level5_shift: false, serialized: SerializedMods { depressed: 0, latched: 0, locked: 0, layout_effective: 0 } }[1m}[0m[2m:[0m [2msmithay::input::keyboard[0m[2m:[0m [2m/home/christoph/.cargo/registry/src/index.crates.io-1949cf8c6b5b557f/smithay-0.7.0/src/input/keyboard/mod.rs[0m[2m:[0m[2m724:[0m close [3mtime.busy[0m[2m=[0m270ns [3mtime.idle[0m[2m=[0m28.7µs
[2m2026-09-25T18:33:55.519924Z[0m [32m INFO[0m ThreadId(01) [1minput_seat[0m[1m{[0m[3mname[0m[2m=[0m"wprs"[1m}[0m[2m:[0m[1madd_keyboard[0m[1m{[0m[3mxkb_config[0m[2m=[0mXkbConfig { rules: "", model: "", layout: "", variant: "", options: None } [3mrepeat_delay[0m[2m=[0m200 [3mrepeat_rate[0m[2m=[0m200[1m}[0m[2m:[0m[1minput_keyboard[0m[2m:[0m[1msend_keymap[0m[1m{[0m[3mfocus[0m[2m=[0mSome(WlSurface { id: ObjectId(wl_surface@18[0], 18), version: 5, data: Some(Any { .. }), handle: WeakHandle { handle: WeakInnerHandle[rs] { .. } } }) [3mmods[0m[2m=[0mModifiersState { ctrl: false, alt: false, shift: false, caps_lock: false, logo: false, num_lock: false, iso_level3_shift: false, iso_level5_shift: false, serialized: SerializedMods { depressed: 0, latched: 0, locked: 0, layout_effective: 0 } }[1m}[0m[2m:[0m [2msmithay::input::keyboard[0m[2m:[0m [2m/home/christoph/.cargo/registry/src/index.crates.io-1949cf8c6b5b557f/smithay-0.7.0/src/input/keyboard/mod.rs[0m[2m:[0m[2m724:[0m new
[2m2026-09-25T18:33:55.519936Z[0m [32m INFO[0m ThreadId(01) [1minput_seat[0m[1m{[0m[3mname[0m[2m=[0m"wprs"[1m}[0m[2m:[0m[1madd_keyboard[0m[1m{[0m[3mxkb_config[0m[2m=[0mXkbConfig { rules: "", model: "", layout: "", variant: "", options: None } [3mrepeat_delay[0m[2m=[0m200 [3mrepeat_rate[0m[2m=[0m200[1m}[0m[2m:[0m[1minput_keyboard[0m[2m:[0m[1msend_keymap[0m[1m{[0m[3mfocus[0m[2m=[0mSome(WlSurface { id: ObjectId(wl_surface@18[0], 18), version: 5, data: Some(Any { .. }), handle: WeakHandle { handle: WeakInnerHandle[rs] { .. } } }) [3mmods[0m[2m=[0mModifiersState { ctrl: false, alt: false, shift: false, caps_lock: false, logo: false, num_lock: false, iso_level3_shift: false, iso_level5_shift: false, serialized: SerializedMods { depressed: 0, latched: 0, locked: 0, layout_effective: 0 } }[1m}[0m[2m:[0m [2msmithay::input::keyboard[0m[2m:[0m [2m/home/christoph/.cargo/registry/src/index.crates.io-1949cf8c6b5b557f/smithay-0.7.0/src/input/keyboard/mod.rs[0m[2m:[0m[2m724:[0m close [3mtime.busy[0m[2m=[0m180ns [3mtime.idle[0m[2m=[0m11.8µs
[2m2026-09-25T18:33:55.520007Z[0m [32m INFO[0m ThreadId(01) [1minput_seat[0m[1m{[0m[3mname[0m[2m=[0m"wprs"[1m}[0m[2m:[0m[1madd_keyboard[0m[1m{[0m[3mxkb_config[0m[2m=[0mXkbConfig { rules: "", model: "", layout: "", variant: "", options: None } [3mrepeat_delay[0m[2m=[0m200 [3mrepeat_rate[0m[2m=[0m200[1m}[0m[2m:[0m[1minput_keyboard[0m[2m:[0m[1msend_keymap[0m[1m{[0m[3mfocus[0m[2m=[0mSome(WlSurface { id: ObjectId(wl_surface@18[0], 18), version: 5, data: Some(Any { .. }), handle: WeakHandle { handle: WeakInnerHandle[rs] { .. } } }) [3mmods[0m[2m=[0mModifiersState { ctrl: false, alt: false, shift: false, caps_lock: false, logo: false, num_lock: false, iso_level3_shift: false, iso_level5_shift: false, serialized: SerializedMods { depressed: 0, latched: 0, locked: 0, layout_effective: 0 } }[1m}[0m[2m:[0m [2msmithay::input::keyboard[0m[2m:[0m [2m/home/christoph/.cargo/registry/src/index.crates.io-1949cf8c6b5b557f/smithay-0.7.0/src/input/keyboard/mod.rs[0m[2m:[0m[2m724:[0m new
[2m2026-09-25T18:33:55.520022Z[0m [32m INFO[0m ThreadId(01) [1minput_seat[0m[1m{[0m[3mname[0m[2m=[0m"wprs"[1m}[0m[2m:[0m[1madd_keyboard[0m[1m{[0m[3mxkb_config[0m[2m=[0mXkbConfig { rules: "", model: "", layout: "", variant: "", options: None } [3mrepeat_delay[0m[2m=[0m200 [3mrepeat_rate[0m[2m=[0m200[1m}[0m[2m:[0m[1minput_keyboard[0m[2m:[0m[1msend_keymap[0m[1m{[0m[3mfocus[0m[2m=[0mSome(WlSurface { id: ObjectId(wl_surface@18[0], 18), version: 5, data: Some(Any { .. }), handle: WeakHandle { handle: WeakInnerHandle[rs] { .. } } }) [3mmods[0m[2m=[0mModifiersState { ctrl: false, alt: false, shift: false, caps_lock: false, logo: false, num_lock: false, iso_level3_shift: false, iso_level5_shift: false, serialized: SerializedMods { depressed: 0, latched: 0, locked: 0, layout_effective: 0 } }[1m}[0m[2m:[0m [2msmithay::input::keyboard[0m[2m:[0m [2m/home/christoph/.cargo/registry/src/index.crates.io-1949cf8c6b5b557f/smithay-0.7.0/src/input/keyboard/mod.rs[0m[2m:[0m[2m724:[0m close [3mtime.busy[0m[2m=[0m191ns [3mtime.idle[0m[2m=[0m15.3µs
[2m2026-09-25T18:33:55.520082Z[0m [32m INFO[0m ThreadId(01) [1minput_seat[0m[1m{[0m[3mname[0m[2m=[0m"wprs"[1m}[0m[2m:[0m[1madd_keyboard[0m[1m{[0m[3mxkb_config[0m[2m=[0mXkbConfig { rules: "", model: "", layout: "", variant: "", options: None } [3mrepeat_delay[0m[2m=[0m200 [3mrepeat_rate[0m[2m=[0m200[1m}[0m[2m:[0m[1minput_keyboard[0m[2m:[0m[1msend_keymap[0m[1m{[0m[3mfocus[0m[2m=[0mSome(WlSurface { id: ObjectId(wl_surface@18[0], 18), version: 5, data: Some(Any { .. }), handle: WeakHandle { handle: WeakInnerHandle[rs] { .. } } }) [3mmods[0m[2m=[0mModifiersState { ctrl: false, alt: false, shift: false, caps_lock: false, logo: false, num_lock: false, iso_level3_shift: false, iso_level5_shift: false, serialized: SerializedMods { depressed: 0, latched: 0, locked: 0, layout_effective: 0 } }[1m}[0m[2m:[0m [2msmithay::input::keyboard[0m[2m:[0m [2m/home/christoph/.cargo/registry/src/index.crates.io-1949cf8c6b5b557f/smithay-0.7.0/src/input/keyboard/mod.rs[0m[2m:[0m[2m724:[0m new
[2m2026-09-25T18:33:55.520096Z[0m [32m INFO[0m ThreadId(01) [1minput_seat[0m[1m{[0m[3mname[0m[2m=[0m"wprs"[1m}[0m[2m:[0m[1madd_keyboard[0m[1m{[0m[3mxkb_config[0m[2m=[0mXkbConfig { rules: "", model: "", layout: "", variant: "", options: None } [3mrepeat_delay[0m[2m=[0m200 [3mrepeat_rate[0m[2m=[0m200[1m}[0m[2m:[0m[1minput_keyboard[0m[2m:[0m[1msend_keymap[0m[1m{[0m[3mfocus[0m[2m=[0mSome(WlSurface { id: ObjectId(wl_surface@18[0], 18), version: 5, data: Some(Any { .. }), handle: WeakHandle { handle: WeakInnerHandle[rs] { .. } } }) [3mmods[0m[2m=[0mModifiersState { ctrl: false, alt: false, shift: false, caps_lock: false, logo: false, num_lock: false, iso_level3_shift: false, iso_level5_shift: false, serialized: SerializedMods { depressed: 0, latched: 0, locked: 0, layout_effective: 0 } }[1m}[0m[2m:[0m [2msmithay::input::keyboard[0m[2m:[0m [2m/home/christoph/.cargo/registry/src/index.crates.io-1949cf8c6b5b557f/smithay-0.7.0/src/input/keyboard/mod.rs[0m[2m:[0m[2m724:[0m close [3mtime.busy[0m[2m=[0m170ns [3mtime.idle[0m[2m=[0m13.9µs
[2m2026-09-25T18:33:55.520177Z[0m [32m INFO[0m ThreadId(01) [1minput_seat[0m[1m{[0m[3mname[0m[2m=[0m"wprs"[1m}[0m[2m:[0m[1madd_keyboard[0m[1m{[0m[3mxkb_config[0m[2m=[0mXkbConfig { rules: "", model: "", layout: "", variant: "", options: None } [3mrepeat_delay[0m[2m=[0m200 [3mrepeat_rate[0m[2m=[0m200[1m}[0m[2m:[0m[1minput_keyboard[0m[2m:[0m[1msend_keymap[0m[1m{[0m[3mfocus[0m[2m=[0mSome(WlSurface { id: ObjectId(wl_surface@18[0], 18), version: 5, data: Some(Any { .. }), handle: WeakHandle { handle: WeakInnerHandle[rs] { .. } } }) [3mmods[0m[2m=[0mModifiersState { ctrl: false, alt: false, shift: false, caps_lock: false, logo: false, num_lock: false, iso_level3_shift: false, iso_level5_shift: false, serialized: SerializedMods { depressed: 0, latched: 0, locked: 0, layout_effective: 0 } }[1m}[0m[2m:[0m [2msmithay::input::keyboard[0m[2m:[0m [2m/home/christoph/.cargo/registry/src/index.crates.io-1949cf8c6b5b557f/smithay-0.7.0/src/input/keyboard/mod.rs[0m[2m:[0m[2m724:[0m new
[2m2026-09-25T18:33:55.520197Z[0m [32m INFO[0m ThreadId(01) [1minput_seat[0m[1m{[0m[3mname[0m[2m=[0m"wprs"[1m}[0m[2m:[0m[1madd_keyboard[0m[1m{[0m[3mxkb_config[0m[2m=[0mXkbConfig { rules: "", model: "", layout: "", variant: "", options: None } [3mrepeat_delay[0m[2m=[0m200 [3mrepeat_rate[0m[2m=[0m200[1m}[0m[2m:[0m[1minput_keyboard[0m[2m:[0m[1msend_keymap[0m[1m{[0m[3mfocus[0m[2m=[0mSome(WlSurface { id: ObjectId(wl_surface@18[0], 18), version: 5, data: Some(Any { .. }), handle: WeakHandle { handle: WeakInnerHandle[rs] { .. } } }) [3mmods[0m[2m=[0mModifiersState { ctrl: false, alt: false, shift: false, caps_lock: false, logo: false, num_lock: false, iso_level3_shift: false, iso_level5_shift: false, serialized: SerializedMods { depressed: 0, latched: 0, locked: 0, layout_effective: 0 } }[1m}[0m[2m:[0m [2msmithay::input::keyboard[0m[2m:[0m [2m/home/christoph/.cargo/registry/src/index.crates.io-1949cf8c6b5b557f/smithay-0.7.0/src/input/keyboard/mod.rs[0m[2m:[0m[2m724:[0m close [3mtime.busy[0m[2m=[0m211ns [3mtime.idle[0m[2m=[0m19.8µs
[2m2026-09-25T18:33:55.520258Z[0m [32m INFO[0m ThreadId(01) [1minput_seat[0m[1m{[0m[3mname[0m[2m=[0m"wprs"[1m}[0m[2m:[0m[1madd_keyboard[0m[1m{[0m[3mxkb_config[0m[2m=[0mXkbConfig { rules: "", model: "", layout: "", variant: "", options: None } [3mrepeat_delay[0m[2m=[0m200 [3mrepeat_rate[0m[2m=[0m200[1m}[0m[2m:[0m[1minput_keyboard[0m[2m:[0m[1msend_keymap[0m[1m{[0m[3mfocus[0m[2m=[0mSome(WlSurface { id: ObjectId(wl_surface@18[0], 18), version: 5, data: Some(Any { .. }), handle: WeakHandle { handle: WeakInnerHandle[rs] { .. } } }) [3mmods[0m[2m=[0mModifiersState { ctrl: false, alt: false, shift: false, caps_lock: false, logo: false, num_lock: false, iso_level3_shift: false, iso_level5_shift: false, serialized: SerializedMods { depressed: 0, latched: 0, locked: 0, layout_effective: 0 } }[1m}[0m[2m:[0m [2msmithay::input::keyboard[0m[2m:[0m [2m/home/christoph/.cargo/registry/src/index.crates.io-1949cf8c6b5b557f/smithay-0.7.0/src/input/keyboard/mod.rs[0m[2m:[0m[2m724:[0m new
[2m2026-09-25T18:33:55.520269Z[0m [32m INFO[0m ThreadId(01) [1minput_seat[0m[1m{[0m[3mname[0m[2m=[0m"wprs"[1m}[0m[2m:[0m[1madd_keyboard[0m[1m{[0m[3mxkb_config[0m[2m=[0mXkbConfig { rules: "", model: "", layout: "", variant: "", options: None } [3mrepeat_delay[0m[2m=[0m200 [3mrepeat_rate[0m[2m=[0m200[1m}[0m[2m:[0m[1minput_keyboard[0m[2m:[0m[1msend_keymap[0m[1m{[0m[3mfocus[0m[2m=[0mSome(WlSurface { id: ObjectId(wl_surface@18[0], 18), version: 5, data: Some(Any { .. }), handle: WeakHandle { handle: WeakInnerHandle[rs] { .. } } }) [3mmods[0m[2m=[0mModifiersState { ctrl: false, alt: false, shift: false, caps_lock: false, logo: false, num_lock: false, iso_level3_shift: false, iso_level5_shift: false, serialized: SerializedMods { depressed: 0, latched: 0, locked: 0, layout_effective: 0 } }[1m}[0m[2m:[0m [2msmithay::input::keyboard[0m[2m:[0m [2m/home/christoph/.cargo/registry/src/index.crates.io-1949cf8c6b5b557f/smithay-0.7.0/src/input/keyboard/mod.rs[0m[2m:[0m[2m724:[0m close [3mtime.busy[0m[2m=[0m170ns [3mtime.idle[0m[2m=[0m11.5µs
[2m2026-09-25T18:33:55.520335Z[0m [32m INFO[0m ThreadId(01) [1minput_seat[0m[1m{[0m[3mname[0m[2m=[0m"wprs"[1m}[0m[2m:[0m[1madd_keyboard[0m[1m{[0m[3mxkb_config[0m[2m=[0mXkbConfig { rules: "", model: "", layout: "", variant: "", options: None } [3mrepeat_delay[0m[2m=[0m200 [3mrepeat_rate[0m[2m=[0m200[1m}[0m[2m:[0m[1minput_keyboard[0m[2m:[0m[1msend_keymap[0m[1m{[0m[3mfocus[0m[2m=[0mSome(WlSurface { id: ObjectId(wl_surface@18[0], 18), version: 5, data: Some(Any { .. }), handle: WeakHandle { handle: WeakInnerHandle[rs] { .. } } }) [3mmods[0m[2m=[0mModifiersState { ctrl: false, alt: false, shift: false, caps_lock: false, logo: false, num_lock: false, iso_level3_shift: false, iso_level5_shift: false, serialized: SerializedMods { depressed: 0, latched: 0, locked: 0, layout_effective: 0 } }[1m}[0m[2m:[0m [2msmithay::input::keyboard[0m[2m:[0m [2m/home/christoph/.cargo/registry/src/index.crates.io-1949cf8c6b5b557f/smithay-0.7.0/src/input/keyboard/mod.rs[0m[2m:[0m[2m724:[0m new
[2m2026-09-25T18:33:55.520353Z[0m [32m INFO[0m ThreadId(01) [1minput_seat[0m[1m{[0m[3mname[0m[2m=[0m"wprs"[1m}[0m[2m:[0m[1madd_keyboard[0m[1m{[0m[3mxkb_config[0m[2m=[0mXkbConfig { rules: "", model: "", layout: "", variant: "", options: None } [3mrepeat_delay[0m[2m=[0m200 [3mrepeat_rate[0m[2m=[0m200[1m}[0m[2m:[0m[1minput_keyboard[0m[2m:[0m[1msend_keymap[0m[1m{[0m[3mfocus[0m[2m=[0mSome(WlSurface { id: ObjectId(wl_surface@18[0], 18), version: 5, data: Some(Any { .. }), handle: WeakHandle { handle: WeakInnerHandle[rs] { .. } } }) [3mmods[0m[2m=[0mModifiersState { ctrl: false, alt: false, shift: false, caps_lock: false, logo: false, num_lock: false, iso_level3_shift: false, iso_level5_shift: false, serialized: SerializedMods { depressed: 0, latched: 0, locked: 0, layout_effective: 0 } }[1m}[0m[2m:[0m [2msmithay::input::keyboard[0m[2m:[0m [2m/home/christoph/.cargo/registry/src/index.crates.io-1949cf8c6b5b557f/smithay-0.7.0/src/input/keyboard/mod.rs[0m[2m:[0m[2m724:[0m close [3mtime.busy[0m[2m=[0m161ns [3mtime.idle[0m[2m=[0m17.3µs
[2m2026-09-25T18:33:55.520412Z[0m [32m INFO[0m ThreadId(01) [1minput_seat[0m[1m{[0m[3mname[0m[2m=[0m"wprs"[1m}[0m[2m:[0m[1madd_keyboard[0m[1m{[0m[3mxkb_config[0m[2m=[0mXkbConfig { rules: "", model: "", layout: "", variant: "", options: None } [3mrepeat_delay[0m[2m=[0m200 [3mrepeat_rate[0m[2m=[0m200[1m}[0m[2m:[0m[1minput_keyboard[0m[2m:[0m[1msend_keymap[0m[1m{[0m[3mfocus[0m[2m=[0mSome(WlSurface { id: ObjectId(wl_surface@18[0], 18), version: 5, data: Some(Any { .. }), handle: WeakHandle { handle: WeakInnerHandle[rs] { .. } } }) [3mmods[0m[2m=[0mModifiersState { ctrl: false, alt: false, shift: false, caps_lock: false, logo: false, num_lock: false, iso_level3_shift: false, iso_level5_shift: false, serialized: SerializedMods { depressed: 0, latched: 0, locked: 0, layout_effective: 0 } }[1m}[0m[2m:[0m [2msmithay::input::keyboard[0m[2m:[0m [2m/home/christoph/.cargo/registry/src/index.crates.io-1949cf8c6b5b557f/smithay-0.7.0/src/input/keyboard/mod.rs[0m[2m:[0m[2m724:[0m new
[2m2026-09-25T18:33:55.520425Z[0m [32m INFO[0m ThreadId(01) [1minput_seat[0m[1m{[0m[3mname[0m[2m=[0m"wprs"[1m}[0m[2m:[0m[1madd_keyboard[0m[1m{[0m[3mxkb_config[0m[2m=[0mXkbConfig { rules: "", model: "", layout: "", variant: "", options: None } [3mrepeat_delay[0m[2m=[0m200 [3mrepeat_rate[0m[2m=[0m200[1m}[0m[2m:[0m[1minput_keyboard[0m[2m:[0m[1msend_keymap[0m[1m{[0m[3mfocus[0m[2m=[0mSome(WlSurface { id: ObjectId(wl_surface@18[0], 18), version: 5, data: Some(Any { .. }), handle: WeakHandle { handle: WeakInnerHandle[rs] { .. } } }) [3mmods[0m[2m=[0mModifiersState { ctrl: false, alt: false, shift: false, caps_lock: false, logo: false, num_lock: false, iso_level3_shift: false, iso_level5_shift: false, serialized: SerializedMods { depressed: 0, latched: 0, locked: 0, layout_effective: 0 } }[1m}[0m[2m:[0m [2msmithay::input::keyboard[0m[2m:[0m [2m/home/christoph/.cargo/registry/src/index.crates.io-1949cf8c6b5b557f/smithay-0.7.0/src/input/keyboard/mod.rs[0m[2m:[0m[2m724:[0m close [3mtime.busy[0m[2m=[0m160ns [3mtime.idle[0m[2m=[0m12.0µs
[2m2026-09-25T18:33:55.520490Z[0m [32m INFO[0m ThreadId(01) [1minput_seat[0m[1m{[0m[3mname[0m[2m=[0m"wprs"[1m}[0m[2m:[0m[1madd_keyboard[0m[1m{[0m[3mxkb_config[0m[2m=[0mXkbConfig { rules: "", model: "", layout: "", variant: "", options: None } [3mrepeat_delay[0m[2m=[0m200 [3mrepeat_rate[0m[2m=[0m200[1m}[0m[2m:[0m[1minput_keyboard[0m[2m:[0m[1msend_keymap[0m[1m{[0m[3mfocus[0m[2m=[0mSome(WlSurface { id: ObjectId(wl_surface@18[0], 18), version: 5, data: Some(Any { .. }), handle: WeakHandle { handle: WeakInnerHandle[rs] { .. } } }) [3mmods[0m[2m=[0mModifiersState { ctrl: false, alt: false, shift: false, caps_lock: false, logo: false, num_lock: false, iso_level3_shift: false, iso_level5_shift: false, serialized: SerializedMods { depressed: 0, latched: 0, locked: 0, layout_effective: 0 } }[1m}[0m[2m:[0m [2msmithay::input::keyboard[0m[2m:[0m [2m/home/christoph/.cargo/registry/src/index.crates.io-1949cf8c6b5b557f/smithay-0.7.0/src/input/keyboard/mod.rs[0m[2m:[0m[2m724:[0m new
[2m2026-09-25T18:33:55.520505Z[0m [32m INFO[0m ThreadId(01) [1minput_seat[0m[1m{[0m[3mname[0m[2m=[0m"wprs"[1m}[0m[2m:[0m[1madd_keyboard[0m[1m{[0m[3mxkb_config[0m[2m=[0mXkbConfig { rules: "", model: "", layout: "", variant: "", options: None } [3mrepeat_delay[0m[2m=[0m200 [3mrepeat_rate[0m[2m=[0m200[1m}[0m[2m:[0m[1minput_keyboard[0m[2m:[0m[1msend_keymap[0m[1m{[0m[3mfocus[0m[2m=[0mSome(WlSurface { id: ObjectId(wl_surface@18[0], 18), version: 5, data: Some(Any { .. }), handle: WeakHandle { handle: WeakInnerHandle[rs] { .. } } }) [3mmods[0m[2m=[0mModifiersState { ctrl: false, alt: false, shift: false, caps_lock: false, logo: false, num_lock: false, iso_level3_shift: false, iso_level5_shift: false, serialized: SerializedMods { depressed: 0, latched: 0, locked: 0, layout_effective: 0 } }[1m}[0m[2m:[0m [2msmithay::input::keyboard[0m[2m:[0m [2m/home/christoph/.cargo/registry/src/index.crates.io-1949cf8c6b5b557f/smithay-0.7.0/src/input/keyboard/mod.rs[0m[2m:[0m[2m724:[0m close [3mtime.busy[0m[2m=[0m170ns [3mtime.idle[0m[2m=[0m15.3µs
[2m2026-09-25T18:33:55.520566Z[0m [32m INFO[0m ThreadId(01) [1minput_seat[0m[1m{[0m[3mname[0m[2m=[0m"wprs"[1m}[0m[2m:[0m[1madd_keyboard[0m[1m{[0m[3mxkb_config[0m[2m=[0mXkbConfig { rules: "", model: "", layout: "", variant: "", options: None } [3mrepeat_delay[0m[2m=[0m200 [3mrepeat_rate[0m[2m=[0m200[1m}[0m[2m:[0m[1minput_keyboard[0m[2m:[0m[1msend_keymap[0m[1m{[0m[3mfocus[0m[2m=[0mSome(WlSurface { id: ObjectId(wl_surface@18[0], 18), version: 5, data: Some(Any { .. }), handle: WeakHandle { handle: WeakInnerHandle[rs] { .. } } }) [3mmods[0m[2m=[0mModifiersState { ctrl: false, alt: false, shift: false, caps_lock: false, logo: false, num_lock: false, iso_level3_shift: false, iso_level5_shift: false, serialized: SerializedMods { depressed: 0, latched: 0, locked: 0, layout_effective: 0 } }[1m}[0m[2m:[0m [2msmithay::input::keyboard[0m[2m:[0m [2m/home/christoph/.cargo/registry/src/index.crates.io-1949cf8c6b5b557f/smithay-0.7.0/src/input/keyboard/mod.rs[0m[2m:[0m[2m724:[0m new
[2m2026-09-25T18:33:55.520584Z[0m [32m INFO[0m ThreadId(01) [1minput_seat[0m[1m{[0m[3mname[0m[2m=[0m"wprs"[1m}[0m[2m:[0m[1madd_keyboard[0m[1m{[0m[3mxkb_config[0m[2m=[0mXkbConfig { rules: "", model: "", layout: "", variant: "", options: None } [3mrepeat_delay[0m[2m=[0m200 [3mrepeat_rate[0m[2m=[0m200[1m}[0m[2m:[0m[1minput_keyboard[0m[2m:[0m[1msend_keymap[0m[1m{[0m[3mfocus[0m[2m=[0mSome(WlSurface { id: ObjectId(wl_surface@18[0], 18), version: 5, data: Some(Any { .. }), handle: WeakHandle { handle: WeakInnerHandle[rs] { .. } } }) [3mmods[0m[2m=[0mModifiersState { ctrl: false, alt: false, shift: false, caps_lock: false, logo: false, num_lock: false, iso_level3_shift: false, iso_level5_shift: false, serialized: SerializedMods { depressed: 0, latched: 0, locked: 0, layout_effective: 0 } }[1m}[0m[2m:[0m [2msmithay::input::keyboard[0m[2m:[0m [2m/home/christoph/.cargo/registry/src/index.crates.io-1949cf8c6b5b557f/smithay-0.7.0/src/input/keyboard/mod.rs[0m[2m:[0m[2m724:[0m close [3mtime.busy[0m[2m=[0m170ns [3mtime.idle[0m[2m=[0m18.3µs
[2m2026-09-25T18:33:55.520646Z[0m [32m INFO[0m ThreadId(01) [1minput_seat[0m[1m{[0m[3mname[0m[2m=[0m"wprs"[1m}[0m[2m:[0m[1madd_keyboard[0m[1m{[0m[3mxkb_config[0m[2m=[0mXkbConfig { rules: "", model: "", layout: "", variant: "", options: None } [3mrepeat_delay[0m[2m=[0m200 [3mrepeat_rate[0m[2m=[0m200[1m}[0m[2m:[0m[1minput_keyboard[0m[2m:[0m[1msend_keymap[0m[1m{[0m[3mfocus[0m[2m=[0mSome(WlSurface { id: ObjectId(wl_surface@18[0], 18), version: 5, data: Some(Any { .. }), handle: WeakHandle { handle: WeakInnerHandle[rs] { .. } } }) [3mmods[0m[2m=[0mModifiersState { ctrl: false, alt: false, shift: false, caps_lock: false, logo: false, num_lock: false, iso_level3_shift: false, iso_level5_shift: false, serialized: SerializedMods { depressed: 0, latched: 0, locked: 0, layout_effective: 0 } }[1m}[0m[2m:[0m [2msmithay::input::keyboard[0m[2m:[0m [2m/home/christoph/.cargo/registry/src/index.crates.io-1949cf8c6b5b557f/smithay-0.7.0/src/input/keyboard/mod.rs[0m[2m:[0m[2m724:[0m new
[2m2026-09-25T18:33:55.520658Z[0m [32m INFO[0m ThreadId(01) [1minput_seat[0m[1m{[0m[3mname[0m[2m=[0m"wprs"[1m}[0m[2m:[0m[1madd_keyboard[0m[1m{[0m[3mxkb_config[0m[2m=[0mXkbConfig { rules: "", model: "", layout: "", variant: "", options: None } [3mrepeat_delay[0m[2m=[0m200 [3mrepeat_rate[0m[2m=[0m200[1m}[0m[2m:[0m[1minput_keyboard[0m[2m:[0m[1msend_keymap[0m[1m{[0m[3mfocus[0m[2m=[0mSome(WlSurface { id: ObjectId(wl_surface@18[0], 18), version: 5, data: Some(Any { .. }), handle: WeakHandle { handle: WeakInnerHandle[rs] { .. } } }) [3mmods[0m[2m=[0mModifiersState { ctrl: false, alt: false, shift: false, caps_lock: false, logo: false, num_lock: false, iso_level3_shift: false, iso_level5_shift: false, serialized: SerializedMods { depressed: 0, latched: 0, locked: 0, layout_effective: 0 } }[1m}[0m[2m:[0m [2msmithay::input::keyboard[0m[2m:[0m [2m/home/christoph/.cargo/registry/src/index.crates.io-1949cf8c6b5b557f/smithay-0.7.0/src/input/keyboard/mod.rs[0m[2m:[0m[2m724:[0m close [3mtime.busy[0m[2m=[0m170ns [3mtime.idle[0m[2m=[0m12.0µs
[2m2026-09-25T18:33:55.520745Z[0m [32m INFO[0m ThreadId(01) [1minput_seat[0m[1m{[0m[3mname[0m[2m=[0m"wprs"[1m}[0m[2m:[0m[1madd_keyboard[0m[1m{[0m[3mxkb_config[0m[2m=[0mXkbConfig { rules: "", model: "", layout: "", variant: "", options: None } [3mrepeat_delay[0m[2m=[0m200 [3mrepeat_rate[0m[2m=[0m200[1m}[0m[2m:[0m[1minput_keyboard[0m[2m:[0m[1msend_keymap[0m[1m{[0m[3mfocus[0m[2m=[0mSome(WlSurface { id: ObjectId(wl_surface@18[0], 18), version: 5, data: Some(Any { .. }), handle: WeakHandle { handle: WeakInnerHandle[rs] { .. } } }) [3mmods[0m[2m=[0mModifiersState { ctrl: false, alt: false, shift: false, caps_lock: false, logo: false, num_lock: false, iso_level3_shift: false, iso_level5_shift: false, serialized: SerializedMods { depressed: 0, latched: 0, locked: 0, layout_effective: 0 } }[1m}[0m[2m:[0m [2msmithay::input::keyboard[0m[2m:[0m [2m/home/christoph/.cargo/registry/src/index.crates.io-1949cf8c6b5b557f/smithay-0.7.0/src/input/keyboard/mod.rs[0m[2m:[0m[2m724:[0m new
[2m2026-09-25T18:33:55.520765Z[0m [32m INFO[0m ThreadId(01) [1minput_seat[0m[1m{[0m[3mname[0m[2m=[0m"wprs"[1m}[0m[2m:[0m[1madd_keyboard[0m[1m{[0m[3mxkb_config[0m[2m=[0mXkbConfig { rules: "", model: "", layout: "", variant: "", options: None } [3mrepeat_delay[0m[2m=[0m200 [3mrepeat_rate[0m[2m=[0m200[1m}[0m[2m:[0m[1minput_keyboard[0m[2m:[0m[1msend_keymap[0m[1m{[0m[3mfocus[0m[2m=[0mSome(WlSurface { id: ObjectId(wl_surface@18[0], 18), version: 5, data: Some(Any { .. }), handle: WeakHandle { handle: WeakInnerHandle[rs] { .. } } }) [3mmods[0m[2m=[0mModifiersState { ctrl: false, alt: false, shift: false, caps_lock: false, logo: false, num_lock: false, iso_level3_shift: false, iso_level5_shift: false, serialized: SerializedMods { depressed: 0, latched: 0, locked: 0, layout_effective: 0 } }[1m}[0m[2m:[0m [2msmithay::input::keyboard[0m[2m:[0m [2m/home/christoph/.cargo/registry/src/index.crates.io-1949cf8c6b5b557f/smithay-0.7.0/src/input/keyboard/mod.rs[0m[2m:[0m[2m724:[0m close [3mtime.busy[0m[2m=[0m200ns [3mtime.idle[0m[2m=[0m19.7µs
[2m2026-09-25T18:33:55.520828Z[0m [32m INFO[0m ThreadId(01) [1minput_seat[0m[1m{[0m[3mname[0m[2m=[0m"wprs"[1m}[0m[2m:[0m[1madd_keyboard[0m[1m{[0m[3mxkb_config[0m[2m=[0mXkbConfig { rules: "", model: "", layout: "", variant: "", options: None } [3mrepeat_delay[0m[2m=[0m200 [3mrepeat_rate[0m[2m=[0m200[1m}[0m[2m:[0m[1minput_keyboard[0m[2m:[0m[1msend_keymap[0m[1m{[0m[3mfocus[0m[2m=[0mSome(WlSurface { id: ObjectId(wl_surface@18[0], 18), version: 5, data: Some(Any { .. }), handle: WeakHandle { handle: WeakInnerHandle[rs] { .. } } }) [3mmods[0m[2m=[0mModifiersState { ctrl: false, alt: false, shift: false, caps_lock: false, logo: false, num_lock: false, iso_level3_shift: false, iso_level5_shift: false, serialized: SerializedMods { depressed: 0, latched: 0, locked: 0, layout_effective: 0 } }[1m}[0m[2m:[0m [2msmithay::input::keyboard[0m[2m:[0m [2m/home/christoph/.cargo/registry/src/index.crates.io-1949cf8c6b5b557f/smithay-0.7.0/src/input/keyboard/mod.rs[0m[2m:[0m[2m724:[0m new
[2m2026-09-25T18:33:55.520840Z[0m [32m INFO[0m ThreadId(01) [1minput_seat[0m[1m{[0m[3mname[0m[2m=[0m"wprs"[1m}[0m[2m:[0m[1madd_keyboard[0m[1m{[0m[3mxkb_config[0m[2m=[0mXkbConfig { rules: "", model: "", layout: "", variant: "", options: None } [3mrepeat_delay[0m[2m=[0m200 [3mrepeat_rate[0m[2m=[0m200[1m}[0m[2m:[0m[1minput_keyboard[0m[2m:[0m[1msend_keymap[0m[1m{[0m[3mfocus[0m[2m=[0mSome(WlSurface { id: ObjectId(wl_surface@18[0], 18), version: 5, data: Some(Any { .. }), handle: WeakHandle { handle: WeakInnerHandle[rs] { .. } } }) [3mmods[0m[2m=[0mModifiersState { ctrl: false, alt: false, shift: false, caps_lock: false, logo: false, num_lock: false, iso_level3_shift: false, iso_level5_shift: false, serialized: SerializedMods { depressed: 0, latched: 0, locked: 0, layout_effective: 0 } }[1m}[0m[2m:[0m [2msmithay::input::keyboard[0m[2m:[0m [2m/home/christoph/.cargo/registry/src/index.crates.io-1949cf8c6b5b557f/smithay-0.7.0/src/input/keyboard/mod.rs[0m[2m:[0m[2m724:[0m close [3mtime.busy[0m[2m=[0m160ns [3mtime.idle[0m[2m=[0m11.4µs
[2m2026-09-25T18:33:55.520900Z[0m [32m INFO[0m ThreadId(01) [1minput_seat[0m[1m{[0m[3mname[0m[2m=[0m"wprs"[1m}[0m[2m:[0m[1madd_keyboard[0m[1m{[0m[3mxkb_config[0m[2m=[0mXkbConfig { rules: "", model: "", layout: "", variant: "", options: None } [3mrepeat_delay[0m[2m=[0m200 [3mrepeat_rate[0m[2m=[0m200[1m}[0m[2m:[0m[1minput_keyboard[0m[2m:[0m[1msend_keymap[0m[1m{[0m[3mfocus[0m[2m=[0mSome(WlSurface { id: ObjectId(wl_surface@18[0], 18), version: 5, data: Some(Any { .. }), handle: WeakHandle { handle: WeakInnerHandle[rs] { .. } } }) [3mmods[0m[2m=[0mModifiersState { ctrl: false, alt: false, shift: false, caps_lock: false, logo: false, num_lock: false, iso_level3_shift: false, iso_level5_shift: false, serialized: SerializedMods { depressed: 0, latched: 0, locked: 0, layout_effective: 0 } }[1m}[0m[2m:[0m [2msmithay::input::keyboard[0m[2m:[0m [2m/home/christoph/.cargo/registry/src/index.crates.io-1949cf8c6b5b557f/smithay-0.7.0/src/input/keyboard/mod.rs[0m[2m:[0m[2m724:[0m new
[2m2026-09-25T18:33:55.520918Z[0m [32m INFO[0m ThreadId(01) [1minput_seat[0m[1m{[0m[3mname[0m[2m=[0m"wprs"[1m}[0m[2m:[0m[1madd_keyboard[0m[1m{[0m[3mxkb_config[0m[2m=[0mXkbConfig { rules: "", model: "", layout: "", variant: "", options: None } [3mrepeat_delay[0m[2m=[0m200 [3mrepeat_rate[0m[2m=[0m200[1m}[0m[2m:[0m[1minput_keyboard[0m[2m:[0m[1msend_keymap[0m[1m{[0m[3mfocus[0m[2m=[0mSome(WlSurface { id: ObjectId(wl_surface@18[0], 18), version: 5, data: Some(Any { .. }), handle: WeakHandle { handle: WeakInnerHandle[rs] { .. } } }) [3mmods[0m[2m=[0mModifiersState { ctrl: false, alt: false, shift: false, caps_lock: false, logo: false, num_lock: false, iso_level3_shift: false, iso_level5_shift: false, serialized: SerializedMods { depressed: 0, latched: 0, locked: 0, layout_effective: 0 } }[1m}[0m[2m:[0m [2msmithay::input::keyboard[0m[2m:[0m [2m/home/christoph/.cargo/registry/src/index.crates.io-1949cf8c6b5b557f/smithay-0.7.0/src/input/keyboard/mod.rs[0m[2m:[0m[2m724:[0m close [3mtime.busy[0m[2m=[0m170ns [3mtime.idle[0m[2m=[0m17.1µs
[2m2026-09-25T18:33:55.520981Z[0m [32m INFO[0m ThreadId(01) [1minput_seat[0m[1m{[0m[3mname[0m[2m=[0m"wprs"[1m}[0m[2m:[0m[1madd_keyboard[0m[1m{[0m[3mxkb_config[0m[2m=[0mXkbConfig { rules: "", model: "", layout: "", variant: "", options: None } [3mrepeat_delay[0m[2m=[0m200 [3mrepeat_rate[0m[2m=[0m200[1m}[0m[2m:[0m[1minput_keyboard[0m[2m:[0m[1msend_keymap[0m[1m{[0m[3mfocus[0m[2m=[0mSome(WlSurface { id: ObjectId(wl_surface@18[0], 18), version: 5, data: Some(Any { .. }), handle: WeakHandle { handle: WeakInnerHandle[rs] { .. } } }) [3mmods[0m[2m=[0mModifiersState { ctrl: false, alt: false, shift: false, caps_lock: false, logo: false, num_lock: false, iso_level3_shift: false, iso_level5_shift: false, serialized: SerializedMods { depressed: 0, latched: 0, locked: 0, layout_effective: 0 } }[1m}[0m[2m:[0m [2msmithay::input::keyboard[0m[2m:[0m [2m/home/christoph/.cargo/registry/src/index.crates.io-1949cf8c6b5b557f/smithay-0.7.0/src/input/keyboard/mod.rs[0m[2m:[0m[2m724:[0m new
[2m2026-09-25T18:33:55.520993Z[0m [32m INFO[0m ThreadId(01) [1minput_seat[0m[1m{[0m[3mname[0m[2m=[0m"wprs"[1m}[0m[2m:[0m[1madd_keyboard[0m[1m{[0m[3mxkb_config[0m[2m=[0mXkbConfig { rules: "", model: "", layout: "", variant: "", options: None } [3mrepeat_delay[0m[2m=[0m200 [3mrepeat_rate[0m[2m=[0m200[1m}[0m[2m:[0m[1minput_keyboard[0m[2m:[0m[1msend_keymap[0m[1m{[0m[3mfocus[0m[2m=[0mSome(WlSurface { id: ObjectId(wl_surface@18[0], 18), version: 5, data: Some(Any { .. }), handle: WeakHandle { handle: WeakInnerHandle[rs] { .. } } }) [3mmods[0m[2m=[0mModifiersState { ctrl: false, alt: false, shift: false, caps_lock: false, logo: false, num_lock: false, iso_level3_shift: false, iso_level5_shift: false, serialized: SerializedMods { depressed: 0, latched: 0, locked: 0, layout_effective: 0 } }[1m}[0m[2m:[0m [2msmithay::input::keyboard[0m[2m:[0m [2m/home/christoph/.cargo/registry/src/index.crates.io-1949cf8c6b5b557f/smithay-0.7.0/src/input/keyboard/mod.rs[0m[2m:[0m[2m724:[0m close [3mtime.busy[0m[2m=[0m171ns [3mtime.idle[0m[2m=[0m11.9µs
[2m2026-09-25T18:33:55.521053Z[0m [32m INFO[0m ThreadId(01) [1minput_seat[0m[1m{[0m[3mname[0m[2m=[0m"wprs"[1m}[0m[2m:[0m[1madd_keyboard[0m[1m{[0m[3mxkb_config[0m[2m=[0mXkbConfig { rules: "", model: "", layout: "", variant: "", options: None } [3mrepeat_delay[0m[2m=[0m200 [3mrepeat_rate[0m[2m=[0m200[1m}[0m[2m:[0m[1minput_keyboard[0m[2m:[0m[1msend_keymap[0m[1m{[0m[3mfocus[0m[2m=[0mSome(WlSurface { id: ObjectId(wl_surface@18[0], 18), version: 5, data: Some(Any { .. }), handle: WeakHandle { handle: WeakInnerHandle[rs] { .. } } }) [3mmods[0m[2m=[0mModifiersState { ctrl: false, alt: false, shift: false, caps_lock: false, logo: false, num_lock: false, iso_level3_shift: false, iso_level5_shift: false, serialized: SerializedMods { depressed: 0, latched: 0, locked: 0, layout_effective: 0 } }[1m}[0m[2m:[0m [2msmithay::input::keyboard[0m[2m:[0m [2m/home/christoph/.cargo/registry/src/index.crates.io-1949cf8c6b5b557f/smithay-0.7.0/src/input/keyboard/mod.rs[0m[2m:[0m[2m724:[0m new
[2m2026-09-25T18:33:55.521071Z[0m [32m INFO[0m ThreadId(01) [1minput_seat[0m[1m{[0m[3mname[0m[2m=[0m"wprs"[1m}[0m[2m:[0m[1madd_keyboard[0m[1m{[0m[3mxkb_config[0m[2m=[0mXkbConfig { rules: "", model: "", layout: "", variant: "", options: None } [3mrepeat_delay[0m[2m=[0m200 [3mrepeat_rate[0m[2m=[0m200[1m}[0m[2m:[0m[1minput_keyboard[0m[2m:[0m[1msend_keymap[0m[1m{[0m[3mfocus[0m[2m=[0mSome(WlSurface { id: ObjectId(wl_surface@18[0], 18), version: 5, data: Some(Any { .. }), handle: WeakHandle { handle: WeakInnerHandle[rs] { .. } } }) [3mmods[0m[2m=[0mModifiersState { ctrl: false, alt: false, shift: false, caps_lock: false, logo: false, num_lock: false, iso_level3_shift: false, iso_level5_shift: false, serialized: SerializedMods { depressed: 0, latched: 0, locked: 0, layout_effective: 0 } }[1m}[0m[2m:[0m [2msmithay::input::keyboard[0m[2m:[0m [2m/home/christoph/.cargo/registry/src/index.crates.io-1949cf8c6b5b557f/smithay-0.7.0/src/input/keyboard/mod.rs[0m[2m:[0m[2m724:[0m close [3mtime.busy[0m[2m=[0m170ns [3mtime.idle[0m[2m=[0m17.8µs
[2m2026-09-25T18:33:55.521151Z[0m [32m INFO[0m ThreadId(01) [1minput_seat[0m[1m{[0m[3mname[0m[2m=[0m"wprs"[1m}[0m[2m:[0m[1madd_keyboard[0m[1m{[0m[3mxkb_config[0m[2m=[0mXkbConfig { rules: "", model: "", layout: "", variant: "", options: None } [3mrepeat_delay[0m[2m=[0m200 [3mrepeat_rate[0m[2m=[0m200[1m}[0m[2m:[0m[1minput_keyboard[0m[2m:[0m[1msend_keymap[0m[1m{[0m[3mfocus[0m[2m=[0mSome(WlSurface { id: ObjectId(wl_surface@18[0], 18), version: 5, data: Some(Any { .. }), handle: WeakHandle { handle: WeakInnerHandle[rs] { .. } } }) [3mmods[0m[2m=[0mModifiersState { ctrl: false, alt: false, shift: false, caps_lock: false, logo: false, num_lock: false, iso_level3_shift: false, iso_level5_shift: false, serialized: SerializedMods { depressed: 0, latched: 0, locked: 0, layout_effective: 0 } }[1m}[0m[2m:[0m [2msmithay::input::keyboard[0m[2m:[0m [2m/home/christoph/.cargo/registry/src/index.crates.io-1949cf8c6b5b557f/smithay-0.7.0/src/input/keyboard/mod.rs[0m[2m:[0m[2m724:[0m new
[2m2026-09-25T18:33:55.521163Z[0m [32m INFO[0m ThreadId(01) [1minput_seat[0m[1m{[0m[3mname[0m[2m=[0m"wprs"[1m}[0m[2m:[0m[1madd_keyboard[0m[1m{[0m[3mxkb_config[0m[2m=[0mXkbConfig { rules: "", model: "", layout: "", variant: "", options: None } [3mrepeat_delay[0m[2m=[0m200 [3mrepeat_rate[0m[2m=[0m200[1m}[0m[2m:[0m[1minput_keyboard[0m[2m:[0m[1msend_keymap[0m[1m{[0m[3mfocus[0m[2m=[0mSome(WlSurface { id: ObjectId(wl_surface@18[0], 18), version: 5, data: Some(Any { .. }), handle: WeakHandle { handle: WeakInnerHandle[rs] { .. } } }) [3mmods[0m[2m=[0mModifiersState { ctrl: false, alt: false, shift: false, caps_lock: false, logo: false, num_lock: false, iso_level3_shift: false, iso_level5_shift: false, serialized: SerializedMods { depressed: 0, latched: 0, locked: 0, layout_effective: 0 } }[1m}[0m[2m:[0m [2msmithay::input::keyboard[0m[2m:[0m [2m/home/christoph/.cargo/registry/src/index.crates.io-1949cf8c6b5b557f/smithay-0.7.0/src/input/keyboard/mod.rs[0m[2m:[0m[2m724:[0m close [3mtime.busy[0m[2m=[0m171ns [3mtime.idle[0m[2m=[0m12.0µs
[2m2026-09-25T18:33:55.521235Z[0m [32m INFO[0m ThreadId(01) [1minput_seat[0m[1m{[0m[3mname[0m[2m=[0m"wprs"[1m}[0m[2m:[0m[1madd_keyboard[0m[1m{[0m[3mxkb_config[0m[2m=[0mXkbConfig { rules: "", model: "", layout: "", variant: "", options: None } [3mrepeat_delay[0m[2m=[0m200 [3mrepeat_rate[0m[2m=[0m200[1m}[0m[2m:[0m[1minput_keyboard[0m[2m:[0m[1msend_keymap[0m[1m{[0m[3mfocus[0m[2m=[0mSome(WlSurface { id: ObjectId(wl_surface@18[0], 18), version: 5, data: Some(Any { .. }), handle: WeakHandle { handle: WeakInnerHandle[rs] { .. } } }) [3mmods[0m[2m=[0mModifiersState { ctrl: false, alt: false, shift: false, caps_lock: false, logo: false, num_lock: false, iso_level3_shift: false, iso_level5_shift: false, serialized: SerializedMods { depressed: 0, latched: 0, locked: 0, layout_effective: 0 } }[1m}[0m[2m:[0m [2msmithay::input::keyboard[0m[2m:[0m [2m/home/christoph/.cargo/registry/src/index.crates.io-1949cf8c6b5b557f/smithay-0.7.0/src/input/keyboard/mod.rs[0m[2m:[0m[2m724:[0m new
[2m2026-09-25T18:33:55.521254Z[0m [32m INFO[0m ThreadId(01) [1minput_seat[0m[1m{[0m[3mname[0m[2m=[0m"wprs"[1m}[0m[2m:[0m[1madd_keyboard[0m[1m{[0m[3mxkb_config[0m[2m=[0mXkbConfig { rules: "", model: "", layout: "", variant: "", options: None } [3mrepeat_delay[0m[2m=[0m200 [3mrepeat_rate[0m[2m=[0m200[1m}[0m[2m:[0m[1minput_keyboard[0m[2m:[0m[1msend_keymap[0m[1m{[0m[3mfocus[0m[2m=[0mSome(WlSurface { id: ObjectId(wl_surface@18[0], 18), version: 5, data: Some(Any { .. }), handle: WeakHandle { handle: WeakInnerHandle[rs] { .. } } }) [3mmods[0m[2m=[0mModifiersState { ctrl: false, alt: false, shift: false, caps_lock: false, logo: false, num_lock: false, iso_level3_shift: false, iso_level5_shift: false, serialized: SerializedMods { depressed: 0, latched: 0, locked: 0, layout_effective: 0 } }[1m}[0m[2m:[0m [2msmithay::input::keyboard[0m[2m:[0m [2m/home/christoph/.cargo/registry/src/index.crates.io-1949cf8c6b5b557f/smithay-0.7.0/src/input/keyboard/mod.rs[0m[2m:[0m[2m724:[0m close [3mtime.busy[0m[2m=[0m210ns [3mtime.idle[0m[2m=[0m19.3µs
[2m2026-09-25T18:33:55.521319Z[0m [32m INFO[0m ThreadId(01) [1minput_seat[0m[1m{[0m[3mname[0m[2m=[0m"wprs"[1m}[0m[2m:[0m[1madd_keyboard[0m[1m{[0m[3mxkb_config[0m[2m=[0mXkbConfig { rules: "", model: "", layout: "", variant: "", options: None } [3mrepeat_delay[0m[2m=[0m200 [3mrepeat_rate[0m[2m=[0m200[1m}[0m[2m:[0m[1minput_keyboard[0m[2m:[0m[1msend_keymap[0m[1m{[0m[3mfocus[0m[2m=[0mSome(WlSurface { id: ObjectId(wl_surface@18[0], 18), version: 5, data: Some(Any { .. }), handle: WeakHandle { handle: WeakInnerHandle[rs] { .. } } }) [3mmods[0m[2m=[0mModifiersState { ctrl: false, alt: false, shift: false, caps_lock: false, logo: false, num_lock: false, iso_level3_shift: false, iso_level5_shift: false, serialized: SerializedMods { depressed: 0, latched: 0, locked: 0, layout_effective: 0 } }[1m}[0m[2m:[0m [2msmithay::input::keyboard[0m[2m:[0m [2m/home/christoph/.cargo/registry/src/index.crates.io-1949cf8c6b5b557f/smithay-0.7.0/src/input/keyboard/mod.rs[0m[2m:[0m[2m724:[0m new
[2m2026-09-25T18:33:55.521331Z[0m [32m INFO[0m ThreadId(01) [1minput_seat[0m[1m{[0m[3mname[0m[2m=[0m"wprs"[1m}[0m[2m:[0m[1madd_keyboard[0m[1m{[0m[3mxkb_config[0m[2m=[0mXkbConfig { rules: "", model: "", layout: "", variant: "", options: None } [3mrepeat_delay[0m[2m=[0m200 [3mrepeat_rate[0m[2m=[0m200[1m}[0m[2m:[0m[1minput_keyboard[0m[2m:[0m[1msend_keymap[0m[1m{[0m[3mfocus[0m[2m=[0mSome(WlSurface { id: ObjectId(wl_surface@18[0], 18), version: 5, data: Some(Any { .. }), handle: WeakHandle { handle: WeakInnerHandle[rs] { .. } } }) [3mmods[0m[2m=[0mModifiersState { ctrl: false, alt: false, shift: false, caps_lock: false, logo: false, num_lock: false, iso_level3_shift: false, iso_level5_shift: false, serialized: SerializedMods { depressed: 0, latched: 0, locked: 0, layout_effective: 0 } }[1m}[0m[2m:[0m [2msmithay::input::keyboard[0m[2m:[0m [2m/home/christoph/.cargo/registry/src/index.crates.io-1949cf8c6b5b557f/smithay-0.7.0/src/input/keyboard/mod.rs[0m[2m:[0m[2m724:[0m close [3mtime.busy[0m[2m=[0m150ns [3mtime.idle[0m[2m=[0m11.9µs
[2m2026-09-25T18:33:55.521397Z[0m [32m INFO[0m ThreadId(01) [1minput_seat[0m[1m{[0m[3mname[0m[2m=[0m"wprs"[1m}[0m[2m:[0m[1madd_keyboard[0m[1m{[0m[3mxkb_config[0m[2m=[0mXkbConfig { rules: "", model: "", layout: "", variant: "", options: None } [3mrepeat_delay[0m[2m=[0m200 [3mrepeat_rate[0m[2m=[0m200[1m}[0m[2m:[0m[1minput_keyboard[0m[2m:[0m[1msend_keymap[0m[1m{[0m[3mfocus[0m[2m=[0mSome(WlSurface { id: ObjectId(wl_surface@18[0], 18), version: 5, data: Some(Any { .. }), handle: WeakHandle { handle: WeakInnerHandle[rs] { .. } } }) [3mmods[0m[2m=[0mModifiersState { ctrl: false, alt: false, shift: false, caps_lock: false, logo: false, num_lock: false, iso_level3_shift: false, iso_level5_shift: false, serialized: SerializedMods { depressed: 0, latched: 0, locked: 0, layout_effective: 0 } }[1m}[0m[2m:[0m [2msmithay::input::keyboard[0m[2m:[0m [2m/home/christoph/.cargo/registry/src/index.crates.io-1949cf8c6b5b557f/smithay-0.7.0/src/input/keyboard/mod.rs[0m[2m:[0m[2m724:[0m new
[2m2026-09-25T18:33:55.521412Z[0m [32m INFO[0m ThreadId(01) [1minput_seat[0m[1m{[0m[3mname[0m[2m=[0m"wprs"[1m}[0m[2m:[0m[1madd_keyboard[0m[1m{[0m[3mxkb_config[0m[2m=[0mXkbConfig { rules: "", model: "", layout: "", variant: "", options: None } [3mrepeat_delay[0m[2m=[0m200 [3mrepeat_rate[0m[2m=[0m200[1m}[0m[2m:[0m[1minput_keyboard[0m[2m:[0m[1msend_keymap[0m[1m{[0m[3mfocus[0m[2m=[0mSome(WlSurface { id: ObjectId(wl_surface@18[0], 18), version: 5, data: Some(Any { .. }), handle: WeakHandle { handle: WeakInnerHandle[rs] { .. } } }) [3mmods[0m[2m=[0mModifiersState { ctrl: false, alt: false, shift: false, caps_lock: false, logo: false, num_lock: false, iso_level3_shift: false, iso_level5_shift: false, serialized: SerializedMods { depressed: 0, latched: 0, locked: 0, layout_effective: 0 } }[1m}[0m[2m:[0m [2msmithay::input::keyboard[0m[2m:[0m [2m/home/christoph/.cargo/registry/src/index.crates.io-1949cf8c6b5b557f/smithay-0.7.0/src/input/keyboard/mod.rs[0m[2m:[0m[2m724:[0m close [3mtime.busy[0m[2m=[0m170ns [3mtime.idle[0m[2m=[0m14.0µs
[2m2026-09-25T18:33:55.521472Z[0m [32m INFO[0m ThreadId(01) [1minput_seat[0m[1m{[0m[3mname[0m[2m=[0m"wprs"[1m}[0m[2m:[0m[1madd_keyboard[0m[1m{[0m[3mxkb_config[0m[2m=[0mXkbConfig { rules: "", model: "", layout: "", variant: "", options: None } [3mrepeat_delay[0m[2m=[0m200 [3mrepeat_rate[0m[2m=[0m200[1m}[0m[2m:[0m[1minput_keyboard[0m[2m:[0m[1msend_keymap[0m[1m{[0m[3mfocus[0m[2m=[0mSome(WlSurface { id: ObjectId(wl_surface@18[0], 18), version: 5, data: Some(Any { .. }), handle: WeakHandle { handle: WeakInnerHandle[rs] { .. } } }) [3mmods[0m[2m=[0mModifiersState { ctrl: false, alt: false, shift: false, caps_lock: false, logo: false, num_lock: false, iso_level3_shift: false, iso_level5_shift: false, serialized: SerializedMods { depressed: 0, latched: 0, locked: 0, layout_effective: 0 } }[1m}[0m[2m:[0m [2msmithay::input::keyboard[0m[2m:[0m [2m/home/christoph/.cargo/registry/src/index.crates.io-1949cf8c6b5b557f/smithay-0.7.0/src/input/keyboard/mod.rs[0m[2m:[0m[2m724:[0m new
[2m2026-09-25T18:33:55.521484Z[0m [32m INFO[0m ThreadId(01) [1minput_seat[0m[1m{[0m[3mname[0m[2m=[0m"wprs"[1m}[0m[2m:[0m[1madd_keyboard[0m[1m{[0m[3mxkb_config[0m[2m=[0mXkbConfig { rules: "", model: "", layout: "", variant: "", options: None } [3mrepeat_delay[0m[2m=[0m200 [3mrepeat_rate[0m[2m=[0m200[1m}[0m[2m:[0m[1minput_keyboard[0m[2m:[0m[1msend_keymap[0m[1m{[0m[3mfocus[0m[2m=[0mSome(WlSurface { id: ObjectId(wl_surface@18[0], 18), version: 5, data: Some(Any { .. }), handle: WeakHandle { handle: WeakInnerHandle[rs] { .. } } }) [3mmods[0m[2m=[0mModifiersState { ctrl: false, alt: false, shift: false, caps_lock: false, logo: false, num_lock: false, iso_level3_shift: false, iso_level5_shift: false, serialized: SerializedMods { depressed: 0, latched: 0, locked: 0, layout_effective: 0 } }[1m}[0m[2m:[0m [2msmithay::input::keyboard[0m[2m:[0m [2m/home/christoph/.cargo/registry/src/index.crates.io-1949cf8c6b5b557f/smithay-0.7.0/src/input/keyboard/mod.rs[0m[2m:[0m[2m724:[0m close [3mtime.busy[0m[2m=[0m140ns [3mtime.idle[0m[2m=[0m11.9µs
[2m2026-09-25T18:33:55.521549Z[0m [32m INFO[0m ThreadId(01) [1minput_seat[0m[1m{[0m[3mname[0m[2m=[0m"wprs"[1m}[0m[2m:[0m[1madd_keyboard[0m[1m{[0m[3mxkb_config[0m[2m=[0mXkbConfig { rules: "", model: "", layout: "", variant: "", options: None } [3mrepeat_delay[0m[2m=[0m200 [3mrepeat_rate[0m[2m=[0m200[1m}[0m[2m:[0m[1minput_keyboard[0m[2m:[0m[1msend_keymap[0m[1m{[0m[3mfocus[0m[2m=[0mSome(WlSurface { id: ObjectId(wl_surface@18[0], 18), version: 5, data: Some(Any { .. }), handle: WeakHandle { handle: WeakInnerHandle[rs] { .. } } }) [3mmods[0m[2m=[0mModifiersState { ctrl: false, alt: false, shift: false, caps_lock: false, logo: false, num_lock: false, iso_level3_shift: false, iso_level5_shift: false, serialized: SerializedMods { depressed: 0, latched: 0, locked: 0, layout_effective: 0 } }[1m}[0m[2m:[0m [2msmithay::input::keyboard[0m[2m:[0m [2m/home/christoph/.cargo/registry/src/index.crates.io-1949cf8c6b5b557f/smithay-0.7.0/src/input/keyboard/mod.rs[0m[2m:[0m[2m724:[0m new
[2m2026-09-25T18:33:55.521563Z[0m [32m INFO[0m ThreadId(01) [1minput_seat[0m[1m{[0m[3mname[0m[2m=[0m"wprs"[1m}[0m[2m:[0m[1madd_keyboard[0m[1m{[0m[3mxkb_config[0m[2m=[0mXkbConfig { rules: "", model: "", layout: "", variant: "", options: None } [3mrepeat_delay[0m[2m=[0m200 [3mrepeat_rate[0m[2m=[0m200[1m}[0m[2m:[0m[1minput_keyboard[0m[2m:[0m[1msend_keymap[0m[1m{[0m[3mfocus[0m[2m=[0mSome(WlSurface { id: ObjectId(wl_surface@18[0], 18), version: 5, data: Some(Any { .. }), handle: WeakHandle { handle: WeakInnerHandle[rs] { .. } } }) [3mmods[0m[2m=[0mModifiersState { ctrl: false, alt: false, shift: false, caps_lock: false, logo: false, num_lock: false, iso_level3_shift: false, iso_level5_shift: false, serialized: SerializedMods { depressed: 0, latched: 0, locked: 0, layout_effective: 0 } }[1m}[0m[2m:[0m [2msmithay::input::keyboard[0m[2m:[0m [2m/home/christoph/.cargo/registry/src/index.crates.io-1949cf8c6b5b557f/smithay-0.7.0/src/input/keyboard/mod.rs[0m[2m:[0m[2m724:[0m close [3mtime.busy[0m[2m=[0m150ns [3mtime.idle[0m[2m=[0m14.0µs
[2m2026-09-25T18:33:55.521629Z[0m [32m INFO[0m ThreadId(01) [1minput_seat[0m[1m{[0m[3mname[0m[2m=[0m"wprs"[1m}[0m[2m:[0m[1madd_keyboard[0m[1m{[0m[3mxkb_config[0m[2m=[0mXkbConfig { rules: "", model: "", layout: "", variant: "", options: None } [3mrepeat_delay[0m[2m=[0m200 [3mrepeat_rate[0m[2m=[0m200[1m}[0m[2m:[0m[1minput_keyboard[0m[2m:[0m[1msend_keymap[0m[1m{[0m[3mfocus[0m[2m=[0mSome(WlSurface { id: ObjectId(wl_surface@18[0], 18), version: 5, data: Some(Any { .. }), handle: WeakHandle { handle: WeakInnerHandle[rs] { .. } } }) [3mmods[0m[2m=[0mModifiersState { ctrl: false, alt: false, shift: false, caps_lock: false, logo: false, num_lock: false, iso_level3_shift: false, iso_level5_shift: false, serialized: SerializedMods { depressed: 0, latched: 0, locked: 0, layout_effective: 0 } }[1m}[0m[2m:[0m [2msmithay::input::keyboard[0m[2m:[0m [2m/home/christoph/.cargo/registry/src/index.crates.io-1949cf8c6b5b557f/smithay-0.7.0/src/input/keyboard/mod.rs[0m[2m:[0m[2m724:[0m new
[2m2026-09-25T18:33:55.521644Z[0m [32m INFO[0m ThreadId(01) [1minput_seat[0m[1m{[0m[3mname[0m[2m=[0m"wprs"[1m}[0m[2m:[0m[1madd_keyboard[0m[1m{[0m[3mxkb_config[0m[2m=[0mXkbConfig { rules: "", model: "", layout: "", variant: "", options: None } [3mrepeat_delay[0m[2m=[0m200 [3mrepeat_rate[0m[2m=[0m200[1m}[0m[2m:[0m[1minput_keyboard[0m[2m:[0m[1msend_keymap[0m[1m{[0m[3mfocus[0m[2m=[0mSome(WlSurface { id: ObjectId(wl_surface@18[0], 18), version: 5, data: Some(Any { .. }), handle: WeakHandle { handle: WeakInnerHandle[rs] { .. } } }) [3mmods[0m[2m=[0mModifiersState { ctrl: false, alt: false, shift: false, caps_lock: false, logo: false, num_lock: false, iso_level3_shift: false, iso_level5_shift: false, serialized: SerializedMods { depressed: 0, latched: 0, locked: 0, layout_effective: 0 } }[1m}[0m[2m:[0m [2msmithay::input::keyboard[0m[2m:[0m [2m/home/christoph/.cargo/registry/src/index.crates.io-1949cf8c6b5b557f/smithay-0.7.0/src/input/keyboard/mod.rs[0m[2m:[0m[2m724:[0m close [3mtime.busy[0m[2m=[0m230ns [3mtime.idle[0m[2m=[0m14.8µs
[2m2026-09-25T18:33:55.521769Z[0m [32m INFO[0m ThreadId(01) [1minput_seat[0m[1m{[0m[3mname[0m[2m=[0m"wprs"[1m}[0m[2m:[0m[1madd_keyboard[0m[1m{[0m[3mxkb_config[0m[2m=[0mXkbConfig { rules: "", model: "", layout: "", variant: "", options: None } [3mrepeat_delay[0m[2m=[0m200 [3mrepeat_rate[0m[2m=[0m200[1m}[0m[2m:[0m[1minput_keyboard[0m[2m:[0m[1msend_keymap[0m[1m{[0m[3mfocus[0m[2m=[0mSome(WlSurface { id: ObjectId(wl_surface@18[0], 18), version: 5, data: Some(Any { .. }), handle: WeakHandle { handle: WeakInnerHandle[rs] { .. } } }) [3mmods[0m[2m=[0mModifiersState { ctrl: false, alt: false, shift: false, caps_lock: false, logo: false, num_lock: false, iso_level3_shift: false, iso_level5_shift: false, serialized: SerializedMods { depressed: 0, latched: 0, locked: 0, layout_effective: 0 } }[1m}[0m[2m:[0m [2msmithay::input::keyboard[0m[2m:[0m [2m/home/christoph/.cargo/registry/src/index.crates.io-1949cf8c6b5b557f/smithay-0.7.0/src/input/keyboard/mod.rs[0m[2m:[0m[2m724:[0m new
[2m2026-09-25T18:33:55.521804Z[0m [32m INFO[0m ThreadId(01) [1minput_seat[0m[1m{[0m[3mname[0m[2m=[0m"wprs"[1m}[0m[2m:[0m[1madd_keyboard[0m[1m{[0m[3mxkb_config[0m[2m=[0mXkbConfig { rules: "", model: "", layout: "", variant: "", options: None } [3mrepeat_delay[0m[2m=[0m200 [3mrepeat_rate[0m[2m=[0m200[1m}[0m[2m:[0m[1minput_keyboard[0m[2m:[0m[1msend_keymap[0m[1m{[0m[3mfocus[0m[2m=[0mSome(WlSurface { id: ObjectId(wl_surface@18[0], 18), version: 5, data: Some(Any { .. }), handle: WeakHandle { handle: WeakInnerHandle[rs] { .. } } }) [3mmods[0m[2m=[0mModifiersState { ctrl: false, alt: false, shift: false, caps_lock: false, logo: false, num_lock: false, iso_level3_shift: false, iso_level5_shift: false, serialized: SerializedMods { depressed: 0, latched: 0, locked: 0, layout_effective: 0 } }[1m}[0m[2m:[0m [2msmithay::input::keyboard[0m[2m:[0m [2m/home/christoph/.cargo/registry/src/index.crates.io-1949cf8c6b5b557f/smithay-0.7.0/src/input/keyboard/mod.rs[0m[2m:[0m[2m724:[0m close [3mtime.busy[0m[2m=[0m330ns [3mtime.idle[0m[2m=[0m34.5µs
[2m2026-09-25T18:33:55.521875Z[0m [32m INFO[0m ThreadId(01) [1minput_seat[0m[1m{[0m[3mname[0m[2m=[0m"wprs"[1m}[0m[2m:[0m[1madd_keyboard[0m[1m{[0m[3mxkb_config[0m[2m=[0mXkbConfig { rules: "", model: "", layout: "", variant: "", options: None } [3mrepeat_delay[0m[2m=[0m200 [3mrepeat_rate[0m[2m=[0m200[1m}[0m[2m:[0m[1minput_keyboard[0m[2m:[0m[1msend_keymap[0m[1m{[0m[3mfocus[0m[2m=[0mSome(WlSurface { id: ObjectId(wl_surface@18[0], 18), version: 5, data: Some(Any { .. }), handle: WeakHandle { handle: WeakInnerHandle[rs] { .. } } }) [3mmods[0m[2m=[0mModifiersState { ctrl: false, alt: false, shift: false, caps_lock: false, logo: false, num_lock: false, iso_level3_shift: false, iso_level5_shift: false, serialized: SerializedMods { depressed: 0, latched: 0, locked: 0, layout_effective: 0 } }[1m}[0m[2m:[0m [2msmithay::input::keyboard[0m[2m:[0m [2m/home/christoph/.cargo/registry/src/index.crates.io-1949cf8c6b5b557f/smithay-0.7.0/src/input/keyboard/mod.rs[0m[2m:[0m[2m724:[0m new
[2m2026-09-25T18:33:55.521888Z[0m [32m INFO[0m ThreadId(01) [1minput_seat[0m[1m{[0m[3mname[0m[2m=[0m"wprs"[1m}[0m[2m:[0m[1madd_keyboard[0m[1m{[0m[3mxkb_config[0m[2m=[0mXkbConfig { rules: "", model: "", layout: "", variant: "", options: None } [3mrepeat_delay[0m[2m=[0m200 [3mrepeat_rate[0m[2m=[0m200[1m}[0m[2m:[0m[1minput_keyboard[0m[2m:[0m[1msend_keymap[0m[1m{[0m[3mfocus[0m[2m=[0mSome(WlSurface { id: ObjectId(wl_surface@18[0], 18), version: 5, data: Some(Any { .. }), handle: WeakHandle { handle: WeakInnerHandle[rs] { .. } } }) [3mmods[0m[2m=[0mModifiersState { ctrl: false, alt: false, shift: false, caps_lock: false, logo: false, num_lock: false, iso_level3_shift: false, iso_level5_shift: false, serialized: SerializedMods { depressed: 0, latched: 0, locked: 0, layout_effective: 0 } }[1m}[0m[2m:[0m [2msmithay::input::keyboard[0m[2m:[0m [2m/home/christoph/.cargo/registry/src/index.crates.io-1949cf8c6b5b557f/smithay-0.7.0/src/input/keyboard/mod.rs[0m[2m:[0m[2m724:[0m close [3mtime.busy[0m[2m=[0m180ns [3mtime.idle[0m[2m=[0m12.0µs
[2m2026-09-25T18:33:55.521959Z[0m [32m INFO[0m ThreadId(01) [1minput_seat[0m[1m{[0m[3mname[0m[2m=[0m"wprs"[1m}[0m[2m:[0m[1madd_keyboard[0m[1m{[0m[3mxkb_config[0m[2m=[0mXkbConfig { rules: "", model: "", layout: "", variant: "", options: None } [3mrepeat_delay[0m[2m=[0m200 [3mrepeat_rate[0m[2m=[0m200[1m}[0m[2m:[0m[1minput_keyboard[0m[2m:[0m[1msend_keymap[0m[1m{[0m[3mfocus[0m[2m=[0mSome(WlSurface { id: ObjectId(wl_surface@18[0], 18), version: 5, data: Some(Any { .. }), handle: WeakHandle { handle: WeakInnerHandle[rs] { .. } } }) [3mmods[0m[2m=[0mModifiersState { ctrl: false, alt: false, shift: false, caps_lock: false, logo: false, num_lock: false, iso_level3_shift: false, iso_level5_shift: false, serialized: SerializedMods { depressed: 0, latched: 0, locked: 0, layout_effective: 0 } }[1m}[0m[2m:[0m [2msmithay::input::keyboard[0m[2m:[0m [2m/home/christoph/.cargo/registry/src/index.crates.io-1949cf8c6b5b557f/smithay-0.7.0/src/input/keyboard/mod.rs[0m[2m:[0m[2m724:[0m new
[2m2026-09-25T18:33:55.521974Z[0m [32m INFO[0m ThreadId(01) [1minput_seat[0m[1m{[0m[3mname[0m[2m=[0m"wprs"[1m}[0m[2m:[0m[1madd_keyboard[0m[1m{[0m[3mxkb_config[0m[2m=[0mXkbConfig { rules: "", model: "", layout: "", variant: "", options: None } [3mrepeat_delay[0m[2m=[0m200 [3mrepeat_rate[0m[2m=[0m200[1m}[0m[2m:[0m[1minput_keyboard[0m[2m:[0m[1msend_keymap[0m[1m{[0m[3mfocus[0m[2m=[0mSome(WlSurface { id: ObjectId(wl_surface@18[0], 18), version: 5, data: Some(Any { .. }), handle: WeakHandle { handle: WeakInnerHandle[rs] { .. } } }) [3mmods[0m[2m=[0mModifiersState { ctrl: false, alt: false, shift: false, caps_lock: false, logo: false, num_lock: false, iso_level3_shift: false, iso_level5_shift: false, serialized: SerializedMods { depressed: 0, latched: 0, locked: 0, layout_effective: 0 } }[1m}[0m[2m:[0m [2msmithay::input::keyboard[0m[2m:[0m [2m/home/christoph/.cargo/registry/src/index.crates.io-1949cf8c6b5b557f/smithay-0.7.0/src/input/keyboard/mod.rs[0m[2m:[0m[2m724:[0m close [3mtime.busy[0m[2m=[0m150ns [3mtime.idle[0m[2m=[0m15.0µs
[2m2026-09-25T18:33:55.522035Z[0m [32m INFO[0m ThreadId(01) [1minput_seat[0m[1m{[0m[3mname[0m[2m=[0m"wprs"[1m}[0m[2m:[0m[1madd_keyboard[0m[1m{[0m[3mxkb_config[0m[2m=[0mXkbConfig { rules: "", model: "", layout: "", variant: "", options: None } [3mrepeat_delay[0m[2m=[0m200 [3mrepeat_rate[0m[2m=[0m200[1m}[0m[2m:[0m[1minput_keyboard[0m[2m:[0m[1msend_keymap[0m[1m{[0m[3mfocus[0m[2m=[0mSome(WlSurface { id: ObjectId(wl_surface@18[0], 18), version: 5, data: Some(Any { .. }), handle: WeakHandle { handle: WeakInnerHandle[rs] { .. } } }) [3mmods[0m[2m=[0mModifiersState { ctrl: false, alt: false, shift: false, caps_lock: false, logo: false, num_lock: false, iso_level3_shift: false, iso_level5_shift: false, serialized: SerializedMods { depressed: 0, latched: 0, locked: 0, layout_effective: 0 } }[1m}[0m[2m:[0m [2msmithay::input::keyboard[0m[2m:[0m [2m/home/christoph/.cargo/registry/src/index.crates.io-1949cf8c6b5b557f/smithay-0.7.0/src/input/keyboard/mod.rs[0m[2m:[0m[2m724:[0m new
[2m2026-09-25T18:33:55.522054Z[0m [32m INFO[0m ThreadId(01) [1minput_seat[0m[1m{[0m[3mname[0m[2m=[0m"wprs"[1m}[0m[2m:[0m[1madd_keyboard[0m[1m{[0m[3mxkb_config[0m[2m=[0mXkbConfig { rules: "", model: "", layout: "", variant: "", options: None } [3mrepeat_delay[0m[2m=[0m200 [3mrepeat_rate[0m[2m=[0m200[1m}[0m[2m:[0m[1minput_keyboard[0m[2m:[0m[1msend_keymap[0m[1m{[0m[3mfocus[0m[2m=[0mSome(WlSurface { id: ObjectId(wl_surface@18[0], 18), version: 5, data: Some(Any { .. }), handle: WeakHandle { handle: WeakInnerHandle[rs] { .. } } }) [3mmods[0m[2m=[0mModifiersState { ctrl: false, alt: false, shift: false, caps_lock: false, logo: false, num_lock: false, iso_level3_shift: false, iso_level5_shift: false, serialized: SerializedMods { depressed: 0, latched: 0, locked: 0, layout_effective: 0 } }[1m}[0m[2m:[0m [2msmithay::input::keyboard[0m[2m:[0m [2m/home/christoph/.cargo/registry/src/index.crates.io-1949cf8c6b5b557f/smithay-0.7.0/src/input/keyboard/mod.rs[0m[2m:[0m[2m724:[0m close [3mtime.busy[0m[2m=[0m170ns [3mtime.idle[0m[2m=[0m17.9µs
[2m2026-09-25T18:33:55.522117Z[0m [32m INFO[0m ThreadId(01) [1minput_seat[0m[1m{[0m[3mname[0m[2m=[0m"wprs"[1m}[0m[2m:[0m[1madd_keyboard[0m[1m{[0m[3mxkb_config[0m[2m=[0mXkbConfig { rules: "", model: "", layout: "", variant: "", options: None } [3mrepeat_delay[0m[2m=[0m200 [3mrepeat_rate[0m[2m=[0m200[1m}[0m[2m:[0m[1minput_keyboard[0m[2m:[0m[1msend_keymap[0m[1m{[0m[3mfocus[0m[2m=[0mSome(WlSurface { id: ObjectId(wl_surface@18[0], 18), version: 5, data: Some(Any { .. }), handle: WeakHandle { handle: WeakInnerHandle[rs] { .. } } }) [3mmods[0m[2m=[0mModifiersState { ctrl: false, alt: false, shift: false, caps_lock: false, logo: false, num_lock: false, iso_level3_shift: false, iso_level5_shift: false, serialized: SerializedMods { depressed: 0, latched: 0, locked: 0, layout_effective: 0 } }[1m}[0m[2m:[0m [2msmithay::input::keyboard[0m[2m:[0m [2m/home/christoph/.cargo/registry/src/index.crates.io-1949cf8c6b5b557f/smithay-0.7.0/src/input/keyboard/mod.rs[0m[2m:[0m[2m724:[0m new
[2m2026-09-25T18:33:55.522129Z[0m [32m INFO[0m ThreadId(01) [1minput_seat[0m[1m{[0m[3mname[0m[2m=[0m"wprs"[1m}[0m[2m:[0m[1madd_keyboard[0m[1m{[0m[3mxkb_config[0m[2m=[0mXkbConfig { rules: "", model: "", layout: "", variant: "", options: None } [3mrepeat_delay[0m[2m=[0m200 [3mrepeat_rate[0m[2m=[0m200[1m}[0m[2m:[0m[1minput_keyboard[0m[2m:[0m[1msend_keymap[0m[1m{[0m[3mfocus[0m[2m=[0mSome(WlSurface { id: ObjectId(wl_surface@18[0], 18), version: 5, data: Some(Any { .. }), handle: WeakHandle { handle: WeakInnerHandle[rs] { .. } } }) [3mmods[0m[2m=[0mModifiersState { ctrl: false, alt: false, shift: false, caps_lock: false, logo: false, num_lock: false, iso_level3_shift: false, iso_level5_shift: false, serialized: SerializedMods { depressed: 0, latched: 0, locked: 0, layout_effective: 0 } }[1m}[0m[2m:[0m [2msmithay::input::keyboard[0m[2m:[0m [2m/home/christoph/.cargo/registry/src/index.crates.io-1949cf8c6b5b557f/smithay-0.7.0/src/input/keyboard/mod.rs[0m[2m:[0m[2m724:[0m close [3mtime.busy[0m[2m=[0m170ns [3mtime.idle[0m[2m=[0m11.7µs
[2m2026-09-25T18:33:55.522193Z[0m [32m INFO[0m ThreadId(01) [1minput_seat[0m[1m{[0m[3mname[0m[2m=[0m"wprs"[1m}[0m[2m:[0m[1madd_keyboard[0m[1m{[0m[3mxkb_config[0m[2m=[0mXkbConfig { rules: "", model: "", layout: "", variant: "", options: None } [3mrepeat_delay[0m[2m=[0m200 [3mrepeat_rate[0m[2m=[0m200[1m}[0m[2m:[0m[1minput_keyboard[0m[2m:[0m[1msend_keymap[0m[1m{[0m[3mfocus[0m[2m=[0mSome(WlSurface { id: ObjectId(wl_surface@18[0], 18), version: 5, data: Some(Any { .. }), handle: WeakHandle { handle: WeakInnerHandle[rs] { .. } } }) [3mmods[0m[2m=[0mModifiersState { ctrl: false, alt: false, shift: false, caps_lock: false, logo: false, num_lock: false, iso_level3_shift: false, iso_level5_shift: false, serialized: SerializedMods { depressed: 0, latched: 0, locked: 0, layout_effective: 0 } }[1m}[0m[2m:[0m [2msmithay::input::keyboard[0m[2m:[0m [2m/home/christoph/.cargo/registry/src/index.crates.io-1949cf8c6b5b557f/smithay-0.7.0/src/input/keyboard/mod.rs[0m[2m:[0m[2m724:[0m new
[2m2026-09-25T18:33:55.522216Z[0m [32m INFO[0m ThreadId(01) [1minput_seat[0m[1m{[0m[3mname[0m[2m=[0m"wprs"[1m}[0m[2m:[0m[1madd_keyboard[0m[1m{[0m[3mxkb_config[0m[2m=[0mXkbConfig { rules: "", model: "", layout: "", variant: "", options: None } [3mrepeat_delay[0m[2m=[0m200 [3mrepeat_rate[0m[2m=[0m200[1m}[0m[2m:[0m[1minput_keyboard[0m[2m:[0m[1msend_keymap[0m[1m{[0m[3mfocus[0m[2m=[0mSome(WlSurface { id: ObjectId(wl_surface@18[0], 18), version: 5, data: Some(Any { .. }), handle: WeakHandle { handle: WeakInnerHandle[rs] { .. } } }) [3mmods[0m[2m=[0mModifiersState { ctrl: false, alt: false, shift: false, caps_lock: false, logo: false, num_lock: false, iso_level3_shift: false, iso_level5_shift: false, serialized: SerializedMods { depressed: 0, latched: 0, locked: 0, layout_effective: 0 } }[1m}[0m[2m:[0m [2msmithay::input::keyboard[0m[2m:[0m [2m/home/christoph/.cargo/registry/src/index.crates.io-1949cf8c6b5b557f/smithay-0.7.0/src/input/keyboard/mod.rs[0m[2m:[0m[2m724:[0m close [3mtime.busy[0m[2m=[0m250ns [3mtime.idle[0m[2m=[0m22.2µs
[2m2026-09-25T18:33:55.522311Z[0m [32m INFO[0m ThreadId(01) [1minput_seat[0m[1m{[0m[3mname[0m[2m=[0m"wprs"[1m}[0m[2m:[0m[1madd_keyboard[0m[1m{[0m[3mxkb_config[0m[2m=[0mXkbConfig { rules: "", model: "", layout: "", variant: "", options: None } [3mrepeat_delay[0m[2m=[0m200 [3mrepeat_rate[0m[2m=[0m200[1m}[0m[2m:[0m[1minput_keyboard[0m[2m:[0m[1msend_keymap[0m[1m{[0m[3mfocus[0m[2m=[0mSome(WlSurface { id: ObjectId(wl_surface@18[0], 18), version: 5, data: Some(Any { .. }), handle: WeakHandle { handle: WeakInnerHandle[rs] { .. } } }) [3mmods[0m[2m=[0mModifiersState { ctrl: false, alt: false, shift: false, caps_lock: false, logo: false, num_lock: false, iso_level3_shift: false, iso_level5_shift: false, serialized: SerializedMods { depressed: 0, latched: 0, locked: 0, layout_effective: 0 } }[1m}[0m[2m:[0m [2msmithay::input::keyboard[0m[2m:[0m [2m/home/christoph/.cargo/registry/src/index.crates.io-1949cf8c6b5b557f/smithay-0.7.0/src/input/keyboard/mod.rs[0m[2m:[0m[2m724:[0m new
[2m2026-09-25T18:33:55.522328Z[0m [32m INFO[0m ThreadId(01) [1minput_seat[0m[1m{[0m[3mname[0m[2m=[0m"wprs"[1m}[0m[2m:[0m[1madd_keyboard[0m[1m{[0m[3mxkb_config[0m[2m=[0mXkbConfig { rules: "", model: "", layout: "", variant: "", options: None } [3mrepeat_delay[0m[2m=[0m200 [3mrepeat_rate[0m[2m=[0m200[1m}[0m[2m:[0m[1minput_keyboard[0m[2m:[0m[1msend_keymap[0m[1m{[0m[3mfocus[0m[2m=[0mSome(WlSurface { id: ObjectId(wl_surface@18[0], 18), version: 5, data: Some(Any { .. }), handle: WeakHandle { handle: WeakInnerHandle[rs] { .. } } }) [3mmods[0m[2m=[0mModifiersState { ctrl: false, alt: false, shift: false, caps_lock: false, logo: false, num_lock: false, iso_level3_shift: false, iso_level5_shift: false, serialized: SerializedMods { depressed: 0, latched: 0, locked: 0, layout_effective: 0 } }[1m}[0m[2m:[0m [2msmithay::input::keyboard[0m[2m:[0m [2m/home/christoph/.cargo/registry/src/index.crates.io-1949cf8c6b5b557f/smithay-0.7.0/src/input/keyboard/mod.rs[0m[2m:[0m[2m724:[0m close [3mtime.busy[0m[2m=[0m190ns [3mtime.idle[0m[2m=[0m16.4µs
[2m2026-09-25T18:33:55.522424Z[0m [32m INFO[0m ThreadId(01) [1minput_seat[0m[1m{[0m[3mname[0m[2m=[0m"wprs"[1m}[0m[2m:[0m[1madd_keyboard[0m[1m{[0m[3mxkb_config[0m[2m=[0mXkbConfig { rules: "", model: "", layout: "", variant: "", options: None } [3mrepeat_delay[0m[2m=[0m200 [3mrepeat_rate[0m[2m=[0m200[1m}[0m[2m:[0m[1minput_keyboard[0m[2m:[0m[1msend_keymap[0m[1m{[0m[3mfocus[0m[2m=[0mSome(WlSurface { id: ObjectId(wl_surface@18[0], 18), version: 5, data: Some(Any { .. }), handle: WeakHandle { handle: WeakInnerHandle[rs] { .. } } }) [3mmods[0m[2m=[0mModifiersState { ctrl: false, alt: false, shift: false, caps_lock: false, logo: false, num_lock: false, iso_level3_shift: false, iso_level5_shift: false, serialized: SerializedMods { depressed: 0, latched: 0, locked: 0, layout_effective: 0 } }[1m}[0m[2m:[0m [2msmithay::input::keyboard[0m[2m:[0m [2m/home/christoph/.cargo/registry/src/index.crates.io-1949cf8c6b5b557f/smithay-0.7.0/src/input/keyboard/mod.rs[0m[2m:[0m[2m724:[0m new
[2m2026-09-25T18:33:55.522447Z[0m [32m INFO[0m ThreadId(01) [1minput_seat[0m[1m{[0m[3mname[0m[2m=[0m"wprs"[1m}[0m[2m:[0m[1madd_keyboard[0m[1m{[0m[3mxkb_config[0m[2m=[0mXkbConfig { rules: "", model: "", layout: "", variant: "", options: None } [3mrepeat_delay[0m[2m=[0m200 [3mrepeat_rate[0m[2m=[0m200[1m}[0m[2m:[0m[1minput_keyboard[0m[2m:[0m[1msend_keymap[0m[1m{[0m[3mfocus[0m[2m=[0mSome(WlSurface { id: ObjectId(wl_surface@18[0], 18), version: 5, data: Some(Any { .. }), handle: WeakHandle { handle: WeakInnerHandle[rs] { .. } } }) [3mmods[0m[2m=[0mModifiersState { ctrl: false, alt: false, shift: false, caps_lock: false, logo: false, num_lock: false, iso_level3_shift: false, iso_level5_shift: false, serialized: SerializedMods { depressed: 0, latched: 0, locked: 0, layout_effective: 0 } }[1m}[0m[2m:[0m [2msmithay::input::keyboard[0m[2m:[0m [2m/home/christoph/.cargo/registry/src/index.crates.io-1949cf8c6b5b557f/smithay-0.7.0/src/input/keyboard/mod.rs[0m[2m:[0m[2m724:[0m close [3mtime.busy[0m[2m=[0m190ns [3mtime.idle[0m[2m=[0m22.9µs
[2m2026-09-25T18:33:55.522542Z[0m [32m INFO[0m ThreadId(01) [1minput_seat[0m[1m{[0m[3mname[0m[2m=[0m"wprs"[1m}[0m[2m:[0m[1madd_keyboard[0m[1m{[0m[3mxkb_config[0m[2m=[0mXkbConfig { rules: "", model: "", layout: "", variant: "", options: None } [3mrepeat_delay[0m[2m=[0m200 [3mrepeat_rate[0m[2m=[0m200[1m}[0m[2m:[0m[1minput_keyboard[0m[2m:[0m[1msend_keymap[0m[1m{[0m[3mfocus[0m[2m=[0mSome(WlSurface { id: ObjectId(wl_surface@18[0], 18), version: 5, data: Some(Any { .. }), handle: WeakHandle { handle: WeakInnerHandle[rs] { .. } } }) [3mmods[0m[2m=[0mModifiersState { ctrl: false, alt: false, shift: false, caps_lock: false, logo: false, num_lock: false, iso_level3_shift: false, iso_level5_shift: false, serialized: SerializedMods { depressed: 0, latched: 0, locked: 0, layout_effective: 0 } }[1m}[0m[2m:[0m [2msmithay::input::keyboard[0m[2m:[0m [2m/home/christoph/.cargo/registry/src/index.crates.io-1949cf8c6b5b557f/smithay-0.7.0/src/input/keyboard/mod.rs[0m[2m:[0m[2m724:[0m new
[2m2026-09-25T18:33:55.522559Z[0m [32m INFO[0m ThreadId(01) [1minput_seat[0m[1m{[0m[3mname[0m[2m=[0m"wprs"[1m}[0m[2m:[0m[1madd_keyboard[0m[1m{[0m[3mxkb_config[0m[2m=[0mXkbConfig { rules: "", model: "", layout: "", variant: "", options: None } [3mrepeat_delay[0m[2m=[0m200 [3mrepeat_rate[0m[2m=[0m200[1m}[0m[2m:[0m[1minput_keyboard[0m[2m:[0m[1msend_keymap[0m[1m{[0m[3mfocus[0m[2m=[0mSome(WlSurface { id: ObjectId(wl_surface@18[0], 18), version: 5, data: Some(Any { .. }), handle: WeakHandle { handle: WeakInnerHandle[rs] { .. } } }) [3mmods[0m[2m=[0mModifiersState { ctrl: false, alt: false, shift: false, caps_lock: false, logo: false, num_lock: false, iso_level3_shift: false, iso_level5_shift: false, serialized: SerializedMods { depressed: 0, latched: 0, locked: 0, layout_effective: 0 } }[1m}[0m[2m:[0m [2msmithay::input::keyboard[0m[2m:[0m [2m/home/christoph/.cargo/registry/src/index.crates.io-1949cf8c6b5b557f/smithay-0.7.0/src/input/keyboard/mod.rs[0m[2m:[0m[2m724:[0m close [3mtime.busy[0m[2m=[0m280ns [3mtime.idle[0m[2m=[0m16.6µs
[2m2026-09-25T18:33:55.522705Z[0m [32m INFO[0m ThreadId(01) [1minput_seat[0m[1m{[0m[3mname[0m[2m=[0m"wprs"[1m}[0m[2m:[0m[1madd_keyboard[0m[1m{[0m[3mxkb_config[0m[2m=[0mXkbConfig { rules: "", model: "", layout: "", variant: "", options: None } [3mrepeat_delay[0m[2m=[0m200 [3mrepeat_rate[0m[2m=[0m200[1m}[0m[2m:[0m[1minput_keyboard[0m[2m:[0m[1msend_keymap[0m[1m{[0m[3mfocus[0m[2m=[0mSome(WlSurface { id: ObjectId(wl_surface@18[0], 18), version: 5, data: Some(Any { .. }), handle: WeakHandle { handle: WeakInnerHandle[rs] { .. } } }) [3mmods[0m[2m=[0mModifiersState { ctrl: false, alt: false, shift: false, caps_lock: false, logo: false, num_lock: false, iso_level3_shift: false, iso_level5_shift: false, serialized: SerializedMods { depressed: 0, latched: 0, locked: 0, layout_effective: 0 } }[1m}[0m[2m:[0m [2msmithay::input::keyboard[0m[2m:[0m [2m/home/christoph/.cargo/registry/src/index.crates.io-1949cf8c6b5b557f/smithay-0.7.0/src/input/keyboard/mod.rs[0m[2m:[0m[2m724:[0m new
[2m2026-09-25T18:33:55.522741Z[0m [32m INFO[0m ThreadId(01) [1minput_seat[0m[1m{[0m[3mname[0m[2m=[0m"wprs"[1m}[0m[2m:[0m[1madd_keyboard[0m[1m{[0m[3mxkb_config[0m[2m=[0mXkbConfig { rules: "", model: "", layout: "", variant: "", options: None } [3mrepeat_delay[0m[2m=[0m200 [3mrepeat_rate[0m[2m=[0m200[1m}[0m[2m:[0m[1minput_keyboard[0m[2m:[0m[1msend_keymap[0m[1m{[0m[3mfocus[0m[2m=[0mSome(WlSurface { id: ObjectId(wl_surface@18[0], 18), version: 5, data: Some(Any { .. }), handle: WeakHandle { handle: WeakInnerHandle[rs] { .. } } }) [3mmods[0m[2m=[0mModifiersState { ctrl: false, alt: false, shift: false, caps_lock: false, logo: false, num_lock: false, iso_level3_shift: false, iso_level5_shift: false, serialized: SerializedMods { depressed: 0, latched: 0, locked: 0, layout_effective: 0 } }[1m}[0m[2m:[0m [2msmithay::input::keyboard[0m[2m:[0m [2m/home/christoph/.cargo/registry/src/index.crates.io-1949cf8c6b5b557f/smithay-0.7.0/src/input/keyboard/mod.rs[0m[2m:[0m[2m724:[0m close [3mtime.busy[0m[2m=[0m360ns [3mtime.idle[0m[2m=[0m35.4µs
[2m2026-09-25T18:33:55.522858Z[0m [32m INFO[0m ThreadId(01) [1minput_seat[0m[1m{[0m[3mname[0m[2m=[0m"wprs"[1m}[0m[2m:[0m[1madd_keyboard[0m[1m{[0m[3mxkb_config[0m[2m=[0mXkbConfig { rules: "", model: "", layout: "", variant: "", options: None } [3mrepeat_delay[0m[2m=[0m200 [3mrepeat_rate[0m[2m=[0m200[1m}[0m[2m:[0m[1minput_keyboard[0m[2m:[0m[1msend_keymap[0m[1m{[0m[3mfocus[0m[2m=[0mSome(WlSurface { id: ObjectId(wl_surface@18[0], 18), version: 5, data: Some(Any { .. }), handle: WeakHandle { handle: WeakInnerHandle[rs] { .. } } }) [3mmods[0m[2m=[0mModifiersState { ctrl: false, alt: false, shift: false, caps_lock: false, logo: false, num_lock: false, iso_level3_shift: false, iso_level5_shift: false, serialized: SerializedMods { depressed: 0, latched: 0, locked: 0, layout_effective: 0 } }[1m}[0m[2m:[0m [2msmithay::input::keyboard[0m[2m:[0m [2m/home/christoph/.cargo/registry/src/index.crates.io-1949cf8c6b5b557f/smithay-0.7.0/src/input/keyboard/mod.rs[0m[2m:[0m[2m724:[0m new
[2m2026-09-25T18:33:55.522877Z[0m [32m INFO[0m ThreadId(01) [1minput_seat[0m[1m{[0m[3mname[0m[2m=[0m"wprs"[1m}[0m[2m:[0m[1madd_keyboard[0m[1m{[0m[3mxkb_config[0m[2m=[0mXkbConfig { rules: "", model: "", layout: "", variant: "", options: None } [3mrepeat_delay[0m[2m=[0m200 [3mrepeat_rate[0m[2m=[0m200[1m}[0m[2m:[0m[1minput_keyboard[0m[2m:[0m[1msend_keymap[0m[1m{[0m[3mfocus[0m[2m=[0mSome(WlSurface { id: ObjectId(wl_surface@18[0], 18), version: 5, data: Some(Any { .. }), handle: WeakHandle { handle: WeakInnerHandle[rs] { .. } } }) [3mmods[0m[2m=[0mModifiersState { ctrl: false, alt: false, shift: false, caps_lock: false, logo: false, num_lock: false, iso_level3_shift: false, iso_level5_shift: false, serialized: SerializedMods { depressed: 0, latched: 0, locked: 0, layout_effective: 0 } }[1m}[0m[2m:[0m [2msmithay::input::keyboard[0m[2m:[0m [2m/home/christoph/.cargo/registry/src/index.crates.io-1949cf8c6b5b557f/smithay-0.7.0/src/input/keyboard/mod.rs[0m[2m:[0m[2m724:[0m close [3mtime.busy[0m[2m=[0m261ns [3mtime.idle[0m[2m=[0m18.7µs
[2m2026-09-25T18:33:55.522956Z[0m [32m INFO[0m ThreadId(01) [1minput_seat[0m[1m{[0m[3mname[0m[2m=[0m"wprs"[1m}[0m[2m:[0m[1madd_keyboard[0m[1m{[0m[3mxkb_config[0m[2m=[0mXkbConfig { rules: "", model: "", layout: "", variant: "", options: None } [3mrepeat_delay[0m[2m=[0m200 [3mrepeat_rate[0m[2m=[0m200[1m}[0m[2m:[0m[1minput_keyboard[0m[2m:[0m[1msend_keymap[0m[1m{[0m[3mfocus[0m[2m=[0mSome(WlSurface { id: ObjectId(wl_surface@18[0], 18), version: 5, data: Some(Any { .. }), handle: WeakHandle { handle: WeakInnerHandle[rs] { .. } } }) [3mmods[0m[2m=[0mModifiersState { ctrl: false, alt: false, shift: false, caps_lock: false, logo: false, num_lock: false, iso_level3_shift: false, iso_level5_shift: false, serialized: SerializedMods { depressed: 0, latched: 0, locked: 0, layout_effective: 0 } }[1m}[0m[2m:[0m [2msmithay::input::keyboard[0m[2m:[0m [2m/home/christoph/.cargo/registry/src/index.crates.io-1949cf8c6b5b557f/smithay-0.7.0/src/input/keyboard/mod.rs[0m[2m:[0m[2m724:[0m new
[2m2026-09-25T18:33:55.522978Z[0m [32m INFO[0m ThreadId(01) [1minput_seat[0m[1m{[0m[3mname[0m[2m=[0m"wprs"[1m}[0m[2m:[0m[1madd_keyboard[0m[1m{[0m[3mxkb_config[0m[2m=[0mXkbConfig { rules: "", model: "", layout: "", variant: "", options: None } [3mrepeat_delay[0m[2m=[0m200 [3mrepeat_rate[0m[2m=[0m200[1m}[0m[2m:[0m[1minput_keyboard[0m[2m:[0m[1msend_keymap[0m[1m{[0m[3mfocus[0m[2m=[0mSome(WlSurface { id: ObjectId(wl_surface@18[0], 18), version: 5, data: Some(Any { .. }), handle: WeakHandle { handle: WeakInnerHandle[rs] { .. } } }) [3mmods[0m[2m=[0mModifiersState { ctrl: false, alt: false, shift: false, caps_lock: false, logo: false, num_lock: false, iso_level3_shift: false, iso_level5_shift: false, serialized: SerializedMods { depressed: 0, latched: 0, locked: 0, layout_effective: 0 } }[1m}[0m[2m:[0m [2msmithay::input::keyboard[0m[2m:[0m [2m/home/christoph/.cargo/registry/src/index.crates.io-1949cf8c6b5b557f/smithay-0.7.0/src/input/keyboard/mod.rs[0m[2m:[0m[2m724:[0m close [3mtime.busy[0m[2m=[0m180ns [3mtime.idle[0m[2m=[0m21.5µs
[2m2026-09-25T18:33:55.523075Z[0m [32m INFO[0m ThreadId(01) [1minput_seat[0m[1m{[0m[3mname[0m[2m=[0m"wprs"[1m}[0m[2m:[0m[1madd_keyboard[0m[1m{[0m[3mxkb_config[0m[2m=[0mXkbConfig { rules: "", model: "", layout: "", variant: "", options: None } [3mrepeat_delay[0m[2m=[0m200 [3mrepeat_rate[0m[2m=[0m200[1m}[0m[2m:[0m[1minput_keyboard[0m[2m:[0m[1msend_keymap[0m[1m{[0m[3mfocus[0m[2m=[0mSome(WlSurface { id: ObjectId(wl_surface@18[0], 18), version: 5, data: Some(Any { .. }), handle: WeakHandle { handle: WeakInnerHandle[rs] { .. } } }) [3mmods[0m[2m=[0mModifiersState { ctrl: false, alt: false, shift: false, caps_lock: false, logo: false, num_lock: false, iso_level3_shift: false, iso_level5_shift: false, serialized: SerializedMods { depressed: 0, latched: 0, locked: 0, layout_effective: 0 } }[1m}[0m[2m:[0m [2msmithay::input::keyboard[0m[2m:[0m [2m/home/christoph/.cargo/registry/src/index.crates.io-1949cf8c6b5b557f/smithay-0.7.0/src/input/keyboard/mod.rs[0m[2m:[0m[2m724:[0m new
[2m2026-09-25T18:33:55.523094Z[0m [32m INFO[0m ThreadId(01) [1minput_seat[0m[1m{[0m[3mname[0m[2m=[0m"wprs"[1m}[0m[2m:[0m[1madd_keyboard[0m[1m{[0m[3mxkb_config[0m[2m=[0mXkbConfig { rules: "", model: "", layout: "", variant: "", options: None } [3mrepeat_delay[0m[2m=[0m200 [3mrepeat_rate[0m[2m=[0m200[1m}[0m[2m:[0m[1minput_keyboard[0m[2m:[0m[1msend_keymap[0m[1m{[0m[3mfocus[0m[2m=[0mSome(WlSurface { id: ObjectId(wl_surface@18[0], 18), version: 5, data: Some(Any { .. }), handle: WeakHandle { handle: WeakInnerHandle[rs] { .. } } }) [3mmods[0m[2m=[0mModifiersState { ctrl: false, alt: false, shift: false, caps_lock: false, logo: false, num_lock: false, iso_level3_shift: false, iso_level5_shift: false, serialized: SerializedMods { depressed: 0, latched: 0, locked: 0, layout_effective: 0 } }[1m}[0m[2m:[0m [2msmithay::input::keyboard[0m[2m:[0m [2m/home/christoph/.cargo/registry/src/index.crates.io-1949cf8c6b5b557f/smithay-0.7.0/src/input/keyboard/mod.rs[0m[2m:[0m[2m724:[0m close [3mtime.busy[0m[2m=[0m431ns [3mtime.idle[0m[2m=[0m17.9µs
[2m2026-09-25T18:33:55.523213Z[0m [32m INFO[0m ThreadId(01) [1minput_seat[0m[1m{[0m[3mname[0m[2m=[0m"wprs"[1m}[0m[2m:[0m[1madd_keyboard[0m[1m{[0m[3mxkb_config[0m[2m=[0mXkbConfig { rules: "", model: "", layout: "", variant: "", options: None } [3mrepeat_delay[0m[2m=[0m200 [3mrepeat_rate[0m[2m=[0m200[1m}[0m[2m:[0m[1minput_keyboard[0m[2m:[0m[1msend_keymap[0m[1m{[0m[3mfocus[0m[2m=[0mSome(WlSurface { id: ObjectId(wl_surface@18[0], 18), version: 5, data: Some(Any { .. }), handle: WeakHandle { handle: WeakInnerHandle[rs] { .. } } }) [3mmods[0m[2m=[0mModifiersState { ctrl: false, alt: false, shift: false, caps_lock: false, logo: false, num_lock: false, iso_level3_shift: false, iso_level5_shift: false, serialized: SerializedMods { depressed: 0, latched: 0, locked: 0, layout_effective: 0 } }[1m}[0m[2m:[0m [2msmithay::input::keyboard[0m[2m:[0m [2m/home/christoph/.cargo/registry/src/index.crates.io-1949cf8c6b5b557f/smithay-0.7.0/src/input/keyboard/mod.rs[0m[2m:[0m[2m724:[0m new
[2m2026-09-25T18:33:55.523234Z[0m [32m INFO[0m ThreadId(01) [1minput_seat[0m[1m{[0m[3mname[0m[2m=[0m"wprs"[1m}[0m[2m:[0m[1madd_keyboard[0m[1m{[0m[3mxkb_config[0m[2m=[0mXkbConfig { rules: "", model: "", layout: "", variant: "", options: None } [3mrepeat_delay[0m[2m=[0m200 [3mrepeat_rate[0m[2m=[0m200[1m}[0m[2m:[0m[1minput_keyboard[0m[2m:[0m[1msend_keymap[0m[1m{[0m[3mfocus[0m[2m=[0mSome(WlSurface { id: ObjectId(wl_surface@18[0], 18), version: 5, data: Some(Any { .. }), handle: WeakHandle { handle: WeakInnerHandle[rs] { .. } } }) [3mmods[0m[2m=[0mModifiersState { ctrl: false, alt: false, shift: false, caps_lock: false, logo: false, num_lock: false, iso_level3_shift: false, iso_level5_shift: false, serialized: SerializedMods { depressed: 0, latched: 0, locked: 0, layout_effective: 0 } }[1m}[0m[2m:[0m [2msmithay::input::keyboard[0m[2m:[0m [2m/home/christoph/.cargo/registry/src/index.crates.io-1949cf8c6b5b557f/smithay-0.7.0/src/input/keyboard/mod.rs[0m[2m:[0m[2m724:[0m close [3mtime.busy[0m[2m=[0m280ns [3mtime.idle[0m[2m=[0m21.1µs
[2m2026-09-25T18:33:55.523330Z[0m [32m INFO[0m ThreadId(01) [1minput_seat[0m[1m{[0m[3mname[0m[2m=[0m"wprs"[1m}[0m[2m:[0m[1madd_keyboard[0m[1m{[0m[3mxkb_config[0m[2m=[0mXkbConfig { rules: "", model: "", layout: "", variant: "", options: None } [3mrepeat_delay[0m[2m=[0m200 [3mrepeat_rate[0m[2m=[0m200[1m}[0m[2m:[0m[1minput_keyboard[0m[2m:[0m[1msend_keymap[0m[1m{[0m[3mfocus[0m[2m=[0mSome(WlSurface { id: ObjectId(wl_surface@18[0], 18), version: 5, data: Some(Any { .. }), handle: WeakHandle { handle: WeakInnerHandle[rs] { .. } } }) [3mmods[0m[2m=[0mModifiersState { ctrl: false, alt: false, shift: false, caps_lock: false, logo: false, num_lock: false, iso_level3_shift: false, iso_level5_shift: false, serialized: SerializedMods { depressed: 0, latched: 0, locked: 0, layout_effective: 0 } }[1m}[0m[2m:[0m [2msmithay::input::keyboard[0m[2m:[0m [2m/home/christoph/.cargo/registry/src/index.crates.io-1949cf8c6b5b557f/smithay-0.7.0/src/input/keyboard/mod.rs[0m[2m:[0m[2m724:[0m new
[2m2026-09-25T18:33:55.523343Z[0m [32m INFO[0m ThreadId(01) [1minput_seat[0m[1m{[0m[3mname[0m[2m=[0m"wprs"[1m}[0m[2m:[0m[1madd_keyboard[0m[1m{[0m[3mxkb_config[0m[2m=[0mXkbConfig { rules: "", model: "", layout: "", variant: "", options: None } [3mrepeat_delay[0m[2m=[0m200 [3mrepeat_rate[0m[2m=[0m200[1m}[0m[2m:[0m[1minput_keyboard[0m[2m:[0m[1msend_keymap[0m[1m{[0m[3mfocus[0m[2m=[0mSome(WlSurface { id: ObjectId(wl_surface@18[0], 18), version: 5, data: Some(Any { .. }), handle: WeakHandle { handle: WeakInnerHandle[rs] { .. } } }) [3mmods[0m[2m=[0mModifiersState { ctrl: false, alt: false, shift: false, caps_lock: false, logo: false, num_lock: false, iso_level3_shift: false, iso_level5_shift: false, serialized: SerializedMods { depressed: 0, latched: 0, locked: 0, layout_effective: 0 } }[1m}[0m[2m:[0m [2msmithay::input::keyboard[0m[2m:[0m [2m/home/christoph/.cargo/registry/src/index.crates.io-1949cf8c6b5b557f/smithay-0.7.0/src/input/keyboard/mod.rs[0m[2m:[0m[2m724:[0m close [3mtime.busy[0m[2m=[0m251ns [3mtime.idle[0m[2m=[0m12.5µs
[2m2026-09-25T18:33:55.523412Z[0m [32m INFO[0m ThreadId(01) [1minput_seat[0m[1m{[0m[3mname[0m[2m=[0m"wprs"[1m}[0m[2m:[0m[1madd_keyboard[0m[1m{[0m[3mxkb_config[0m[2m=[0mXkbConfig { rules: "", model: "", layout: "", variant: "", options: None } [3mrepeat_delay[0m[2m=[0m200 [3mrepeat_rate[0m[2m=[0m200[1m}[0m[2m:[0m[1minput_keyboard[0m[2m:[0m[1msend_keymap[0m[1m{[0m[3mfocus[0m[2m=[0mSome(WlSurface { id: ObjectId(wl_surface@18[0], 18), version: 5, data: Some(Any { .. }), handle: WeakHandle { handle: WeakInnerHandle[rs] { .. } } }) [3mmods[0m[2m=[0mModifiersState { ctrl: false, alt: false, shift: false, caps_lock: false, logo: false, num_lock: false, iso_level3_shift: false, iso_level5_shift: false, serialized: SerializedMods { depressed: 0, latched: 0, locked: 0, layout_effective: 0 } }[1m}[0m[2m:[0m [2msmithay::input::keyboard[0m[2m:[0m [2m/home/christoph/.cargo/registry/src/index.crates.io-1949cf8c6b5b557f/smithay-0.7.0/src/input/keyboard/mod.rs[0m[2m:[0m[2m724:[0m new
[2m2026-09-25T18:33:55.523426Z[0m [32m INFO[0m ThreadId(01) [1minput_seat[0m[1m{[0m[3mname[0m[2m=[0m"wprs"[1m}[0m[2m:[0m[1madd_keyboard[0m[1m{[0m[3mxkb_config[0m[2m=[0mXkbConfig { rules: "", model: "", layout: "", variant: "", options: None } [3mrepeat_delay[0m[2m=[0m200 [3mrepeat_rate[0m[2m=[0m200[1m}[0m[2m:[0m[1minput_keyboard[0m[2m:[0m[1msend_keymap[0m[1m{[0m[3mfocus[0m[2m=[0mSome(WlSurface { id: ObjectId(wl_surface@18[0], 18), version: 5, data: Some(Any { .. }), handle: WeakHandle { handle: WeakInnerHandle[rs] { .. } } }) [3mmods[0m[2m=[0mModifiersState { ctrl: false, alt: false, shift: false, caps_lock: false, logo: false, num_lock: false, iso_level3_shift: false, iso_level5_shift: false, serialized: SerializedMods { depressed: 0, latched: 0, locked: 0, layout_effective: 0 } }[1m}[0m[2m:[0m [2msmithay::input::keyboard[0m[2m:[0m [2m/home/christoph/.cargo/registry/src/index.crates.io-1949cf8c6b5b557f/smithay-0.7.0/src/input/keyboard/mod.rs[0m[2m:[0m[2m724:[0m close [3mtime.busy[0m[2m=[0m170ns [3mtime.idle[0m[2m=[0m14.5µs
[2m2026-09-25T18:33:55.523486Z[0m [32m INFO[0m ThreadId(01) [1minput_seat[0m[1m{[0m[3mname[0m[2m=[0m"wprs"[1m}[0m[2m:[0m[1madd_keyboard[0m[1m{[0m[3mxkb_config[0m[2m=[0mXkbConfig { rules: "", model: "", layout: "", variant: "", options: None } [3mrepeat_delay[0m[2m=[0m200 [3mrepeat_rate[0m[2m=[0m200[1m}[0m[2m:[0m[1minput_keyboard[0m[2m:[0m[1msend_keymap[0m[1m{[0m[3mfocus[0m[2m=[0mSome(WlSurface { id: ObjectId(wl_surface@18[0], 18), version: 5, data: Some(Any { .. }), handle: WeakHandle { handle: WeakInnerHandle[rs] { .. } } }) [3mmods[0m[2m=[0mModifiersState { ctrl: false, alt: false, shift: false, caps_lock: false, logo: false, num_lock: false, iso_level3_shift: false, iso_level5_shift: false, serialized: SerializedMods { depressed: 0, latched: 0, locked: 0, layout_effective: 0 } }[1m}[0m[2m:[0m [2msmithay::input::keyboard[0m[2m:[0m [2m/home/christoph/.cargo/registry/src/index.crates.io-1949cf8c6b5b557f/smithay-0.7.0/src/input/keyboard/mod.rs[0m[2m:[0m[2m724:[0m new
[2m2026-09-25T18:33:55.523500Z[0m [32m INFO[0m ThreadId(01) [1minput_seat[0m[1m{[0m[3mname[0m[2m=[0m"wprs"[1m}[0m[2m:[0m[1madd_keyboard[0m[1m{[0m[3mxkb_config[0m[2m=[0mXkbConfig { rules: "", model: "", layout: "", variant: "", options: None } [3mrepeat_delay[0m[2m=[0m200 [3mrepeat_rate[0m[2m=[0m200[1m}[0m[2m:[0m[1minput_keyboard[0m[2m:[0m[1msend_keymap[0m[1m{[0m[3mfocus[0m[2m=[0mSome(WlSurface { id: ObjectId(wl_surface@18[0], 18), version: 5, data: Some(Any { .. }), handle: WeakHandle { handle: WeakInnerHandle[rs] { .. } } }) [3mmods[0m[2m=[0mModifiersState { ctrl: false, alt: false, shift: false, caps_lock: false, logo: false, num_lock: false, iso_level3_shift: false, iso_level5_shift: false, serialized: SerializedMods { depressed: 0, latched: 0, locked: 0, layout_effective: 0 } }[1m}[0m[2m:[0m [2msmithay::input::keyboard[0m[2m:[0m [2m/home/christoph/.cargo/registry/src/index.crates.io-1949cf8c6b5b557f/smithay-0.7.0/src/input/keyboard/mod.rs[0m[2m:[0m[2m724:[0m close [3mtime.busy[0m[2m=[0m181ns [3mtime.idle[0m[2m=[0m13.8µs
[2m2026-09-25T18:33:55.523565Z[0m [32m INFO[0m ThreadId(01) [1minput_seat[0m[1m{[0m[3mname[0m[2m=[0m"wprs"[1m}[0m[2m:[0m[1madd_keyboard[0m[1m{[0m[3mxkb_config[0m[2m=[0mXkbConfig { rules: "", model: "", layout: "", variant: "", options: None } [3mrepeat_delay[0m[2m=[0m200 [3mrepeat_rate[0m[2m=[0m200[1m}[0m[2m:[0m[1minput_keyboard[0m[2m:[0m[1msend_keymap[0m[1m{[0m[3mfocus[0m[2m=[0mSome(WlSurface { id: ObjectId(wl_surface@18[0], 18), version: 5, data: Some(Any { .. }), handle: WeakHandle { handle: WeakInnerHandle[rs] { .. } } }) [3mmods[0m[2m=[0mModifiersState { ctrl: false, alt: false, shift: false, caps_lock: false, logo: false, num_lock: false, iso_level3_shift: false, iso_level5_shift: false, serialized: SerializedMods { depressed: 0, latched: 0, locked: 0, layout_effective: 0 } }[1m}[0m[2m:[0m [2msmithay::input::keyboard[0m[2m:[0m [2m/home/christoph/.cargo/registry/src/index.crates.io-1949cf8c6b5b557f/smithay-0.7.0/src/input/keyboard/mod.rs[0m[2m:[0m[2m724:[0m new
[2m2026-09-25T18:33:55.523579Z[0m [32m INFO[0m ThreadId(01) [1minput_seat[0m[1m{[0m[3mname[0m[2m=[0m"wprs"[1m}[0m[2m:[0m[1madd_keyboard[0m[1m{[0m[3mxkb_config[0m[2m=[0mXkbConfig { rules: "", model: "", layout: "", variant: "", options: None } [3mrepeat_delay[0m[2m=[0m200 [3mrepeat_rate[0m[2m=[0m200[1m}[0m[2m:[0m[1minput_keyboard[0m[2m:[0m[1msend_keymap[0m[1m{[0m[3mfocus[0m[2m=[0mSome(WlSurface { id: ObjectId(wl_surface@18[0], 18), version: 5, data: Some(Any { .. }), handle: WeakHandle { handle: WeakInnerHandle[rs] { .. } } }) [3mmods[0m[2m=[0mModifiersState { ctrl: false, alt: false, shift: false, caps_lock: false, logo: false, num_lock: false, iso_level3_shift: false, iso_level5_shift: false, serialized: SerializedMods { depressed: 0, latched: 0, locked: 0, layout_effective: 0 } }[1m}[0m[2m:[0m [2msmithay::input::keyboard[0m[2m:[0m [2m/home/christoph/.cargo/registry/src/index.crates.io-1949cf8c6b5b557f/smithay-0.7.0/src/input/keyboard/mod.rs[0m[2m:[0m[2m724:[0m close [3mtime.busy[0m[2m=[0m180ns [3mtime.idle[0m[2m=[0m13.7µs
[2m2026-09-25T18:33:55.523639Z[0m [32m INFO[0m ThreadId(01) [1minput_seat[0m[1m{[0m[3mname[0m[2m=[0m"wprs"[1m}[0m[2m:[0m[1madd_keyboard[0m[1m{[0m[3mxkb_config[0m[2m=[0mXkbConfig { rules: "", model: "", layout: "", variant: "", options: None } [3mrepeat_delay[0m[2m=[0m200 [3mrepeat_rate[0m[2m=[0m200[1m}[0m[2m:[0m[1minput_keyboard[0m[2m:[0m[1msend_keymap[0m[1m{[0m[3mfocus[0m[2m=[0mSome(WlSurface { id: ObjectId(wl_surface@18[0], 18), version: 5, data: Some(Any { .. }), handle: WeakHandle { handle: WeakInnerHandle[rs] { .. } } }) [3mmods[0m[2m=[0mModifiersState { ctrl: false, alt: false, shift: false, caps_lock: false, logo: false, num_lock: false, iso_level3_shift: false, iso_level5_shift: false, serialized: SerializedMods { depressed: 0, latched: 0, locked: 0, layout_effective: 0 } }[1m}[0m[2m:[0m [2msmithay::input::keyboard[0m[2m:[0m [2m/home/christoph/.cargo/registry/src/index.crates.io-1949cf8c6b5b557f/smithay-0.7.0/src/input/keyboard/mod.rs[0m[2m:[0m[2m724:[0m new
[2m2026-09-25T18:33:55.523650Z[0m [32m INFO[0m ThreadId(01) [1minput_seat[0m[1m{[0m[3mname[0m[2m=[0m"wprs"[1m}[0m[2m:[0m[1madd_keyboard[0m[1m{[0m[3mxkb_config[0m[2m=[0mXkbConfig { rules: "", model: "", layout: "", variant: "", options: None } [3mrepeat_delay[0m[2m=[0m200 [3mrepeat_rate[0m[2m=[0m200[1m}[0m[2m:[0m[1minput_keyboard[0m[2m:[0m[1msend_keymap[0m[1m{[0m[3mfocus[0m[2m=[0mSome(WlSurface { id: ObjectId(wl_surface@18[0], 18), version: 5, data: Some(Any { .. }), handle: WeakHandle { handle: WeakInnerHandle[rs] { .. } } }) [3mmods[0m[2m=[0mModifiersState { ctrl: false, alt: false, shift: false, caps_lock: false, logo: false, num_lock: false, iso_level3_shift: false, iso_level5_shift: false, serialized: SerializedMods { depressed: 0, latched: 0, locked: 0, layout_effective: 0 } }[1m}[0m[2m:[0m [2msmithay::input::keyboard[0m[2m:[0m [2m/home/christoph/.cargo/registry/src/index.crates.io-1949cf8c6b5b557f/smithay-0.7.0/src/input/keyboard/mod.rs[0m[2m:[0m[2m724:[0m close [3mtime.busy[0m[2m=[0m150ns [3mtime.idle[0m[2m=[0m11.5µs
[2m2026-09-25T18:33:55.523727Z[0m [32m INFO[0m ThreadId(01) [1minput_seat[0m[1m{[0m[3mname[0m[2m=[0m"wprs"[1m}[0m[2m:[0m[1madd_keyboard[0m[1m{[0m[3mxkb_config[0m[2m=[0mXkbConfig { rules: "", model: "", layout: "", variant: "", options: None } [3mrepeat_delay[0m[2m=[0m200 [3mrepeat_rate[0m[2m=[0m200[1m}[0m[2m:[0m[1minput_keyboard[0m[2m:[0m[1msend_keymap[0m[1m{[0m[3mfocus[0m[2m=[0mSome(WlSurface { id: ObjectId(wl_surface@18[0], 18), version: 5, data: Some(Any { .. }), handle: WeakHandle { handle: WeakInnerHandle[rs] { .. } } }) [3mmods[0m[2m=[0mModifiersState { ctrl: false, alt: false, shift: false, caps_lock: false, logo: false, num_lock: false, iso_level3_shift: false, iso_level5_shift: false, serialized: SerializedMods { depressed: 0, latched: 0, locked: 0, layout_effective: 0 } }[1m}[0m[2m:[0m [2msmithay::input::keyboard[0m[2m:[0m [2m/home/christoph/.cargo/registry/src/index.crates.io-1949cf8c6b5b557f/smithay-0.7.0/src/input/keyboard/mod.rs[0m[2m:[0m[2m724:[0m new
[2m2026-09-25T18:33:55.523741Z[0m [32m INFO[0m ThreadId(01) [1minput_seat[0m[1m{[0m[3mname[0m[2m=[0m"wprs"[1m}[0m[2m:[0m[1madd_keyboard[0m[1m{[0m[3mxkb_config[0m[2m=[0mXkbConfig { rules: "", model: "", layout: "", variant: "", options: None } [3mrepeat_delay[0m[2m=[0m200 [3mrepeat_rate[0m[2m=[0m200[1m}[0m[2m:[0m[1minput_keyboard[0m[2m:[0m[1msend_keymap[0m[1m{[0m[3mfocus[0m[2m=[0mSome(WlSurface { id: ObjectId(wl_surface@18[0], 18), version: 5, data: Some(Any { .. }), handle: WeakHandle { handle: WeakInnerHandle[rs] { .. } } }) [3mmods[0m[2m=[0mModifiersState { ctrl: false, alt: false, shift: false, caps_lock: false, logo: false, num_lock: false, iso_level3_shift: false, iso_level5_shift: false, serialized: SerializedMods { depressed: 0, latched: 0, locked: 0, layout_effective: 0 } }[1m}[0m[2m:[0m [2msmithay::input::keyboard[0m[2m:[0m [2m/home/christoph/.cargo/registry/src/index.crates.io-1949cf8c6b5b557f/smithay-0.7.0/src/input/keyboard/mod.rs[0m[2m:[0m[2m724:[0m close [3mtime.busy[0m[2m=[0m170ns [3mtime.idle[0m[2m=[0m14.3µs
[2m2026-09-25T18:33:55.523801Z[0m [32m INFO[0m ThreadId(01) [1minput_seat[0m[1m{[0m[3mname[0m[2m=[0m"wprs"[1m}[0m[2m:[0m[1madd_keyboard[0m[1m{[0m[3mxkb_config[0m[2m=[0mXkbConfig { rules: "", model: "", layout: "", variant: "", options: None } [3mrepeat_delay[0m[2m=[0m200 [3mrepeat_rate[0m[2m=[0m200[1m}[0m[2m:[0m[1minput_keyboard[0m[2m:[0m[1msend_keymap[0m[1m{[0m[3mfocus[0m[2m=[0mSome(WlSurface { id: ObjectId(wl_surface@18[0], 18), version: 5, data: Some(Any { .. }), handle: WeakHandle { handle: WeakInnerHandle[rs] { .. } } }) [3mmods[0m[2m=[0mModifiersState { ctrl: false, alt: false, shift: false, caps_lock: false, logo: false, num_lock: false, iso_level3_shift: false, iso_level5_shift: false, serialized: SerializedMods { depressed: 0, latched: 0, locked: 0, layout_effective: 0 } }[1m}[0m[2m:[0m [2msmithay::input::keyboard[0m[2m:[0m [2m/home/christoph/.cargo/registry/src/index.crates.io-1949cf8c6b5b557f/smithay-0.7.0/src/input/keyboard/mod.rs[0m[2m:[0m[2m724:[0m new
[2m2026-09-25T18:33:55.523813Z[0m [32m INFO[0m ThreadId(01) [1minput_seat[0m[1m{[0m[3mname[0m[2m=[0m"wprs"[1m}[0m[2m:[0m[1madd_keyboard[0m[1m{[0m[3mxkb_config[0m[2m=[0mXkbConfig { rules: "", model: "", layout: "", variant: "", options: None } [3mrepeat_delay[0m[2m=[0m200 [3mrepeat_rate[0m[2m=[0m200[1m}[0m[2m:[0m[1minput_keyboard[0m[2m:[0m[1msend_keymap[0m[1m{[0m[3mfocus[0m[2m=[0mSome(WlSurface { id: ObjectId(wl_surface@18[0], 18), version: 5, data: Some(Any { .. }), handle: WeakHandle { handle: WeakInnerHandle[rs] { .. } } }) [3mmods[0m[2m=[0mModifiersState { ctrl: false, alt: false, shift: false, caps_lock: false, logo: false, num_lock: false, iso_level3_shift: false, iso_level5_shift: false, serialized: SerializedMods { depressed: 0, latched: 0, locked: 0, layout_effective: 0 } }[1m}[0m[2m:[0m [2msmithay::input::keyboard[0m[2m:[0m [2m/home/christoph/.cargo/registry/src/index.crates.io-1949cf8c6b5b557f/smithay-0.7.0/src/input/keyboard/mod.rs[0m[2m:[0m[2m724:[0m close [3mtime.busy[0m[2m=[0m170ns [3mtime.idle[0m[2m=[0m11.5µs
[2m2026-09-25T18:33:55.523877Z[0m [32m INFO[0m ThreadId(01) [1minput_seat[0m[1m{[0m[3mname[0m[2m=[0m"wprs"[1m}[0m[2m:[0m[1madd_keyboard[0m[1m{[0m[3mxkb_config[0m[2m=[0mXkbConfig { rules: "", model: "", layout: "", variant: "", options: None } [3mrepeat_delay[0m[2m=[0m200 [3mrepeat_rate[0m[2m=[0m200[1m}[0m[2m:[0m[1minput_keyboard[0m[2m:[0m[1msend_keymap[0m[1m{[0m[3mfocus[0m[2m=[0mSome(WlSurface { id: ObjectId(wl_surface@18[0], 18), version: 5, data: Some(Any { .. }), handle: WeakHandle { handle: WeakInnerHandle[rs] { .. } } }) [3mmods[0m[2m=[0mModifiersState { ctrl: false, alt: false, shift: false, caps_lock: false, logo: false, num_lock: false, iso_level3_shift: false, iso_level5_shift: false, serialized: SerializedMods { depressed: 0, latched: 0, locked: 0, layout_effective: 0 } }[1m}[0m[2m:[0m [2msmithay::input::keyboard[0m[2m:[0m [2m/home/christoph/.cargo/registry/src/index.crates.io-1949cf8c6b5b557f/smithay-0.7.0/src/input/keyboard/mod.rs[0m[2m:[0m[2m724:[0m new
[2m2026-09-25T18:33:55.523891Z[0m [32m INFO[0m ThreadId(01) [1minput_seat[0m[1m{[0m[3mname[0m[2m=[0m"wprs"[1m}[0m[2m:[0m[1madd_keyboard[0m[1m{[0m[3mxkb_config[0m[2m=[0mXkbConfig { rules: "", model: "", layout: "", variant: "", options: None } [3mrepeat_delay[0m[2m=[0m200 [3mrepeat_rate[0m[2m=[0m200[1m}[0m[2m:[0m[1minput_keyboard[0m[2m:[0m[1msend_keymap[0m[1m{[0m[3mfocus[0m[2m=[0mSome(WlSurface { id: ObjectId(wl_surface@18[0], 18), version: 5, data: Some(Any { .. }), handle: WeakHandle { handle: WeakInnerHandle[rs] { .. } } }) [3mmods[0m[2m=[0mModifiersState { ctrl: false, alt: false, shift: false, caps_lock: false, logo: false, num_lock: false, iso_level3_shift: false, iso_level5_shift: false, serialized: SerializedMods { depressed: 0, latched: 0, locked: 0, layout_effective: 0 } }[1m}[0m[2m:[0m [2msmithay::input::keyboard[0m[2m:[0m [2m/home/christoph/.cargo/registry/src/index.crates.io-1949cf8c6b5b557f/smithay-0.7.0/src/input/keyboard/mod.rs[0m[2m:[0m[2m724:[0m close [3mtime.busy[0m[2m=[0m170ns [3mtime.idle[0m[2m=[0m14.1µs
[2m2026-09-25T18:33:55.523950Z[0m [32m INFO[0m ThreadId(01) [1minput_seat[0m[1m{[0m[3mname[0m[2m=[0m"wprs"[1m}[0m[2m:[0m[1madd_keyboard[0m[1m{[0m[3mxkb_config[0m[2m=[0mXkbConfig { rules: "", model: "", layout: "", variant: "", options: None } [3mrepeat_delay[0m[2m=[0m200 [3mrepeat_rate[0m[2m=[0m200[1m}[0m[2m:[0m[1minput_keyboard[0m[2m:[0m[1msend_keymap[0m[1m{[0m[3mfocus[0m[2m=[0mSome(WlSurface { id: ObjectId(wl_surface@18[0], 18), version: 5, data: Some(Any { .. }), handle: WeakHandle { handle: WeakInnerHandle[rs] { .. } } }) [3mmods[0m[2m=[0mModifiersState { ctrl: false, alt: false, shift: false, caps_lock: false, logo: false, num_lock: false, iso_level3_shift: false, iso_level5_shift: false, serialized: SerializedMods { depressed: 0, latched: 0, locked: 0, layout_effective: 0 } }[1m}[0m[2m:[0m [2msmithay::input::keyboard[0m[2m:[0m [2m/home/christoph/.cargo/registry/src/index.crates.io-1949cf8c6b5b557f/smithay-0.7.0/src/input/keyboard/mod.rs[0m[2m:[0m[2m724:[0m new
[2m2026-09-25T18:33:55.523967Z[0m [32m INFO[0m ThreadId(01) [1minput_seat[0m[1m{[0m[3mname[0m[2m=[0m"wprs"[1m}[0m[2m:[0m[1madd_keyboard[0m[1m{[0m[3mxkb_config[0m[2m=[0mXkbConfig { rules: "", model: "", layout: "", variant: "", options: None } [3mrepeat_delay[0m[2m=[0m200 [3mrepeat_rate[0m[2m=[0m200[1m}[0m[2m:[0m[1minput_keyboard[0m[2m:[0m[1msend_keymap[0m[1m{[0m[3mfocus[0m[2m=[0mSome(WlSurface { id: ObjectId(wl_surface@18[0], 18), version: 5, data: Some(Any { .. }), handle: WeakHandle { handle: WeakInnerHandle[rs] { .. } } }) [3mmods[0m[2m=[0mModifiersState { ctrl: false, alt: false, shift: false, caps_lock: false, logo: false, num_lock: false, iso_level3_shift: false, iso_level5_shift: false, serialized: SerializedMods { depressed: 0, latched: 0, locked: 0, layout_effective: 0 } }[1m}[0m[2m:[0m [2msmithay::input::keyboard[0m[2m:[0m [2m/home/christoph/.cargo/registry/src/index.crates.io-1949cf8c6b5b557f/smithay-0.7.0/src/input/keyboard/mod.rs[0m[2m:[0m[2m724:[0m close [3mtime.busy[0m[2m=[0m170ns [3mtime.idle[0m[2m=[0m16.6µs
[2m2026-09-25T18:33:55.524165Z[0m [32m INFO[0m ThreadId(01) [1minput_seat[0m[1m{[0m[3mname[0m[2m=[0m"wprs"[1m}[0m[2m:[0m[1madd_keyboard[0m[1m{[0m[3mxkb_config[0m[2m=[0mXkbConfig { rules: "", model: "", layout: "", variant: "", options: None } [3mrepeat_delay[0m[2m=[0m200 [3mrepeat_rate[0m[2m=[0m200[1m}[0m[2m:[0m[1minput_keyboard[0m[2m:[0m[1msend_keymap[0m[1m{[0m[3mfocus[0m[2m=[0mSome(X11Surface { xwm: Some(XwmId(0)), client_scale: Some(1.0), window: 4194322, conn: (Weak), atoms: Atoms { WL_SURFACE_ID: 240, WL_SURFACE_SERIAL: 241, _SMITHAY_CLOSE_CONNECTION: 242, UTF8_STRING: 243, TEXT: 244, WM_HINTS: 35, WM_PROTOCOLS: 245, WM_TAKE_FOCUS: 246, WM_DELETE_WINDOW: 247, WM_CHANGE_STATE: 248, _NET_WM_NAME: 249, _NET_WM_MOVERESIZE: 250, _NET_WM_PID: 251, _NET_WM_WINDOW_TYPE: 252, _NET_WM_WINDOW_TYPE_DROPDOWN_MENU: 253, _NET_WM_WINDOW_TYPE_DIALOG: 254, _NET_WM_WINDOW_TYPE_MENU: 255, _NET_WM_WINDOW_TYPE_NOTIFICATION: 256, _NET_WM_WINDOW_TYPE_NORMAL: 257, _NET_WM_WINDOW_TYPE_POPUP_MENU: 258, _NET_WM_WINDOW_TYPE_SPLASH: 259, _NET_WM_WINDOW_TYPE_TOOLBAR: 260, _NET_WM_WINDOW_TYPE_TOOLTIP: 261, _NET_WM_WINDOW_TYPE_UTILITY: 262, _NET_WM_STATE_MODAL: 263, _MOTIF_WM_HINTS: 264, _NET_STARTUP_ID: 265, WM_S0: 266, WM_STATE: 267, _NET_WM_CM_S0: 268, _NET_SUPPORTED: 269, _NET_ACTIVE_WINDOW: 270, _NET_CLIENT_LIST: 271, _NET_CLIENT_LIST_STACKING: 272, _NET_WM_PING: 273, _NET_WM_STATE: 274, _NET_WM_STATE_MAXIMIZED_VERT: 275, _NET_WM_STATE_MAXIMIZED_HORZ: 276, _NET_WM_STATE_HIDDEN: 277, _NET_WM_STATE_FULLSCREEN: 278, _NET_WM_STATE_FOCUSED: 279, _NET_SUPPORTING_WM_CHECK: 280, _XSETTINGS_SETTINGS: 281, _WL_SELECTION: 282, CLIPBOARD_MANAGER: 283, CLIPBOARD: 284, PRIMARY: 1, TARGETS: 285, TIMESTAMP: 286, INCR: 287, DELETE: 288, _XSETTINGS_S0: 289 }, state: Mutex { data: SharedSurfaceState { alive: true, wl_surface_id: None, wl_surface_serial: Some(1), mapped_onto: Some(2097158), geometry: Rectangle<smithay::utils::geometry::Logical> { x: 1280, y: 720, width: 1272, height: 688 }, override_redirect: false, wl_surface: Some(WlSurface { id: ObjectId(wl_surface@14[0], 17), version: 4, data: Some(Any { .. }), handle: WeakHandle { handle: WeakInnerHandle[rs] { .. } } }), title: "christoph@schleppi", class: "XTerm", instance: "xterm", startup_id: None, pid: Some(3117365), protocols: [DeleteWindow], hints: Some(WmHints { input: Some(true), initial_state: Some(Normal), icon_pixmap: Some(4194342), icon_window: None, icon_position: None, icon_mask: Some(4194344), window_group: None, urgent: false }), normal_hints: Some(WmSizeHints { position: None, size: Some((UserSpecified, 1272, 688)), min_size: Some((30, 27)), max_size: None, size_increment: Some((11, 23)), aspect: None, base_size: Some((19, 4)), win_gravity: Some(NORTH_WEST) }), transient_for: None, net_state: {279, 276, 275}, motif_hints: [0, 0, 0, 0, 0], window_type: [] }, poisoned: false, .. }, user_data: UserDataMap { list: AppendList(0x0) } }) [3mmods[0m[2m=[0mModifiersState { ctrl: false, alt: false, shift: false, caps_lock: false, logo: false, num_lock: false, iso_level3_shift: false, iso_level5_shift: false, serialized: SerializedMods { depressed: 0, latched: 0, locked: 0, layout_effective: 0 } }[1m}[0m[2m:[0m [2msmithay::input::keyboard[0m[2m:[0m [2m/home/christoph/.cargo/registry/src/index.crates.io-1949cf8c6b5b557f/smithay-0.7.0/src/input/keyboard/mod.rs[0m[2m:[0m[2m724:[0m new
[2m2026-09-25T18:33:55.524204Z[0m [32m INFO[0m ThreadId(01) [1minput_seat[0m[1m{[0m[3mname[0m[2m=[0m"wprs"[1m}[0m[2m:[0m[1madd_keyboard[0m[1m{[0m[3mxkb_config[0m[2m=[0mXkbConfig { rules: "", model: "", layout: "", variant: "", options: None } [3mrepeat_delay[0m[2m=[0m200 [3mrepeat_rate[0m[2m=[0m200[1m}[0m[2m:[0m[1minput_keyboard[0m[2m:[0m[1msend_keymap[0m[1m{[0m[3mfocus[0m[2m=[0mSome(X11Surface { xwm: Some(XwmId(0)), client_scale: Some(1.0), window: 4194322, conn: (Weak), atoms: Atoms { WL_SURFACE_ID: 240, WL_SURFACE_SERIAL: 241, _SMITHAY_CLOSE_CONNECTION: 242, UTF8_STRING: 243, TEXT: 244, WM_HINTS: 35, WM_PROTOCOLS: 245, WM_TAKE_FOCUS: 246, WM_DELETE_WINDOW: 247, WM_CHANGE_STATE: 248, _NET_WM_NAME: 249, _NET_WM_MOVERESIZE: 250, _NET_WM_PID: 251, _NET_WM_WINDOW_TYPE: 252, _NET_WM_WINDOW_TYPE_DROPDOWN_MENU: 253, _NET_WM_WINDOW_TYPE_DIALOG: 254, _NET_WM_WINDOW_TYPE_MENU: 255, _NET_WM_WINDOW_TYPE_NOTIFICATION: 256, _NET_WM_WINDOW_TYPE_NORMAL: 257, _NET_WM_WINDOW_TYPE_POPUP_MENU: 258, _NET_WM_WINDOW_TYPE_SPLASH: 259, _NET_WM_WINDOW_TYPE_TOOLBAR: 260, _NET_WM_WINDOW_TYPE_TOOLTIP: 261, _NET_WM_WINDOW_TYPE_UTILITY: 262, _NET_WM_STATE_MODAL: 263, _MOTIF_WM_HINTS: 264, _NET_STARTUP_ID: 265, WM_S0: 266, WM_STATE: 267, _NET_WM_CM_S0: 268, _NET_SUPPORTED: 269, _NET_ACTIVE_WINDOW: 270, _NET_CLIENT_LIST: 271, _NET_CLIENT_LIST_STACKING: 272, _NET_WM_PING: 273, _NET_WM_STATE: 274, _NET_WM_STATE_MAXIMIZED_VERT: 275, _NET_WM_STATE_MAXIMIZED_HORZ: 276, _NET_WM_STATE_HIDDEN: 277, _NET_WM_STATE_FULLSCREEN: 278, _NET_WM_STATE_FOCUSED: 279, _NET_SUPPORTING_WM_CHECK: 280, _XSETTINGS_SETTINGS: 281, _WL_SELECTION: 282, CLIPBOARD_MANAGER: 283, CLIPBOARD: 284, PRIMARY: 1, TARGETS: 285, TIMESTAMP: 286, INCR: 287, DELETE: 288, _XSETTINGS_S0: 289 }, state: Mutex { data: SharedSurfaceState { alive: true, wl_surface_id: None, wl_surface_serial: Some(1), mapped_onto: Some(2097158), geometry: Rectangle<smithay::utils::geometry::Logical> { x: 1280, y: 720, width: 1272, height: 688 }, override_redirect: false, wl_surface: Some(WlSurface { id: ObjectId(wl_surface@14[0], 17), version: 4, data: Some(Any { .. }), handle: WeakHandle { handle: WeakInnerHandle[rs] { .. } } }), title: "christoph@schleppi", class: "XTerm", instance: "xterm", startup_id: None, pid: Some(3117365), protocols: [DeleteWindow], hints: Some(WmHints { input: Some(true), initial_state: Some(Normal), icon_pixmap: Some(4194342), icon_window: None, icon_position: None, icon_mask: Some(4194344), window_group: None, urgent: false }), normal_hints: Some(WmSizeHints { position: None, size: Some((UserSpecified, 1272, 688)), min_size: Some((30, 27)), max_size: None, size_increment: Some((11, 23)), aspect: None, base_size: Some((19, 4)), win_gravity: Some(NORTH_WEST) }), transient_for: None, net_state: {279, 276, 275}, motif_hints: [0, 0, 0, 0, 0], window_type: [] }, poisoned: false, .. }, user_data: UserDataMap { list: AppendList(0x0) } }) [3mmods[0m[2m=[0mModifiersState { ctrl: false, alt: false, shift: false, caps_lock: false, logo: false, num_lock: false, iso_level3_shift: false, iso_level5_shift: false, serialized: SerializedMods { depressed: 0, latched: 0, locked: 0, layout_effective: 0 } }[1m}[0m[2m:[0m [2msmithay::input::keyboard[0m[2m:[0m [2m/home/christoph/.cargo/registry/src/index.crates.io-1949cf8c6b5b557f/smithay-0.7.0/src/input/keyboard/mod.rs[0m[2m:[0m[2m724:[0m close [3mtime.busy[0m[2m=[0m531ns [3mtime.idle[0m[2m=[0m38.3µs
[2m2026-09-25T18:33:55.524325Z[0m [32m INFO[0m ThreadId(01) [1minput_seat[0m[1m{[0m[3mname[0m[2m=[0m"wprs"[1m}[0m[2m:[0m[1madd_keyboard[0m[1m{[0m[3mxkb_config[0m[2m=[0mXkbConfig { rules: "", model: "", layout: "", variant: "", options: None } [3mrepeat_delay[0m[2m=[0m200 [3mrepeat_rate[0m[2m=[0m200[1m}[0m[2m:[0m[1minput_keyboard[0m[2m:[0m[1msend_keymap[0m[1m{[0m[3mfocus[0m[2m=[0mSome(X11Surface { xwm: Some(XwmId(0)), client_scale: Some(1.0), window: 4194322, conn: (Weak), atoms: Atoms { WL_SURFACE_ID: 240, WL_SURFACE_SERIAL: 241, _SMITHAY_CLOSE_CONNECTION: 242, UTF8_STRING: 243, TEXT: 244, WM_HINTS: 35, WM_PROTOCOLS: 245, WM_TAKE_FOCUS: 246, WM_DELETE_WINDOW: 247, WM_CHANGE_STATE: 248, _NET_WM_NAME: 249, _NET_WM_MOVERESIZE: 250, _NET_WM_PID: 251, _NET_WM_WINDOW_TYPE: 252, _NET_WM_WINDOW_TYPE_DROPDOWN_MENU: 253, _NET_WM_WINDOW_TYPE_DIALOG: 254, _NET_WM_WINDOW_TYPE_MENU: 255, _NET_WM_WINDOW_TYPE_NOTIFICATION: 256, _NET_WM_WINDOW_TYPE_NORMAL: 257, _NET_WM_WINDOW_TYPE_POPUP_MENU: 258, _NET_WM_WINDOW_TYPE_SPLASH: 259, _NET_WM_WINDOW_TYPE_TOOLBAR: 260, _NET_WM_WINDOW_TYPE_TOOLTIP: 261, _NET_WM_WINDOW_TYPE_UTILITY: 262, _NET_WM_STATE_MODAL: 263, _MOTIF_WM_HINTS: 264, _NET_STARTUP_ID: 265, WM_S0: 266, WM_STATE: 267, _NET_WM_CM_S0: 268, _NET_SUPPORTED: 269, _NET_ACTIVE_WINDOW: 270, _NET_CLIENT_LIST: 271, _NET_CLIENT_LIST_STACKING: 272, _NET_WM_PING: 273, _NET_WM_STATE: 274, _NET_WM_STATE_MAXIMIZED_VERT: 275, _NET_WM_STATE_MAXIMIZED_HORZ: 276, _NET_WM_STATE_HIDDEN: 277, _NET_WM_STATE_FULLSCREEN: 278, _NET_WM_STATE_FOCUSED: 279, _NET_SUPPORTING_WM_CHECK: 280, _XSETTINGS_SETTINGS: 281, _WL_SELECTION: 282, CLIPBOARD_MANAGER: 283, CLIPBOARD: 284, PRIMARY: 1, TARGETS: 285, TIMESTAMP: 286, INCR: 287, DELETE: 288, _XSETTINGS_S0: 289 }, state: Mutex { data: SharedSurfaceState { alive: true, wl_surface_id: None, wl_surface_serial: Some(1), mapped_onto: Some(2097158), geometry: Rectangle<smithay::utils::geometry::Logical> { x: 1280, y: 720, width: 1272, height: 688 }, override_redirect: false, wl_surface: Some(WlSurface { id: ObjectId(wl_surface@14[0], 17), version: 4, data: Some(Any { .. }), handle: WeakHandle { handle: WeakInnerHandle[rs] { .. } } }), title: "christoph@schleppi", class: "XTerm", instance: "xterm", startup_id: None, pid: Some(3117365), protocols: [DeleteWindow], hints: Some(WmHints { input: Some(true), initial_state: Some(Normal), icon_pixmap: Some(4194342), icon_window: None, icon_position: None, icon_mask: Some(4194344), window_group: None, urgent: false }), normal_hints: Some(WmSizeHints { position: None, size: Some((UserSpecified, 1272, 688)), min_size: Some((30, 27)), max_size: None, size_increment: Some((11, 23)), aspect: None, base_size: Some((19, 4)), win_gravity: Some(NORTH_WEST) }), transient_for: None, net_state: {279, 276, 275}, motif_hints: [0, 0, 0, 0, 0], window_type: [] }, poisoned: false, .. }, user_data: UserDataMap { list: AppendList(0x0) } }) [3mmods[0m[2m=[0mModifiersState { ctrl: false, alt: false, shift: false, caps_lock: false, logo: false, num_lock: false, iso_level3_shift: false, iso_level5_shift: false, serialized: SerializedMods { depressed: 0, latched: 0, locked: 0, layout_effective: 0 } }[1m}[0m[2m:[0m [2msmithay::input::keyboard[0m[2m:[0m [2m/home/christoph/.cargo/registry/src/index.crates.io-1949cf8c6b5b557f/smithay-0.7.0/src/input/keyboard/mod.rs[0m[2m:[0m[2m724:[0m new
[2m2026-09-25T18:33:55.524346Z[0m [32m INFO[0m ThreadId(01) [1minput_seat[0m[1m{[0m[3mname[0m[2m=[0m"wprs"[1m}[0m[2m:[0m[1madd_keyboard[0m[1m{[0m[3mxkb_config[0m[2m=[0mXkbConfig { rules: "", model: "", layout: "", variant: "", options: None } [3mrepeat_delay[0m[2m=[0m200 [3mrepeat_rate[0m[2m=[0m200[1m}[0m[2m:[0m[1minput_keyboard[0m[2m:[0m[1msend_keymap[0m[1m{[0m[3mfocus[0m[2m=[0mSome(X11Surface { xwm: Some(XwmId(0)), client_scale: Some(1.0), window: 4194322, conn: (Weak), atoms: Atoms { WL_SURFACE_ID: 240, WL_SURFACE_SERIAL: 241, _SMITHAY_CLOSE_CONNECTION: 242, UTF8_STRING: 243, TEXT: 244, WM_HINTS: 35, WM_PROTOCOLS: 245, WM_TAKE_FOCUS: 246, WM_DELETE_WINDOW: 247, WM_CHANGE_STATE: 248, _NET_WM_NAME: 249, _NET_WM_MOVERESIZE: 250, _NET_WM_PID: 251, _NET_WM_WINDOW_TYPE: 252, _NET_WM_WINDOW_TYPE_DROPDOWN_MENU: 253, _NET_WM_WINDOW_TYPE_DIALOG: 254, _NET_WM_WINDOW_TYPE_MENU: 255, _NET_WM_WINDOW_TYPE_NOTIFICATION: 256, _NET_WM_WINDOW_TYPE_NORMAL: 257, _NET_WM_WINDOW_TYPE_POPUP_MENU: 258, _NET_WM_WINDOW_TYPE_SPLASH: 259, _NET_WM_WINDOW_TYPE_TOOLBAR: 260, _NET_WM_WINDOW_TYPE_TOOLTIP: 261, _NET_WM_WINDOW_TYPE_UTILITY: 262, _NET_WM_STATE_MODAL: 263, _MOTIF_WM_HINTS: 264, _NET_STARTUP_ID: 265, WM_S0: 266, WM_STATE: 267, _NET_WM_CM_S0: 268, _NET_SUPPORTED: 269, _NET_ACTIVE_WINDOW: 270, _NET_CLIENT_LIST: 271, _NET_CLIENT_LIST_STACKING: 272, _NET_WM_PING: 273, _NET_WM_STATE: 274, _NET_WM_STATE_MAXIMIZED_VERT: 275, _NET_WM_STATE_MAXIMIZED_HORZ: 276, _NET_WM_STATE_HIDDEN: 277, _NET_WM_STATE_FULLSCREEN: 278, _NET_WM_STATE_FOCUSED: 279, _NET_SUPPORTING_WM_CHECK: 280, _XSETTINGS_SETTINGS: 281, _WL_SELECTION: 282, CLIPBOARD_MANAGER: 283, CLIPBOARD: 284, PRIMARY: 1, TARGETS: 285, TIMESTAMP: 286, INCR: 287, DELETE: 288, _XSETTINGS_S0: 289 }, state: Mutex { data: SharedSurfaceState { alive: true, wl_surface_id: None, wl_surface_serial: Some(1), mapped_onto: Some(2097158), geometry: Rectangle<smithay::utils::geometry::Logical> { x: 1280, y: 720, width: 1272, height: 688 }, override_redirect: false, wl_surface: Some(WlSurface { id: ObjectId(wl_surface@14[0], 17), version: 4, data: Some(Any { .. }), handle: WeakHandle { handle: WeakInnerHandle[rs] { .. } } }), title: "christoph@schleppi", class: "XTerm", instance: "xterm", startup_id: None, pid: Some(3117365), protocols: [DeleteWindow], hints: Some(WmHints { input: Some(true), initial_state: Some(Normal), icon_pixmap: Some(4194342), icon_window: None, icon_position: None, icon_mask: Some(4194344), window_group: None, urgent: false }), normal_hints: Some(WmSizeHints { position: None, size: Some((UserSpecified, 1272, 688)), min_size: Some((30, 27)), max_size: None, size_increment: Some((11, 23)), aspect: None, base_size: Some((19, 4)), win_gravity: Some(NORTH_WEST) }), transient_for: None, net_state: {279, 276, 275}, motif_hints: [0, 0, 0, 0, 0], window_type: [] }, poisoned: false, .. }, user_data: UserDataMap { list: AppendList(0x0) } }) [3mmods[0m[2m=[0mModifiersState { ctrl: false, alt: false, shift: false, caps_lock: false, logo: false, num_lock: false, iso_level3_shift: false, iso_level5_shift: false, serialized: SerializedMods { depressed: 0, latched: 0, locked: 0, layout_effective: 0 } }[1m}[0m[2m:[0m [2msmithay::input::keyboard[0m[2m:[0m [2m/home/christoph/.cargo/registry/src/index.crates.io-1949cf8c6b5b557f/smithay-0.7.0/src/input/keyboard/mod.rs[0m[2m:[0m[2m724:[0m close [3mtime.busy[0m[2m=[0m291ns [3mtime.idle[0m[2m=[0m20.4µs
[2m2026-09-25T18:33:55.524453Z[0m [32m INFO[0m ThreadId(01) [1minput_seat[0m[1m{[0m[3mname[0m[2m=[0m"wprs"[1m}[0m[2m:[0m[1madd_keyboard[0m[1m{[0m[3mxkb_config[0m[2m=[0mXkbConfig { rules: "", model: "", layout: "", variant: "", options: None } [3mrepeat_delay[0m[2m=[0m200 [3mrepeat_rate[0m[2m=[0m200[1m}[0m[2m:[0m[1minput_keyboard[0m[2m:[0m[1msend_keymap[0m[1m{[0m[3mfocus[0m[2m=[0mSome(X11Surface { xwm: Some(XwmId(0)), client_scale: Some(1.0), window: 4194322, conn: (Weak), atoms: Atoms { WL_SURFACE_ID: 240, WL_SURFACE_SERIAL: 241, _SMITHAY_CLOSE_CONNECTION: 242, UTF8_STRING: 243, TEXT: 244, WM_HINTS: 35, WM_PROTOCOLS: 245, WM_TAKE_FOCUS: 246, WM_DELETE_WINDOW: 247, WM_CHANGE_STATE: 248, _NET_WM_NAME: 249, _NET_WM_MOVERESIZE: 250, _NET_WM_PID: 251, _NET_WM_WINDOW_TYPE: 252, _NET_WM_WINDOW_TYPE_DROPDOWN_MENU: 253, _NET_WM_WINDOW_TYPE_DIALOG: 254, _NET_WM_WINDOW_TYPE_MENU: 255, _NET_WM_WINDOW_TYPE_NOTIFICATION: 256, _NET_WM_WINDOW_TYPE_NORMAL: 257, _NET_WM_WINDOW_TYPE_POPUP_MENU: 258, _NET_WM_WINDOW_TYPE_SPLASH: 259, _NET_WM_WINDOW_TYPE_TOOLBAR: 260, _NET_WM_WINDOW_TYPE_TOOLTIP: 261, _NET_WM_WINDOW_TYPE_UTILITY: 262, _NET_WM_STATE_MODAL: 263, _MOTIF_WM_HINTS: 264, _NET_STARTUP_ID: 265, WM_S0: 266, WM_STATE: 267, _NET_WM_CM_S0: 268, _NET_SUPPORTED: 269, _NET_ACTIVE_WINDOW: 270, _NET_CLIENT_LIST: 271, _NET_CLIENT_LIST_STACKING: 272, _NET_WM_PING: 273, _NET_WM_STATE: 274, _NET_WM_STATE_MAXIMIZED_VERT: 275, _NET_WM_STATE_MAXIMIZED_HORZ: 276, _NET_WM_STATE_HIDDEN: 277, _NET_WM_STATE_FULLSCREEN: 278, _NET_WM_STATE_FOCUSED: 279, _NET_SUPPORTING_WM_CHECK: 280, _XSETTINGS_SETTINGS: 281, _WL_SELECTION: 282, CLIPBOARD_MANAGER: 283, CLIPBOARD: 284, PRIMARY: 1, TARGETS: 285, TIMESTAMP: 286, INCR: 287, DELETE: 288, _XSETTINGS_S0: 289 }, state: Mutex { data: SharedSurfaceState { alive: true, wl_surface_id: None, wl_surface_serial: Some(1), mapped_onto: Some(2097158), geometry: Rectangle<smithay::utils::geometry::Logical> { x: 1280, y: 720, width: 1272, height: 688 }, override_redirect: false, wl_surface: Some(WlSurface { id: ObjectId(wl_surface@14[0], 17), version: 4, data: Some(Any { .. }), handle: WeakHandle { handle: WeakInnerHandle[rs] { .. } } }), title: "christoph@schleppi", class: "XTerm", instance: "xterm", startup_id: None, pid: Some(3117365), protocols: [DeleteWindow], hints: Some(WmHints { input: Some(true), initial_state: Some(Normal), icon_pixmap: Some(4194342), icon_window: None, icon_position: None, icon_mask: Some(4194344), window_group: None, urgent: false }), normal_hints: Some(WmSizeHints { position: None, size: Some((UserSpecified, 1272, 688)), min_size: Some((30, 27)), max_size: None, size_increment: Some((11, 23)), aspect: None, base_size: Some((19, 4)), win_gravity: Some(NORTH_WEST) }), transient_for: None, net_state: {279, 276, 275}, motif_hints: [0, 0, 0, 0, 0], window_type: [] }, poisoned: false, .. }, user_data: UserDataMap { list: AppendList(0x0) } }) [3mmods[0m[2m=[0mModifiersState { ctrl: false, alt: false, shift: false, caps_lock: false, logo: false, num_lock: false, iso_level3_shift: false, iso_level5_shift: false, serialized: SerializedMods { depressed: 0, latched: 0, locked: 0, layout_effective: 0 } }[1m}[0m[2m:[0m [2msmithay::input::keyboard[0m[2m:[0m [2m/home/christoph/.cargo/registry/src/index.crates.io-1949cf8c6b5b557f/smithay-0.7.0/src/input/keyboard/mod.rs[0m[2m:[0m[2m724:[0m new
[2m2026-09-25T18:33:55.524482Z[0m [32m INFO[0m ThreadId(01) [1minput_seat[0m[1m{[0m[3mname[0m[2m=[0m"wprs"[1m}[0m[2m:[0m[1madd_keyboard[0m[1m{[0m[3mxkb_config[0m[2m=[0mXkbConfig { rules: "", model: "", layout: "", variant: "", options: None } [3mrepeat_delay[0m[2m=[0m200 [3mrepeat_rate[0m[2m=[0m200[1m}[0m[2m:[0m[1minput_keyboard[0m[2m:[0m[1msend_keymap[0m[1m{[0m[3mfocus[0m[2m=[0mSome(X11Surface { xwm: Some(XwmId(0)), client_scale: Some(1.0), window: 4194322, conn: (Weak), atoms: Atoms { WL_SURFACE_ID: 240, WL_SURFACE_SERIAL: 241, _SMITHAY_CLOSE_CONNECTION: 242, UTF8_STRING: 243, TEXT: 244, WM_HINTS: 35, WM_PROTOCOLS: 245, WM_TAKE_FOCUS: 246, WM_DELETE_WINDOW: 247, WM_CHANGE_STATE: 248, _NET_WM_NAME: 249, _NET_WM_MOVERESIZE: 250, _NET_WM_PID: 251, _NET_WM_WINDOW_TYPE: 252, _NET_WM_WINDOW_TYPE_DROPDOWN_MENU: 253, _NET_WM_WINDOW_TYPE_DIALOG: 254, _NET_WM_WINDOW_TYPE_MENU: 255, _NET_WM_WINDOW_TYPE_NOTIFICATION: 256, _NET_WM_WINDOW_TYPE_NORMAL: 257, _NET_WM_WINDOW_TYPE_POPUP_MENU: 258, _NET_WM_WINDOW_TYPE_SPLASH: 259, _NET_WM_WINDOW_TYPE_TOOLBAR: 260, _NET_WM_WINDOW_TYPE_TOOLTIP: 261, _NET_WM_WINDOW_TYPE_UTILITY: 262, _NET_WM_STATE_MODAL: 263, _MOTIF_WM_HINTS: 264, _NET_STARTUP_ID: 265, WM_S0: 266, WM_STATE: 267, _NET_WM_CM_S0: 268, _NET_SUPPORTED: 269, _NET_ACTIVE_WINDOW: 270, _NET_CLIENT_LIST: 271, _NET_CLIENT_LIST_STACKING: 272, _NET_WM_PING: 273, _NET_WM_STATE: 274, _NET_WM_STATE_MAXIMIZED_VERT: 275, _NET_WM_STATE_MAXIMIZED_HORZ: 276, _NET_WM_STATE_HIDDEN: 277, _NET_WM_STATE_FULLSCREEN: 278, _NET_WM_STATE_FOCUSED: 279, _NET_SUPPORTING_WM_CHECK: 280, _XSETTINGS_SETTINGS: 281, _WL_SELECTION: 282, CLIPBOARD_MANAGER: 283, CLIPBOARD: 284, PRIMARY: 1, TARGETS: 285, TIMESTAMP: 286, INCR: 287, DELETE: 288, _XSETTINGS_S0: 289 }, state: Mutex { data: SharedSurfaceState { alive: true, wl_surface_id: None, wl_surface_serial: Some(1), mapped_onto: Some(2097158), geometry: Rectangle<smithay::utils::geometry::Logical> { x: 1280, y: 720, width: 1272, height: 688 }, override_redirect: false, wl_surface: Some(WlSurface { id: ObjectId(wl_surface@14[0], 17), version: 4, data: Some(Any { .. }), handle: WeakHandle { handle: WeakInnerHandle[rs] { .. } } }), title: "christoph@schleppi", class: "XTerm", instance: "xterm", startup_id: None, pid: Some(3117365), protocols: [DeleteWindow], hints: Some(WmHints { input: Some(true), initial_state: Some(Normal), icon_pixmap: Some(4194342), icon_window: None, icon_position: None, icon_mask: Some(4194344), window_group: None, urgent: false }), normal_hints: Some(WmSizeHints { position: None, size: Some((UserSpecified, 1272, 688)), min_size: Some((30, 27)), max_size: None, size_increment: Some((11, 23)), aspect: None, base_size: Some((19, 4)), win_gravity: Some(NORTH_WEST) }), transient_for: None, net_state: {279, 276, 275}, motif_hints: [0, 0, 0, 0, 0], window_type: [] }, poisoned: false, .. }, user_data: UserDataMap { list: AppendList(0x0) } }) [3mmods[0m[2m=[0mModifiersState { ctrl: false, alt: false, shift: false, caps_lock: false, logo: false, num_lock: false, iso_level3_shift: false, iso_level5_shift: false, serialized: SerializedMods { depressed: 0, latched: 0, locked: 0, layout_effective: 0 } }[1m}[0m[2m:[0m [2msmithay::input::keyboard[0m[2m:[0m [2m/home/christoph/.cargo/registry/src/index.crates.io-1949cf8c6b5b557f/smithay-0.7.0/src/input/keyboard/mod.rs[0m[2m:[0m[2m724:[0m close [3mtime.busy[0m[2m=[0m281ns [3mtime.idle[0m[2m=[0m27.7µs
[2m2026-09-25T18:33:55.524590Z[0m [32m INFO[0m ThreadId(01) [1minput_seat[0m[1m{[0m[3mname[0m[2m=[0m"wprs"[1m}[0m[2m:[0m[1madd_keyboard[0m[1m{[0m[3mxkb_config[0m[2m=[0mXkbConfig { rules: "", model: "", layout: "", variant: "", options: None } [3mrepeat_delay[0m[2m=[0m200 [3mrepeat_rate[0m[2m=[0m200[1m}[0m[2m:[0m[1minput_keyboard[0m[2m:[0m[1msend_keymap[0m[1m{[0m[3mfocus[0m[2m=[0mSome(X11Surface { xwm: Some(XwmId(0)), client_scale: Some(1.0), window: 4194322, conn: (Weak), atoms: Atoms { WL_SURFACE_ID: 240, WL_SURFACE_SERIAL: 241, _SMITHAY_CLOSE_CONNECTION: 242, UTF8_STRING: 243, TEXT: 244, WM_HINTS: 35, WM_PROTOCOLS: 245, WM_TAKE_FOCUS: 246, WM_DELETE_WINDOW: 247, WM_CHANGE_STATE: 248, _NET_WM_NAME: 249, _NET_WM_MOVERESIZE: 250, _NET_WM_PID: 251, _NET_WM_WINDOW_TYPE: 252, _NET_WM_WINDOW_TYPE_DROPDOWN_MENU: 253, _NET_WM_WINDOW_TYPE_DIALOG: 254, _NET_WM_WINDOW_TYPE_MENU: 255, _NET_WM_WINDOW_TYPE_NOTIFICATION: 256, _NET_WM_WINDOW_TYPE_NORMAL: 257, _NET_WM_WINDOW_TYPE_POPUP_MENU: 258, _NET_WM_WINDOW_TYPE_SPLASH: 259, _NET_WM_WINDOW_TYPE_TOOLBAR: 260, _NET_WM_WINDOW_TYPE_TOOLTIP: 261, _NET_WM_WINDOW_TYPE_UTILITY: 262, _NET_WM_STATE_MODAL: 263, _MOTIF_WM_HINTS: 264, _NET_STARTUP_ID: 265, WM_S0: 266, WM_STATE: 267, _NET_WM_CM_S0: 268, _NET_SUPPORTED: 269, _NET_ACTIVE_WINDOW: 270, _NET_CLIENT_LIST: 271, _NET_CLIENT_LIST_STACKING: 272, _NET_WM_PING: 273, _NET_WM_STATE: 274, _NET_WM_STATE_MAXIMIZED_VERT: 275, _NET_WM_STATE_MAXIMIZED_HORZ: 276, _NET_WM_STATE_HIDDEN: 277, _NET_WM_STATE_FULLSCREEN: 278, _NET_WM_STATE_FOCUSED: 279, _NET_SUPPORTING_WM_CHECK: 280, _XSETTINGS_SETTINGS: 281, _WL_SELECTION: 282, CLIPBOARD_MANAGER: 283, CLIPBOARD: 284, PRIMARY: 1, TARGETS: 285, TIMESTAMP: 286, INCR: 287, DELETE: 288, _XSETTINGS_S0: 289 }, state: Mutex { data: SharedSurfaceState { alive: true, wl_surface_id: None, wl_surface_serial: Some(1), mapped_onto: Some(2097158), geometry: Rectangle<smithay::utils::geometry::Logical> { x: 1280, y: 720, width: 1272, height: 688 }, override_redirect: false, wl_surface: Some(WlSurface { id: ObjectId(wl_surface@14[0], 17), version: 4, data: Some(Any { .. }), handle: WeakHandle { handle: WeakInnerHandle[rs] { .. } } }), title: "christoph@schleppi", class: "XTerm", instance: "xterm", startup_id: None, pid: Some(3117365), protocols: [DeleteWindow], hints: Some(WmHints { input: Some(true), initial_state: Some(Normal), icon_pixmap: Some(4194342), icon_window: None, icon_position: None, icon_mask: Some(4194344), window_group: None, urgent: false }), normal_hints: Some(WmSizeHints { position: None, size: Some((UserSpecified, 1272, 688)), min_size: Some((30, 27)), max_size: None, size_increment: Some((11, 23)), aspect: None, base_size: Some((19, 4)), win_gravity: Some(NORTH_WEST) }), transient_for: None, net_state: {279, 276, 275}, motif_hints: [0, 0, 0, 0, 0], window_type: [] }, poisoned: false, .. }, user_data: UserDataMap { list: AppendList(0x0) } }) [3mmods[0m[2m=[0mModifiersState { ctrl: false, alt: false, shift: false, caps_lock: false, logo: false, num_lock: false, iso_level3_shift: false, iso_level5_shift: false, serialized: SerializedMods { depressed: 0, latched: 0, locked: 0, layout_effective: 0 } }[1m}[0m[2m:[0m [2msmithay::input::keyboard[0m[2m:[0m [2m/home/christoph/.cargo/registry/src/index.crates.io-1949cf8c6b5b557f/smithay-0.7.0/src/input/keyboard/mod.rs[0m[2m:[0m[2m724:[0m new
[2m2026-09-25T18:33:55.524617Z[0m [32m INFO[0m ThreadId(01) [1minput_seat[0m[1m{[0m[3mname[0m[2m=[0m"wprs"[1m}[0m[2m:[0m[1madd_keyboard[0m[1m{[0m[3mxkb_config[0m[2m=[0mXkbConfig { rules: "", model: "", layout: "", variant: "", options: None } [3mrepeat_delay[0m[2m=[0m200 [3mrepeat_rate[0m[2m=[0m200[1m}[0m[2m:[0m[1minput_keyboard[0m[2m:[0m[1msend_keymap[0m[1m{[0m[3mfocus[0m[2m=[0mSome(X11Surface { xwm: Some(XwmId(0)), client_scale: Some(1.0), window: 4194322, conn: (Weak), atoms: Atoms { WL_SURFACE_ID: 240, WL_SURFACE_SERIAL: 241, _SMITHAY_CLOSE_CONNECTION: 242, UTF8_STRING: 243, TEXT: 244, WM_HINTS: 35, WM_PROTOCOLS: 245, WM_TAKE_FOCUS: 246, WM_DELETE_WINDOW: 247, WM_CHANGE_STATE: 248, _NET_WM_NAME: 249, _NET_WM_MOVERESIZE: 250, _NET_WM_PID: 251, _NET_WM_WINDOW_TYPE: 252, _NET_WM_WINDOW_TYPE_DROPDOWN_MENU: 253, _NET_WM_WINDOW_TYPE_DIALOG: 254, _NET_WM_WINDOW_TYPE_MENU: 255, _NET_WM_WINDOW_TYPE_NOTIFICATION: 256, _NET_WM_WINDOW_TYPE_NORMAL: 257, _NET_WM_WINDOW_TYPE_POPUP_MENU: 258, _NET_WM_WINDOW_TYPE_SPLASH: 259, _NET_WM_WINDOW_TYPE_TOOLBAR: 260, _NET_WM_WINDOW_TYPE_TOOLTIP: 261, _NET_WM_WINDOW_TYPE_UTILITY: 262, _NET_WM_STATE_MODAL: 263, _MOTIF_WM_HINTS: 264, _NET_STARTUP_ID: 265, WM_S0: 266, WM_STATE: 267, _NET_WM_CM_S0: 268, _NET_SUPPORTED: 269, _NET_ACTIVE_WINDOW: 270, _NET_CLIENT_LIST: 271, _NET_CLIENT_LIST_STACKING: 272, _NET_WM_PING: 273, _NET_WM_STATE: 274, _NET_WM_STATE_MAXIMIZED_VERT: 275, _NET_WM_STATE_MAXIMIZED_HORZ: 276, _NET_WM_STATE_HIDDEN: 277, _NET_WM_STATE_FULLSCREEN: 278, _NET_WM_STATE_FOCUSED: 279, _NET_SUPPORTING_WM_CHECK: 280, _XSETTINGS_SETTINGS: 281, _WL_SELECTION: 282, CLIPBOARD_MANAGER: 283, CLIPBOARD: 284, PRIMARY: 1, TARGETS: 285, TIMESTAMP: 286, INCR: 287, DELETE: 288, _XSETTINGS_S0: 289 }, state: Mutex { data: SharedSurfaceState { alive: true, wl_surface_id: None, wl_surface_serial: Some(1), mapped_onto: Some(2097158), geometry: Rectangle<smithay::utils::geometry::Logical> { x: 1280, y: 720, width: 1272, height: 688 }, override_redirect: false, wl_surface: Some(WlSurface { id: ObjectId(wl_surface@14[0], 17), version: 4, data: Some(Any { .. }), handle: WeakHandle { handle: WeakInnerHandle[rs] { .. } } }), title: "christoph@schleppi", class: "XTerm", instance: "xterm", startup_id: None, pid: Some(3117365), protocols: [DeleteWindow], hints: Some(WmHints { input: Some(true), initial_state: Some(Normal), icon_pixmap: Some(4194342), icon_window: None, icon_position: None, icon_mask: Some(4194344), window_group: None, urgent: false }), normal_hints: Some(WmSizeHints { position: None, size: Some((UserSpecified, 1272, 688)), min_size: Some((30, 27)), max_size: None, size_increment: Some((11, 23)), aspect: None, base_size: Some((19, 4)), win_gravity: Some(NORTH_WEST) }), transient_for: None, net_state: {279, 276, 275}, motif_hints: [0, 0, 0, 0, 0], window_type: [] }, poisoned: false, .. }, user_data: UserDataMap { list: AppendList(0x0) } }) [3mmods[0m[2m=[0mModifiersState { ctrl: false, alt: false, shift: false, caps_lock: false, logo: false, num_lock: false, iso_level3_shift: false, iso_level5_shift: false, serialized: SerializedMods { depressed: 0, latched: 0, locked: 0, layout_effective: 0 } }[1m}[0m[2m:[0m [2msmithay::input::keyboard[0m[2m:[0m [2m/home/christoph/.cargo/registry/src/index.crates.io-1949cf8c6b5b557f/smithay-0.7.0/src/input/keyboard/mod.rs[0m[2m:[0m[2m724:[0m close [3mtime.busy[0m[2m=[0m271ns [3mtime.idle[0m[2m=[0m26.9µs
[2m2026-09-25T18:33:55.524738Z[0m [32m INFO[0m ThreadId(01) [1minput_seat[0m[1m{[0m[3mname[0m[2m=[0m"wprs"[1m}[0m[2m:[0m[1madd_keyboard[0m[1m{[0m[3mxkb_config[0m[2m=[0mXkbConfig { rules: "", model: "", layout: "", variant: "", options: None } [3mrepeat_delay[0m[2m=[0m200 [3mrepeat_rate[0m[2m=[0m200[1m}[0m[2m:[0m[1minput_keyboard[0m[2m:[0m[1msend_keymap[0m[1m{[0m[3mfocus[0m[2m=[0mSome(X11Surface { xwm: Some(XwmId(0)), client_scale: Some(1.0), window: 4194322, conn: (Weak), atoms: Atoms { WL_SURFACE_ID: 240, WL_SURFACE_SERIAL: 241, _SMITHAY_CLOSE_CONNECTION: 242, UTF8_STRING: 243, TEXT: 244, WM_HINTS: 35, WM_PROTOCOLS: 245, WM_TAKE_FOCUS: 246, WM_DELETE_WINDOW: 247, WM_CHANGE_STATE: 248, _NET_WM_NAME: 249, _NET_WM_MOVERESIZE: 250, _NET_WM_PID: 251, _NET_WM_WINDOW_TYPE: 252, _NET_WM_WINDOW_TYPE_DROPDOWN_MENU: 253, _NET_WM_WINDOW_TYPE_DIALOG: 254, _NET_WM_WINDOW_TYPE_MENU: 255, _NET_WM_WINDOW_TYPE_NOTIFICATION: 256, _NET_WM_WINDOW_TYPE_NORMAL: 257, _NET_WM_WINDOW_TYPE_POPUP_MENU: 258, _NET_WM_WINDOW_TYPE_SPLASH: 259, _NET_WM_WINDOW_TYPE_TOOLBAR: 260, _NET_WM_WINDOW_TYPE_TOOLTIP: 261, _NET_WM_WINDOW_TYPE_UTILITY: 262, _NET_WM_STATE_MODAL: 263, _MOTIF_WM_HINTS: 264, _NET_STARTUP_ID: 265, WM_S0: 266, WM_STATE: 267, _NET_WM_CM_S0: 268, _NET_SUPPORTED: 269, _NET_ACTIVE_WINDOW: 270, _NET_CLIENT_LIST: 271, _NET_CLIENT_LIST_STACKING: 272, _NET_WM_PING: 273, _NET_WM_STATE: 274, _NET_WM_STATE_MAXIMIZED_VERT: 275, _NET_WM_STATE_MAXIMIZED_HORZ: 276, _NET_WM_STATE_HIDDEN: 277, _NET_WM_STATE_FULLSCREEN: 278, _NET_WM_STATE_FOCUSED: 279, _NET_SUPPORTING_WM_CHECK: 280, _XSETTINGS_SETTINGS: 281, _WL_SELECTION: 282, CLIPBOARD_MANAGER: 283, CLIPBOARD: 284, PRIMARY: 1, TARGETS: 285, TIMESTAMP: 286, INCR: 287, DELETE: 288, _XSETTINGS_S0: 289 }, state: Mutex { data: SharedSurfaceState { alive: true, wl_surface_id: None, wl_surface_serial: Some(1), mapped_onto: Some(2097158), geometry: Rectangle<smithay::utils::geometry::Logical> { x: 1280, y: 720, width: 1272, height: 688 }, override_redirect: false, wl_surface: Some(WlSurface { id: ObjectId(wl_surface@14[0], 17), version: 4, data: Some(Any { .. }), handle: WeakHandle { handle: WeakInnerHandle[rs] { .. } } }), title: "christoph@schleppi", class: "XTerm", instance: "xterm", startup_id: None, pid: Some(3117365), protocols: [DeleteWindow], hints: Some(WmHints { input: Some(true), initial_state: Some(Normal), icon_pixmap: Some(4194342), icon_window: None, icon_position: None, icon_mask: Some(4194344), window_group: None, urgent: false }), normal_hints: Some(WmSizeHints { position: None, size: Some((UserSpecified, 1272, 688)), min_size: Some((30, 27)), max_size: None, size_increment: Some((11, 23)), aspect: None, base_size: Some((19, 4)), win_gravity: Some(NORTH_WEST) }), transient_for: None, net_state: {279, 276, 275}, motif_hints: [0, 0, 0, 0, 0], window_type: [] }, poisoned: false, .. }, user_data: UserDataMap { list: AppendList(0x0) } }) [3mmods[0m[2m=[0mModifiersState { ctrl: false, alt: false, shift: false, caps_lock: false, logo: false, num_lock: false, iso_level3_shift: false, iso_level5_shift: false, serialized: SerializedMods { depressed: 0, latched: 0, locked: 0, layout_effective: 0 } }[1m}[0m[2m:[0m [2msmithay::input::keyboard[0m[2m:[0m [2m/home/christoph/.cargo/registry/src/index.crates.io-1949cf8c6b5b557f/smithay-0.7.0/src/input/keyboard/mod.rs[0m[2m:[0m[2m724:[0m new
[2m2026-09-25T18:33:55.524759Z[0m [32m INFO[0m ThreadId(01) [1minput_seat[0m[1m{[0m[3mname[0m[2m=[0m"wprs"[1m}[0m[2m:[0m[1madd_keyboard[0m[1m{[0m[3mxkb_config[0m[2m=[0mXkbConfig { rules: "", model: "", layout: "", variant: "", options: None } [3mrepeat_delay[0m[2m=[0m200 [3mrepeat_rate[0m[2m=[0m200[1m}[0m[2m:[0m[1minput_keyboard[0m[2m:[0m[1msend_keymap[0m[1m{[0m[3mfocus[0m[2m=[0mSome(X11Surface { xwm: Some(XwmId(0)), client_scale: Some(1.0), window: 4194322, conn: (Weak), atoms: Atoms { WL_SURFACE_ID: 240, WL_SURFACE_SERIAL: 241, _SMITHAY_CLOSE_CONNECTION: 242, UTF8_STRING: 243, TEXT: 244, WM_HINTS: 35, WM_PROTOCOLS: 245, WM_TAKE_FOCUS: 246, WM_DELETE_WINDOW: 247, WM_CHANGE_STATE: 248, _NET_WM_NAME: 249, _NET_WM_MOVERESIZE: 250, _NET_WM_PID: 251, _NET_WM_WINDOW_TYPE: 252, _NET_WM_WINDOW_TYPE_DROPDOWN_MENU: 253, _NET_WM_WINDOW_TYPE_DIALOG: 254, _NET_WM_WINDOW_TYPE_MENU: 255, _NET_WM_WINDOW_TYPE_NOTIFICATION: 256, _NET_WM_WINDOW_TYPE_NORMAL: 257, _NET_WM_WINDOW_TYPE_POPUP_MENU: 258, _NET_WM_WINDOW_TYPE_SPLASH: 259, _NET_WM_WINDOW_TYPE_TOOLBAR: 260, _NET_WM_WINDOW_TYPE_TOOLTIP: 261, _NET_WM_WINDOW_TYPE_UTILITY: 262, _NET_WM_STATE_MODAL: 263, _MOTIF_WM_HINTS: 264, _NET_STARTUP_ID: 265, WM_S0: 266, WM_STATE: 267, _NET_WM_CM_S0: 268, _NET_SUPPORTED: 269, _NET_ACTIVE_WINDOW: 270, _NET_CLIENT_LIST: 271, _NET_CLIENT_LIST_STACKING: 272, _NET_WM_PING: 273, _NET_WM_STATE: 274, _NET_WM_STATE_MAXIMIZED_VERT: 275, _NET_WM_STATE_MAXIMIZED_HORZ: 276, _NET_WM_STATE_HIDDEN: 277, _NET_WM_STATE_FULLSCREEN: 278, _NET_WM_STATE_FOCUSED: 279, _NET_SUPPORTING_WM_CHECK: 280, _XSETTINGS_SETTINGS: 281, _WL_SELECTION: 282, CLIPBOARD_MANAGER: 283, CLIPBOARD: 284, PRIMARY: 1, TARGETS: 285, TIMESTAMP: 286, INCR: 287, DELETE: 288, _XSETTINGS_S0: 289 }, state: Mutex { data: SharedSurfaceState { alive: true, wl_surface_id: None, wl_surface_serial: Some(1), mapped_onto: Some(2097158), geometry: Rectangle<smithay::utils::geometry::Logical> { x: 1280, y: 720, width: 1272, height: 688 }, override_redirect: false, wl_surface: Some(WlSurface { id: ObjectId(wl_surface@14[0], 17), version: 4, data: Some(Any { .. }), handle: WeakHandle { handle: WeakInnerHandle[rs] { .. } } }), title: "christoph@schleppi", class: "XTerm", instance: "xterm", startup_id: None, pid: Some(3117365), protocols: [DeleteWindow], hints: Some(WmHints { input: Some(true), initial_state: Some(Normal), icon_pixmap: Some(4194342), icon_window: None, icon_position: None, icon_mask: Some(4194344), window_group: None, urgent: false }), normal_hints: Some(WmSizeHints { position: None, size: Some((UserSpecified, 1272, 688)), min_size: Some((30, 27)), max_size: None, size_increment: Some((11, 23)), aspect: None, base_size: Some((19, 4)), win_gravity: Some(NORTH_WEST) }), transient_for: None, net_state: {279, 276, 275}, motif_hints: [0, 0, 0, 0, 0], window_type: [] }, poisoned: false, .. }, user_data: UserDataMap { list: AppendList(0x0) } }) [3mmods[0m[2m=[0mModifiersState { ctrl: false, alt: false, shift: false, caps_lock: false, logo: false, num_lock: false, iso_level3_shift: false, iso_level5_shift: false, serialized: SerializedMods { depressed: 0, latched: 0, locked: 0, layout_effective: 0 } }[1m}[0m[2m:[0m [2msmithay::input::keyboard[0m[2m:[0m [2m/home/christoph/.cargo/registry/src/index.crates.io-1949cf8c6b5b557f/smithay-0.7.0/src/input/keyboard/mod.rs[0m[2m:[0m[2m724:[0m close [3mtime.busy[0m[2m=[0m330ns [3mtime.idle[0m[2m=[0m20.4µs
[2m2026-09-25T18:33:55.524869Z[0m [32m INFO[0m ThreadId(01) [1minput_seat[0m[1m{[0m[3mname[0m[2m=[0m"wprs"[1m}[0m[2m:[0m[1madd_keyboard[0m[1m{[0m[3mxkb_config[0m[2m=[0mXkbConfig { rules: "", model: "", layout: "", variant: "", options: None } [3mrepeat_delay[0m[2m=[0m200 [3mrepeat_rate[0m[2m=[0m200[1m}[0m[2m:[0m[1minput_keyboard[0m[2m:[0m[1msend_keymap[0m[1m{[0m[3mfocus[0m[2m=[0mSome(X11Surface { xwm: Some(XwmId(0)), client_scale: Some(1.0), window: 4194322, conn: (Weak), atoms: Atoms { WL_SURFACE_ID: 240, WL_SURFACE_SERIAL: 241, _SMITHAY_CLOSE_CONNECTION: 242, UTF8_STRING: 243, TEXT: 244, WM_HINTS: 35, WM_PROTOCOLS: 245, WM_TAKE_FOCUS: 246, WM_DELETE_WINDOW: 247, WM_CHANGE_STATE: 248, _NET_WM_NAME: 249, _NET_WM_MOVERESIZE: 250, _NET_WM_PID: 251, _NET_WM_WINDOW_TYPE: 252, _NET_WM_WINDOW_TYPE_DROPDOWN_MENU: 253, _NET_WM_WINDOW_TYPE_DIALOG: 254, _NET_WM_WINDOW_TYPE_MENU: 255, _NET_WM_WINDOW_TYPE_NOTIFICATION: 256, _NET_WM_WINDOW_TYPE_NORMAL: 257, _NET_WM_WINDOW_TYPE_POPUP_MENU: 258, _NET_WM_WINDOW_TYPE_SPLASH: 259, _NET_WM_WINDOW_TYPE_TOOLBAR: 260, _NET_WM_WINDOW_TYPE_TOOLTIP: 261, _NET_WM_WINDOW_TYPE_UTILITY: 262, _NET_WM_STATE_MODAL: 263, _MOTIF_WM_HINTS: 264, _NET_STARTUP_ID: 265, WM_S0: 266, WM_STATE: 267, _NET_WM_CM_S0: 268, _NET_SUPPORTED: 269, _NET_ACTIVE_WINDOW: 270, _NET_CLIENT_LIST: 271, _NET_CLIENT_LIST_STACKING: 272, _NET_WM_PING: 273, _NET_WM_STATE: 274, _NET_WM_STATE_MAXIMIZED_VERT: 275, _NET_WM_STATE_MAXIMIZED_HORZ: 276, _NET_WM_STATE_HIDDEN: 277, _NET_WM_STATE_FULLSCREEN: 278, _NET_WM_STATE_FOCUSED: 279, _NET_SUPPORTING_WM_CHECK: 280, _XSETTINGS_SETTINGS: 281, _WL_SELECTION: 282, CLIPBOARD_MANAGER: 283, CLIPBOARD: 284, PRIMARY: 1, TARGETS: 285, TIMESTAMP: 286, INCR: 287, DELETE: 288, _XSETTINGS_S0: 289 }, state: Mutex { data: SharedSurfaceState { alive: true, wl_surface_id: None, wl_surface_serial: Some(1), mapped_onto: Some(2097158), geometry: Rectangle<smithay::utils::geometry::Logical> { x: 1280, y: 720, width: 1272, height: 688 }, override_redirect: false, wl_surface: Some(WlSurface { id: ObjectId(wl_surface@14[0], 17), version: 4, data: Some(Any { .. }), handle: WeakHandle { handle: WeakInnerHandle[rs] { .. } } }), title: "christoph@schleppi", class: "XTerm", instance: "xterm", startup_id: None, pid: Some(3117365), protocols: [DeleteWindow], hints: Some(WmHints { input: Some(true), initial_state: Some(Normal), icon_pixmap: Some(4194342), icon_window: None, icon_position: None, icon_mask: Some(4194344), window_group: None, urgent: false }), normal_hints: Some(WmSizeHints { position: None, size: Some((UserSpecified, 1272, 688)), min_size: Some((30, 27)), max_size: None, size_increment: Some((11, 23)), aspect: None, base_size: Some((19, 4)), win_gravity: Some(NORTH_WEST) }), transient_for: None, net_state: {279, 276, 275}, motif_hints: [0, 0, 0, 0, 0], window_type: [] }, poisoned: false, .. }, user_data: UserDataMap { list: AppendList(0x0) } }) [3mmods[0m[2m=[0mModifiersState { ctrl: false, alt: false, shift: false, caps_lock: false, logo: false, num_lock: false, iso_level3_shift: false, iso_level5_shift: false, serialized: SerializedMods { depressed: 0, latched: 0, locked: 0, layout_effective: 0 } }[1m}[0m[2m:[0m [2msmithay::input::keyboard[0m[2m:[0m [2m/home/christoph/.cargo/registry/src/index.crates.io-1949cf8c6b5b557f/smithay-0.7.0/src/input/keyboard/mod.rs[0m[2m:[0m[2m724:[0m new
[2m2026-09-25T18:33:55.524896Z[0m [32m INFO[0m ThreadId(01) [1minput_seat[0m[1m{[0m[3mname[0m[2m=[0m"wprs"[1m}[0m[2m:[0m[1madd_keyboard[0m[1m{[0m[3mxkb_config[0m[2m=[0mXkbConfig { rules: "", model: "", layout: "", variant: "", options: None } [3mrepeat_delay[0m[2m=[0m200 [3mrepeat_rate[0m[2m=[0m200[1m}[0m[2m:[0m[1minput_keyboard[0m[2m:[0m[1msend_keymap[0m[1m{[0m[3mfocus[0m[2m=[0mSome(X11Surface { xwm: Some(XwmId(0)), client_scale: Some(1.0), window: 4194322, conn: (Weak), atoms: Atoms { WL_SURFACE_ID: 240, WL_SURFACE_SERIAL: 241, _SMITHAY_CLOSE_CONNECTION: 242, UTF8_STRING: 243, TEXT: 244, WM_HINTS: 35, WM_PROTOCOLS: 245, WM_TAKE_FOCUS: 246, WM_DELETE_WINDOW: 247, WM_CHANGE_STATE: 248, _NET_WM_NAME: 249, _NET_WM_MOVERESIZE: 250, _NET_WM_PID: 251, _NET_WM_WINDOW_TYPE: 252, _NET_WM_WINDOW_TYPE_DROPDOWN_MENU: 253, _NET_WM_WINDOW_TYPE_DIALOG: 254, _NET_WM_WINDOW_TYPE_MENU: 255, _NET_WM_WINDOW_TYPE_NOTIFICATION: 256, _NET_WM_WINDOW_TYPE_NORMAL: 257, _NET_WM_WINDOW_TYPE_POPUP_MENU: 258, _NET_WM_WINDOW_TYPE_SPLASH: 259, _NET_WM_WINDOW_TYPE_TOOLBAR: 260, _NET_WM_WINDOW_TYPE_TOOLTIP: 261, _NET_WM_WINDOW_TYPE_UTILITY: 262, _NET_WM_STATE_MODAL: 263, _MOTIF_WM_HINTS: 264, _NET_STARTUP_ID: 265, WM_S0: 266, WM_STATE: 267, _NET_WM_CM_S0: 268, _NET_SUPPORTED: 269, _NET_ACTIVE_WINDOW: 270, _NET_CLIENT_LIST: 271, _NET_CLIENT_LIST_STACKING: 272, _NET_WM_PING: 273, _NET_WM_STATE: 274, _NET_WM_STATE_MAXIMIZED_VERT: 275, _NET_WM_STATE_MAXIMIZED_HORZ: 276, _NET_WM_STATE_HIDDEN: 277, _NET_WM_STATE_FULLSCREEN: 278, _NET_WM_STATE_FOCUSED: 279, _NET_SUPPORTING_WM_CHECK: 280, _XSETTINGS_SETTINGS: 281, _WL_SELECTION: 282, CLIPBOARD_MANAGER: 283, CLIPBOARD: 284, PRIMARY: 1, TARGETS: 285, TIMESTAMP: 286, INCR: 287, DELETE: 288, _XSETTINGS_S0: 289 }, state: Mutex { data: SharedSurfaceState { alive: true, wl_surface_id: None, wl_surface_serial: Some(1), mapped_onto: Some(2097158), geometry: Rectangle<smithay::utils::geometry::Logical> { x: 1280, y: 720, width: 1272, height: 688 }, override_redirect: false, wl_surface: Some(WlSurface { id: ObjectId(wl_surface@14[0], 17), version: 4, data: Some(Any { .. }), handle: WeakHandle { handle: WeakInnerHandle[rs] { .. } } }), title: "christoph@schleppi", class: "XTerm", instance: "xterm", startup_id: None, pid: Some(3117365), protocols: [DeleteWindow], hints: Some(WmHints { input: Some(true), initial_state: Some(Normal), icon_pixmap: Some(4194342), icon_window: None, icon_position: None, icon_mask: Some(4194344), window_group: None, urgent: false }), normal_hints: Some(WmSizeHints { position: None, size: Some((UserSpecified, 1272, 688)), min_size: Some((30, 27)), max_size: None, size_increment: Some((11, 23)), aspect: None, base_size: Some((19, 4)), win_gravity: Some(NORTH_WEST) }), transient_for: None, net_state: {279, 276, 275}, motif_hints: [0, 0, 0, 0, 0], window_type: [] }, poisoned: false, .. }, user_data: UserDataMap { list: AppendList(0x0) } }) [3mmods[0m[2m=[0mModifiersState { ctrl: false, alt: false, shift: false, caps_lock: false, logo: false, num_lock: false, iso_level3_shift: false, iso_level5_shift: false, serialized: SerializedMods { depressed: 0, latched: 0, locked: 0, layout_effective: 0 } }[1m}[0m[2m:[0m [2msmithay::input::keyboard[0m[2m:[0m [2m/home/christoph/.cargo/registry/src/index.crates.io-1949cf8c6b5b557f/smithay-0.7.0/src/input/keyboard/mod.rs[0m[2m:[0m[2m724:[0m close [3mtime.busy[0m[2m=[0m280ns [3mtime.idle[0m[2m=[0m26.9µs
[2m2026-09-25T18:33:55.525003Z[0m [32m INFO[0m ThreadId(01) [1minput_seat[0m[1m{[0m[3mname[0m[2m=[0m"wprs"[1m}[0m[2m:[0m[1madd_keyboard[0m[1m{[0m[3mxkb_config[0m[2m=[0mXkbConfig { rules: "", model: "", layout: "", variant: "", options: None } [3mrepeat_delay[0m[2m=[0m200 [3mrepeat_rate[0m[2m=[0m200[1m}[0m[2m:[0m[1minput_keyboard[0m[2m:[0m[1msend_keymap[0m[1m{[0m[3mfocus[0m[2m=[0mSome(X11Surface { xwm: Some(XwmId(0)), client_scale: Some(1.0), window: 4194322, conn: (Weak), atoms: Atoms { WL_SURFACE_ID: 240, WL_SURFACE_SERIAL: 241, _SMITHAY_CLOSE_CONNECTION: 242, UTF8_STRING: 243, TEXT: 244, WM_HINTS: 35, WM_PROTOCOLS: 245, WM_TAKE_FOCUS: 246, WM_DELETE_WINDOW: 247, WM_CHANGE_STATE: 248, _NET_WM_NAME: 249, _NET_WM_MOVERESIZE: 250, _NET_WM_PID: 251, _NET_WM_WINDOW_TYPE: 252, _NET_WM_WINDOW_TYPE_DROPDOWN_MENU: 253, _NET_WM_WINDOW_TYPE_DIALOG: 254, _NET_WM_WINDOW_TYPE_MENU: 255, _NET_WM_WINDOW_TYPE_NOTIFICATION: 256, _NET_WM_WINDOW_TYPE_NORMAL: 257, _NET_WM_WINDOW_TYPE_POPUP_MENU: 258, _NET_WM_WINDOW_TYPE_SPLASH: 259, _NET_WM_WINDOW_TYPE_TOOLBAR: 260, _NET_WM_WINDOW_TYPE_TOOLTIP: 261, _NET_WM_WINDOW_TYPE_UTILITY: 262, _NET_WM_STATE_MODAL: 263, _MOTIF_WM_HINTS: 264, _NET_STARTUP_ID: 265, WM_S0: 266, WM_STATE: 267, _NET_WM_CM_S0: 268, _NET_SUPPORTED: 269, _NET_ACTIVE_WINDOW: 270, _NET_CLIENT_LIST: 271, _NET_CLIENT_LIST_STACKING: 272, _NET_WM_PING: 273, _NET_WM_STATE: 274, _NET_WM_STATE_MAXIMIZED_VERT: 275, _NET_WM_STATE_MAXIMIZED_HORZ: 276, _NET_WM_STATE_HIDDEN: 277, _NET_WM_STATE_FULLSCREEN: 278, _NET_WM_STATE_FOCUSED: 279, _NET_SUPPORTING_WM_CHECK: 280, _XSETTINGS_SETTINGS: 281, _WL_SELECTION: 282, CLIPBOARD_MANAGER: 283, CLIPBOARD: 284, PRIMARY: 1, TARGETS: 285, TIMESTAMP: 286, INCR: 287, DELETE: 288, _XSETTINGS_S0: 289 }, state: Mutex { data: SharedSurfaceState { alive: true, wl_surface_id: None, wl_surface_serial: Some(1), mapped_onto: Some(2097158), geometry: Rectangle<smithay::utils::geometry::Logical> { x: 1280, y: 720, width: 1272, height: 688 }, override_redirect: false, wl_surface: Some(WlSurface { id: ObjectId(wl_surface@14[0], 17), version: 4, data: Some(Any { .. }), handle: WeakHandle { handle: WeakInnerHandle[rs] { .. } } }), title: "christoph@schleppi", class: "XTerm", instance: "xterm", startup_id: None, pid: Some(3117365), protocols: [DeleteWindow], hints: Some(WmHints { input: Some(true), initial_state: Some(Normal), icon_pixmap: Some(4194342), icon_window: None, icon_position: None, icon_mask: Some(4194344), window_group: None, urgent: false }), normal_hints: Some(WmSizeHints { position: None, size: Some((UserSpecified, 1272, 688)), min_size: Some((30, 27)), max_size: None, size_increment: Some((11, 23)), aspect: None, base_size: Some((19, 4)), win_gravity: Some(NORTH_WEST) }), transient_for: None, net_state: {279, 276, 275}, motif_hints: [0, 0, 0, 0, 0], window_type: [] }, poisoned: false, .. }, user_data: UserDataMap { list: AppendList(0x0) } }) [3mmods[0m[2m=[0mModifiersState { ctrl: false, alt: false, shift: false, caps_lock: false, logo: false, num_lock: false, iso_level3_shift: false, iso_level5_shift: false, serialized: SerializedMods { depressed: 0, latched: 0, locked: 0, layout_effective: 0 } }[1m}[0m[2m:[0m [2msmithay::input::keyboard[0m[2m:[0m [2m/home/christoph/.cargo/registry/src/index.crates.io-1949cf8c6b5b557f/smithay-0.7.0/src/input/keyboard/mod.rs[0m[2m:[0m[2m724:[0m new
[2m2026-09-25T18:33:55.525031Z[0m [32m INFO[0m ThreadId(01) [1minput_seat[0m[1m{[0m[3mname[0m[2m=[0m"wprs"[1m}[0m[2m:[0m[1madd_keyboard[0m[1m{[0m[3mxkb_config[0m[2m=[0mXkbConfig { rules: "", model: "", layout: "", variant: "", options: None } [3mrepeat_delay[0m[2m=[0m200 [3mrepeat_rate[0m[2m=[0m200[1m}[0m[2m:[0m[1minput_keyboard[0m[2m:[0m[1msend_keymap[0m[1m{[0m[3mfocus[0m[2m=[0mSome(X11Surface { xwm: Some(XwmId(0)), client_scale: Some(1.0), window: 4194322, conn: (Weak), atoms: Atoms { WL_SURFACE_ID: 240, WL_SURFACE_SERIAL: 241, _SMITHAY_CLOSE_CONNECTION: 242, UTF8_STRING: 243, TEXT: 244, WM_HINTS: 35, WM_PROTOCOLS: 245, WM_TAKE_FOCUS: 246, WM_DELETE_WINDOW: 247, WM_CHANGE_STATE: 248, _NET_WM_NAME: 249, _NET_WM_MOVERESIZE: 250, _NET_WM_PID: 251, _NET_WM_WINDOW_TYPE: 252, _NET_WM_WINDOW_TYPE_DROPDOWN_MENU: 253, _NET_WM_WINDOW_TYPE_DIALOG: 254, _NET_WM_WINDOW_TYPE_MENU: 255, _NET_WM_WINDOW_TYPE_NOTIFICATION: 256, _NET_WM_WINDOW_TYPE_NORMAL: 257, _NET_WM_WINDOW_TYPE_POPUP_MENU: 258, _NET_WM_WINDOW_TYPE_SPLASH: 259, _NET_WM_WINDOW_TYPE_TOOLBAR: 260, _NET_WM_WINDOW_TYPE_TOOLTIP: 261, _NET_WM_WINDOW_TYPE_UTILITY: 262, _NET_WM_STATE_MODAL: 263, _MOTIF_WM_HINTS: 264, _NET_STARTUP_ID: 265, WM_S0: 266, WM_STATE: 267, _NET_WM_CM_S0: 268, _NET_SUPPORTED: 269, _NET_ACTIVE_WINDOW: 270, _NET_CLIENT_LIST: 271, _NET_CLIENT_LIST_STACKING: 272, _NET_WM_PING: 273, _NET_WM_STATE: 274, _NET_WM_STATE_MAXIMIZED_VERT: 275, _NET_WM_STATE_MAXIMIZED_HORZ: 276, _NET_WM_STATE_HIDDEN: 277, _NET_WM_STATE_FULLSCREEN: 278, _NET_WM_STATE_FOCUSED: 279, _NET_SUPPORTING_WM_CHECK: 280, _XSETTINGS_SETTINGS: 281, _WL_SELECTION: 282, CLIPBOARD_MANAGER: 283, CLIPBOARD: 284, PRIMARY: 1, TARGETS: 285, TIMESTAMP: 286, INCR: 287, DELETE: 288, _XSETTINGS_S0: 289 }, state: Mutex { data: SharedSurfaceState { alive: true, wl_surface_id: None, wl_surface_serial: Some(1), mapped_onto: Some(2097158), geometry: Rectangle<smithay::utils::geometry::Logical> { x: 1280, y: 720, width: 1272, height: 688 }, override_redirect: false, wl_surface: Some(WlSurface { id: ObjectId(wl_surface@14[0], 17), version: 4, data: Some(Any { .. }), handle: WeakHandle { handle: WeakInnerHandle[rs] { .. } } }), title: "christoph@schleppi", class: "XTerm", instance: "xterm", startup_id: None, pid: Some(3117365), protocols: [DeleteWindow], hints: Some(WmHints { input: Some(true), initial_state: Some(Normal), icon_pixmap: Some(4194342), icon_window: None, icon_position: None, icon_mask: Some(4194344), window_group: None, urgent: false }), normal_hints: Some(WmSizeHints { position: None, size: Some((UserSpecified, 1272, 688)), min_size: Some((30, 27)), max_size: None, size_increment: Some((11, 23)), aspect: None, base_size: Some((19, 4)), win_gravity: Some(NORTH_WEST) }), transient_for: None, net_state: {279, 276, 275}, motif_hints: [0, 0, 0, 0, 0], window_type: [] }, poisoned: false, .. }, user_data: UserDataMap { list: AppendList(0x0) } }) [3mmods[0m[2m=[0mModifiersState { ctrl: false, alt: false, shift: false, caps_lock: false, logo: false, num_lock: false, iso_level3_shift: false, iso_level5_shift: false, serialized: SerializedMods { depressed: 0, latched: 0, locked: 0, layout_effective: 0 } }[1m}[0m[2m:[0m [2msmithay::input::keyboard[0m[2m:[0m [2m/home/christoph/.cargo/registry/src/index.crates.io-1949cf8c6b5b557f/smithay-0.7.0/src/input/keyboard/mod.rs[0m[2m:[0m[2m724:[0m close [3mtime.busy[0m[2m=[0m281ns [3mtime.idle[0m[2m=[0m26.8µs
[2m2026-09-25T18:33:55.525139Z[0m [32m INFO[0m ThreadId(01) [1minput_seat[0m[1m{[0m[3mname[0m[2m=[0m"wprs"[1m}[0m[2m:[0m[1madd_keyboard[0m[1m{[0m[3mxkb_config[0m[2m=[0mXkbConfig { rules: "", model: "", layout: "", variant: "", options: None } [3mrepeat_delay[0m[2m=[0m200 [3mrepeat_rate[0m[2m=[0m200[1m}[0m[2m:[0m[1minput_keyboard[0m[2m:[0m[1msend_keymap[0m[1m{[0m[3mfocus[0m[2m=[0mSome(X11Surface { xwm: Some(XwmId(0)), client_scale: Some(1.0), window: 4194322, conn: (Weak), atoms: Atoms { WL_SURFACE_ID: 240, WL_SURFACE_SERIAL: 241, _SMITHAY_CLOSE_CONNECTION: 242, UTF8_STRING: 243, TEXT: 244, WM_HINTS: 35, WM_PROTOCOLS: 245, WM_TAKE_FOCUS: 246, WM_DELETE_WINDOW: 247, WM_CHANGE_STATE: 248, _NET_WM_NAME: 249, _NET_WM_MOVERESIZE: 250, _NET_WM_PID: 251, _NET_WM_WINDOW_TYPE: 252, _NET_WM_WINDOW_TYPE_DROPDOWN_MENU: 253, _NET_WM_WINDOW_TYPE_DIALOG: 254, _NET_WM_WINDOW_TYPE_MENU: 255, _NET_WM_WINDOW_TYPE_NOTIFICATION: 256, _NET_WM_WINDOW_TYPE_NORMAL: 257, _NET_WM_WINDOW_TYPE_POPUP_MENU: 258, _NET_WM_WINDOW_TYPE_SPLASH: 259, _NET_WM_WINDOW_TYPE_TOOLBAR: 260, _NET_WM_WINDOW_TYPE_TOOLTIP: 261, _NET_WM_WINDOW_TYPE_UTILITY: 262, _NET_WM_STATE_MODAL: 263, _MOTIF_WM_HINTS: 264, _NET_STARTUP_ID: 265, WM_S0: 266, WM_STATE: 267, _NET_WM_CM_S0: 268, _NET_SUPPORTED: 269, _NET_ACTIVE_WINDOW: 270, _NET_CLIENT_LIST: 271, _NET_CLIENT_LIST_STACKING: 272, _NET_WM_PING: 273, _NET_WM_STATE: 274, _NET_WM_STATE_MAXIMIZED_VERT: 275, _NET_WM_STATE_MAXIMIZED_HORZ: 276, _NET_WM_STATE_HIDDEN: 277, _NET_WM_STATE_FULLSCREEN: 278, _NET_WM_STATE_FOCUSED: 279, _NET_SUPPORTING_WM_CHECK: 280, _XSETTINGS_SETTINGS: 281, _WL_SELECTION: 282, CLIPBOARD_MANAGER: 283, CLIPBOARD: 284, PRIMARY: 1, TARGETS: 285, TIMESTAMP: 286, INCR: 287, DELETE: 288, _XSETTINGS_S0: 289 }, state: Mutex { data: SharedSurfaceState { alive: true, wl_surface_id: None, wl_surface_serial: Some(1), mapped_onto: Some(2097158), geometry: Rectangle<smithay::utils::geometry::Logical> { x: 1280, y: 720, width: 1272, height: 688 }, override_redirect: false, wl_surface: Some(WlSurface { id: ObjectId(wl_surface@14[0], 17), version: 4, data: Some(Any { .. }), handle: WeakHandle { handle: WeakInnerHandle[rs] { .. } } }), title: "christoph@schleppi", class: "XTerm", instance: "xterm", startup_id: None, pid: Some(3117365), protocols: [DeleteWindow], hints: Some(WmHints { input: Some(true), initial_state: Some(Normal), icon_pixmap: Some(4194342), icon_window: None, icon_position: None, icon_mask: Some(4194344), window_group: None, urgent: false }), normal_hints: Some(WmSizeHints { position: None, size: Some((UserSpecified, 1272, 688)), min_size: Some((30, 27)), max_size: None, size_increment: Some((11, 23)), aspect: None, base_size: Some((19, 4)), win_gravity: Some(NORTH_WEST) }), transient_for: None, net_state: {279, 276, 275}, motif_hints: [0, 0, 0, 0, 0], window_type: [] }, poisoned: false, .. }, user_data: UserDataMap { list: AppendList(0x0) } }) [3mmods[0m[2m=[0mModifiersState { ctrl: false, alt: false, shift: false, caps_lock: false, logo: false, num_lock: false, iso_level3_shift: false, iso_level5_shift: false, serialized: SerializedMods { depressed: 0, latched: 0, locked: 0, layout_effective: 0 } }[1m}[0m[2m:[0m [2msmithay::input::keyboard[0m[2m:[0m [2m/home/christoph/.cargo/registry/src/index.crates.io-1949cf8c6b5b557f/smithay-0.7.0/src/input/keyboard/mod.rs[0m[2m:[0m[2m724:[0m new
[2m2026-09-25T18:33:55.525159Z[0m [32m INFO[0m ThreadId(01) [1minput_seat[0m[1m{[0m[3mname[0m[2m=[0m"wprs"[1m}[0m[2m:[0m[1madd_keyboard[0m[1m{[0m[3mxkb_config[0m[2m=[0mXkbConfig { rules: "", model: "", layout: "", variant: "", options: None } [3mrepeat_delay[0m[2m=[0m200 [3mrepeat_rate[0m[2m=[0m200[1m}[0m[2m:[0m[1minput_keyboard[0m[2m:[0m[1msend_keymap[0m[1m{[0m[3mfocus[0m[2m=[0mSome(X11Surface { xwm: Some(XwmId(0)), client_scale: Some(1.0), window: 4194322, conn: (Weak), atoms: Atoms { WL_SURFACE_ID: 240, WL_SURFACE_SERIAL: 241, _SMITHAY_CLOSE_CONNECTION: 242, UTF8_STRING: 243, TEXT: 244, WM_HINTS: 35, WM_PROTOCOLS: 245, WM_TAKE_FOCUS: 246, WM_DELETE_WINDOW: 247, WM_CHANGE_STATE: 248, _NET_WM_NAME: 249, _NET_WM_MOVERESIZE: 250, _NET_WM_PID: 251, _NET_WM_WINDOW_TYPE: 252, _NET_WM_WINDOW_TYPE_DROPDOWN_MENU: 253, _NET_WM_WINDOW_TYPE_DIALOG: 254, _NET_WM_WINDOW_TYPE_MENU: 255, _NET_WM_WINDOW_TYPE_NOTIFICATION: 256, _NET_WM_WINDOW_TYPE_NORMAL: 257, _NET_WM_WINDOW_TYPE_POPUP_MENU: 258, _NET_WM_WINDOW_TYPE_SPLASH: 259, _NET_WM_WINDOW_TYPE_TOOLBAR: 260, _NET_WM_WINDOW_TYPE_TOOLTIP: 261, _NET_WM_WINDOW_TYPE_UTILITY: 262, _NET_WM_STATE_MODAL: 263, _MOTIF_WM_HINTS: 264, _NET_STARTUP_ID: 265, WM_S0: 266, WM_STATE: 267, _NET_WM_CM_S0: 268, _NET_SUPPORTED: 269, _NET_ACTIVE_WINDOW: 270, _NET_CLIENT_LIST: 271, _NET_CLIENT_LIST_STACKING: 272, _NET_WM_PING: 273, _NET_WM_STATE: 274, _NET_WM_STATE_MAXIMIZED_VERT: 275, _NET_WM_STATE_MAXIMIZED_HORZ: 276, _NET_WM_STATE_HIDDEN: 277, _NET_WM_STATE_FULLSCREEN: 278, _NET_WM_STATE_FOCUSED: 279, _NET_SUPPORTING_WM_CHECK: 280, _XSETTINGS_SETTINGS: 281, _WL_SELECTION: 282, CLIPBOARD_MANAGER: 283, CLIPBOARD: 284, PRIMARY: 1, TARGETS: 285, TIMESTAMP: 286, INCR: 287, DELETE: 288, _XSETTINGS_S0: 289 }, state: Mutex { data: SharedSurfaceState { alive: true, wl_surface_id: None, wl_surface_serial: Some(1), mapped_onto: Some(2097158), geometry: Rectangle<smithay::utils::geometry::Logical> { x: 1280, y: 720, width: 1272, height: 688 }, override_redirect: false, wl_surface: Some(WlSurface { id: ObjectId(wl_surface@14[0], 17), version: 4, data: Some(Any { .. }), handle: WeakHandle { handle: WeakInnerHandle[rs] { .. } } }), title: "christoph@schleppi", class: "XTerm", instance: "xterm", startup_id: None, pid: Some(3117365), protocols: [DeleteWindow], hints: Some(WmHints { input: Some(true), initial_state: Some(Normal), icon_pixmap: Some(4194342), icon_window: None, icon_position: None, icon_mask: Some(4194344), window_group: None, urgent: false }), normal_hints: Some(WmSizeHints { position: None, size: Some((UserSpecified, 1272, 688)), min_size: Some((30, 27)), max_size: None, size_increment: Some((11, 23)), aspect: None, base_size: Some((19, 4)), win_gravity: Some(NORTH_WEST) }), transient_for: None, net_state: {279, 276, 275}, motif_hints: [0, 0, 0, 0, 0], window_type: [] }, poisoned: false, .. }, user_data: UserDataMap { list: AppendList(0x0) } }) [3mmods[0m[2m=[0mModifiersState { ctrl: false, alt: false, shift: false, caps_lock: false, logo: false, num_lock: false, iso_level3_shift: false, iso_level5_shift: false, serialized: SerializedMods { depressed: 0, latched: 0, locked: 0, layout_effective: 0 } }[1m}[0m[2m:[0m [2msmithay::input::keyboard[0m[2m:[0m [2m/home/christoph/.cargo/registry/src/index.crates.io-1949cf8c6b5b557f/smithay-0.7.0/src/input/keyboard/mod.rs[0m[2m:[0m[2m724:[0m close [3mtime.busy[0m[2m=[0m271ns [3mtime.idle[0m[2m=[0m19.8µs
[2m2026-09-25T18:33:55.525269Z[0m [32m INFO[0m ThreadId(01) [1minput_seat[0m[1m{[0m[3mname[0m[2m=[0m"wprs"[1m}[0m[2m:[0m[1madd_keyboard[0m[1m{[0m[3mxkb_config[0m[2m=[0mXkbConfig { rules: "", model: "", layout: "", variant: "", options: None } [3mrepeat_delay[0m[2m=[0m200 [3mrepeat_rate[0m[2m=[0m200[1m}[0m[2m:[0m[1minput_keyboard[0m[2m:[0m[1msend_keymap[0m[1m{[0m[3mfocus[0m[2m=[0mSome(X11Surface { xwm: Some(XwmId(0)), client_scale: Some(1.0), window: 4194322, conn: (Weak), atoms: Atoms { WL_SURFACE_ID: 240, WL_SURFACE_SERIAL: 241, _SMITHAY_CLOSE_CONNECTION: 242, UTF8_STRING: 243, TEXT: 244, WM_HINTS: 35, WM_PROTOCOLS: 245, WM_TAKE_FOCUS: 246, WM_DELETE_WINDOW: 247, WM_CHANGE_STATE: 248, _NET_WM_NAME: 249, _NET_WM_MOVERESIZE: 250, _NET_WM_PID: 251, _NET_WM_WINDOW_TYPE: 252, _NET_WM_WINDOW_TYPE_DROPDOWN_MENU: 253, _NET_WM_WINDOW_TYPE_DIALOG: 254, _NET_WM_WINDOW_TYPE_MENU: 255, _NET_WM_WINDOW_TYPE_NOTIFICATION: 256, _NET_WM_WINDOW_TYPE_NORMAL: 257, _NET_WM_WINDOW_TYPE_POPUP_MENU: 258, _NET_WM_WINDOW_TYPE_SPLASH: 259, _NET_WM_WINDOW_TYPE_TOOLBAR: 260, _NET_WM_WINDOW_TYPE_TOOLTIP: 261, _NET_WM_WINDOW_TYPE_UTILITY: 262, _NET_WM_STATE_MODAL: 263, _MOTIF_WM_HINTS: 264, _NET_STARTUP_ID: 265, WM_S0: 266, WM_STATE: 267, _NET_WM_CM_S0: 268, _NET_SUPPORTED: 269, _NET_ACTIVE_WINDOW: 270, _NET_CLIENT_LIST: 271, _NET_CLIENT_LIST_STACKING: 272, _NET_WM_PING: 273, _NET_WM_STATE: 274, _NET_WM_STATE_MAXIMIZED_VERT: 275, _NET_WM_STATE_MAXIMIZED_HORZ: 276, _NET_WM_STATE_HIDDEN: 277, _NET_WM_STATE_FULLSCREEN: 278, _NET_WM_STATE_FOCUSED: 279, _NET_SUPPORTING_WM_CHECK: 280, _XSETTINGS_SETTINGS: 281, _WL_SELECTION: 282, CLIPBOARD_MANAGER: 283, CLIPBOARD: 284, PRIMARY: 1, TARGETS: 285, TIMESTAMP: 286, INCR: 287, DELETE: 288, _XSETTINGS_S0: 289 }, state: Mutex { data: SharedSurfaceState { alive: true, wl_surface_id: None, wl_surface_serial: Some(1), mapped_onto: Some(2097158), geometry: Rectangle<smithay::utils::geometry::Logical> { x: 1280, y: 720, width: 1272, height: 688 }, override_redirect: false, wl_surface: Some(WlSurface { id: ObjectId(wl_surface@14[0], 17), version: 4, data: Some(Any { .. }), handle: WeakHandle { handle: WeakInnerHandle[rs] { .. } } }), title: "christoph@schleppi", class: "XTerm", instance: "xterm", startup_id: None, pid: Some(3117365), protocols: [DeleteWindow], hints: Some(WmHints { input: Some(true), initial_state: Some(Normal), icon_pixmap: Some(4194342), icon_window: None, icon_position: None, icon_mask: Some(4194344), window_group: None, urgent: false }), normal_hints: Some(WmSizeHints { position: None, size: Some((UserSpecified, 1272, 688)), min_size: Some((30, 27)), max_size: None, size_increment: Some((11, 23)), aspect: None, base_size: Some((19, 4)), win_gravity: Some(NORTH_WEST) }), transient_for: None, net_state: {279, 276, 275}, motif_hints: [0, 0, 0, 0, 0], window_type: [] }, poisoned: false, .. }, user_data: UserDataMap { list: AppendList(0x0) } }) [3mmods[0m[2m=[0mModifiersState { ctrl: false, alt: false, shift: false, caps_lock: false, logo: false, num_lock: false, iso_level3_shift: false, iso_level5_shift: false, serialized: SerializedMods { depressed: 0, latched: 0, locked: 0, layout_effective: 0 } }[1m}[0m[2m:[0m [2msmithay::input::keyboard[0m[2m:[0m [2m/home/christoph/.cargo/registry/src/index.crates.io-1949cf8c6b5b557f/smithay-0.7.0/src/input/keyboard/mod.rs[0m[2m:[0m[2m724:[0m new
[2m2026-09-25T18:33:55.525297Z[0m [32m INFO[0m ThreadId(01) [1minput_seat[0m[1m{[0m[3mname[0m[2m=[0m"wprs"[1m}[0m[2m:[0m[1madd_keyboard[0m[1m{[0m[3mxkb_config[0m[2m=[0mXkbConfig { rules: "", model: "", layout: "", variant: "", options: None } [3mrepeat_delay[0m[2m=[0m200 [3mrepeat_rate[0m[2m=[0m200[1m}[0m[2m:[0m[1minput_keyboard[0m[2m:[0m[1msend_keymap[0m[1m{[0m[3mfocus[0m[2m=[0mSome(X11Surface { xwm: Some(XwmId(0)), client_scale: Some(1.0), window: 4194322, conn: (Weak), atoms: Atoms { WL_SURFACE_ID: 240, WL_SURFACE_SERIAL: 241, _SMITHAY_CLOSE_CONNECTION: 242, UTF8_STRING: 243, TEXT: 244, WM_HINTS: 35, WM_PROTOCOLS: 245, WM_TAKE_FOCUS: 246, WM_DELETE_WINDOW: 247, WM_CHANGE_STATE: 248, _NET_WM_NAME: 249, _NET_WM_MOVERESIZE: 250, _NET_WM_PID: 251, _NET_WM_WINDOW_TYPE: 252, _NET_WM_WINDOW_TYPE_DROPDOWN_MENU: 253, _NET_WM_WINDOW_TYPE_DIALOG: 254, _NET_WM_WINDOW_TYPE_MENU: 255, _NET_WM_WINDOW_TYPE_NOTIFICATION: 256, _NET_WM_WINDOW_TYPE_NORMAL: 257, _NET_WM_WINDOW_TYPE_POPUP_MENU: 258, _NET_WM_WINDOW_TYPE_SPLASH: 259, _NET_WM_WINDOW_TYPE_TOOLBAR: 260, _NET_WM_WINDOW_TYPE_TOOLTIP: 261, _NET_WM_WINDOW_TYPE_UTILITY: 262, _NET_WM_STATE_MODAL: 263, _MOTIF_WM_HINTS: 264, _NET_STARTUP_ID: 265, WM_S0: 266, WM_STATE: 267, _NET_WM_CM_S0: 268, _NET_SUPPORTED: 269, _NET_ACTIVE_WINDOW: 270, _NET_CLIENT_LIST: 271, _NET_CLIENT_LIST_STACKING: 272, _NET_WM_PING: 273, _NET_WM_STATE: 274, _NET_WM_STATE_MAXIMIZED_VERT: 275, _NET_WM_STATE_MAXIMIZED_HORZ: 276, _NET_WM_STATE_HIDDEN: 277, _NET_WM_STATE_FULLSCREEN: 278, _NET_WM_STATE_FOCUSED: 279, _NET_SUPPORTING_WM_CHECK: 280, _XSETTINGS_SETTINGS: 281, _WL_SELECTION: 282, CLIPBOARD_MANAGER: 283, CLIPBOARD: 284, PRIMARY: 1, TARGETS: 285, TIMESTAMP: 286, INCR: 287, DELETE: 288, _XSETTINGS_S0: 289 }, state: Mutex { data: SharedSurfaceState { alive: true, wl_surface_id: None, wl_surface_serial: Some(1), mapped_onto: Some(2097158), geometry: Rectangle<smithay::utils::geometry::Logical> { x: 1280, y: 720, width: 1272, height: 688 }, override_redirect: false, wl_surface: Some(WlSurface { id: ObjectId(wl_surface@14[0], 17), version: 4, data: Some(Any { .. }), handle: WeakHandle { handle: WeakInnerHandle[rs] { .. } } }), title: "christoph@schleppi", class: "XTerm", instance: "xterm", startup_id: None, pid: Some(3117365), protocols: [DeleteWindow], hints: Some(WmHints { input: Some(true), initial_state: Some(Normal), icon_pixmap: Some(4194342), icon_window: None, icon_position: None, icon_mask: Some(4194344), window_group: None, urgent: false }), normal_hints: Some(WmSizeHints { position: None, size: Some((UserSpecified, 1272, 688)), min_size: Some((30, 27)), max_size: None, size_increment: Some((11, 23)), aspect: None, base_size: Some((19, 4)), win_gravity: Some(NORTH_WEST) }), transient_for: None, net_state: {279, 276, 275}, motif_hints: [0, 0, 0, 0, 0], window_type: [] }, poisoned: false, .. }, user_data: UserDataMap { list: AppendList(0x0) } }) [3mmods[0m[2m=[0mModifiersState { ctrl: false, alt: false, shift: false, caps_lock: false, logo: false, num_lock: false, iso_level3_shift: false, iso_level5_shift: false, serialized: SerializedMods { depressed: 0, latched: 0, locked: 0, layout_effective: 0 } }[1m}[0m[2m:[0m [2msmithay::input::keyboard[0m[2m:[0m [2m/home/christoph/.cargo/registry/src/index.crates.io-1949cf8c6b5b557f/smithay-0.7.0/src/input/keyboard/mod.rs[0m[2m:[0m[2m724:[0m close [3mtime.busy[0m[2m=[0m260ns [3mtime.idle[0m[2m=[0m27.5µs
[2m2026-09-25T18:33:55.525403Z[0m [32m INFO[0m ThreadId(01) [1minput_seat[0m[1m{[0m[3mname[0m[2m=[0m"wprs"[1m}[0m[2m:[0m[1madd_keyboard[0m[1m{[0m[3mxkb_config[0m[2m=[0mXkbConfig { rules: "", model: "", layout: "", variant: "", options: None } [3mrepeat_delay[0m[2m=[0m200 [3mrepeat_rate[0m[2m=[0m200[1m}[0m[2m:[0m[1minput_keyboard[0m[2m:[0m[1msend_keymap[0m[1m{[0m[3mfocus[0m[2m=[0mSome(X11Surface { xwm: Some(XwmId(0)), client_scale: Some(1.0), window: 4194322, conn: (Weak), atoms: Atoms { WL_SURFACE_ID: 240, WL_SURFACE_SERIAL: 241, _SMITHAY_CLOSE_CONNECTION: 242, UTF8_STRING: 243, TEXT: 244, WM_HINTS: 35, WM_PROTOCOLS: 245, WM_TAKE_FOCUS: 246, WM_DELETE_WINDOW: 247, WM_CHANGE_STATE: 248, _NET_WM_NAME: 249, _NET_WM_MOVERESIZE: 250, _NET_WM_PID: 251, _NET_WM_WINDOW_TYPE: 252, _NET_WM_WINDOW_TYPE_DROPDOWN_MENU: 253, _NET_WM_WINDOW_TYPE_DIALOG: 254, _NET_WM_WINDOW_TYPE_MENU: 255, _NET_WM_WINDOW_TYPE_NOTIFICATION: 256, _NET_WM_WINDOW_TYPE_NORMAL: 257, _NET_WM_WINDOW_TYPE_POPUP_MENU: 258, _NET_WM_WINDOW_TYPE_SPLASH: 259, _NET_WM_WINDOW_TYPE_TOOLBAR: 260, _NET_WM_WINDOW_TYPE_TOOLTIP: 261, _NET_WM_WINDOW_TYPE_UTILITY: 262, _NET_WM_STATE_MODAL: 263, _MOTIF_WM_HINTS: 264, _NET_STARTUP_ID: 265, WM_S0: 266, WM_STATE: 267, _NET_WM_CM_S0: 268, _NET_SUPPORTED: 269, _NET_ACTIVE_WINDOW: 270, _NET_CLIENT_LIST: 271, _NET_CLIENT_LIST_STACKING: 272, _NET_WM_PING: 273, _NET_WM_STATE: 274, _NET_WM_STATE_MAXIMIZED_VERT: 275, _NET_WM_STATE_MAXIMIZED_HORZ: 276, _NET_WM_STATE_HIDDEN: 277, _NET_WM_STATE_FULLSCREEN: 278, _NET_WM_STATE_FOCUSED: 279, _NET_SUPPORTING_WM_CHECK: 280, _XSETTINGS_SETTINGS: 281, _WL_SELECTION: 282, CLIPBOARD_MANAGER: 283, CLIPBOARD: 284, PRIMARY: 1, TARGETS: 285, TIMESTAMP: 286, INCR: 287, DELETE: 288, _XSETTINGS_S0: 289 }, state: Mutex { data: SharedSurfaceState { alive: true, wl_surface_id: None, wl_surface_serial: Some(1), mapped_onto: Some(2097158), geometry: Rectangle<smithay::utils::geometry::Logical> { x: 1280, y: 720, width: 1272, height: 688 }, override_redirect: false, wl_surface: Some(WlSurface { id: ObjectId(wl_surface@14[0], 17), version: 4, data: Some(Any { .. }), handle: WeakHandle { handle: WeakInnerHandle[rs] { .. } } }), title: "christoph@schleppi", class: "XTerm", instance: "xterm", startup_id: None, pid: Some(3117365), protocols: [DeleteWindow], hints: Some(WmHints { input: Some(true), initial_state: Some(Normal), icon_pixmap: Some(4194342), icon_window: None, icon_position: None, icon_mask: Some(4194344), window_group: None, urgent: false }), normal_hints: Some(WmSizeHints { position: None, size: Some((UserSpecified, 1272, 688)), min_size: Some((30, 27)), max_size: None, size_increment: Some((11, 23)), aspect: None, base_size: Some((19, 4)), win_gravity: Some(NORTH_WEST) }), transient_for: None, net_state: {279, 276, 275}, motif_hints: [0, 0, 0, 0, 0], window_type: [] }, poisoned: false, .. }, user_data: UserDataMap { list: AppendList(0x0) } }) [3mmods[0m[2m=[0mModifiersState { ctrl: false, alt: false, shift: false, caps_lock: false, logo: false, num_lock: false, iso_level3_shift: false, iso_level5_shift: false, serialized: SerializedMods { depressed: 0, latched: 0, locked: 0, layout_effective: 0 } }[1m}[0m[2m:[0m [2msmithay::input::keyboard[0m[2m:[0m [2m/home/christoph/.cargo/registry/src/index.crates.io-1949cf8c6b5b557f/smithay-0.7.0/src/input/keyboard/mod.rs[0m[2m:[0m[2m724:[0m new
[2m2026-09-25T18:33:55.525431Z[0m [32m INFO[0m ThreadId(01) [1minput_seat[0m[1m{[0m[3mname[0m[2m=[0m"wprs"[1m}[0m[2m:[0m[1madd_keyboard[0m[1m{[0m[3mxkb_config[0m[2m=[0mXkbConfig { rules: "", model: "", layout: "", variant: "", options: None } [3mrepeat_delay[0m[2m=[0m200 [3mrepeat_rate[0m[2m=[0m200[1m}[0m[2m:[0m[1minput_keyboard[0m[2m:[0m[1msend_keymap[0m[1m{[0m[3mfocus[0m[2m=[0mSome(X11Surface { xwm: Some(XwmId(0)), client_scale: Some(1.0), window: 4194322, conn: (Weak), atoms: Atoms { WL_SURFACE_ID: 240, WL_SURFACE_SERIAL: 241, _SMITHAY_CLOSE_CONNECTION: 242, UTF8_STRING: 243, TEXT: 244, WM_HINTS: 35, WM_PROTOCOLS: 245, WM_TAKE_FOCUS: 246, WM_DELETE_WINDOW: 247, WM_CHANGE_STATE: 248, _NET_WM_NAME: 249, _NET_WM_MOVERESIZE: 250, _NET_WM_PID: 251, _NET_WM_WINDOW_TYPE: 252, _NET_WM_WINDOW_TYPE_DROPDOWN_MENU: 253, _NET_WM_WINDOW_TYPE_DIALOG: 254, _NET_WM_WINDOW_TYPE_MENU: 255, _NET_WM_WINDOW_TYPE_NOTIFICATION: 256, _NET_WM_WINDOW_TYPE_NORMAL: 257, _NET_WM_WINDOW_TYPE_POPUP_MENU: 258, _NET_WM_WINDOW_TYPE_SPLASH: 259, _NET_WM_WINDOW_TYPE_TOOLBAR: 260, _NET_WM_WINDOW_TYPE_TOOLTIP: 261, _NET_WM_WINDOW_TYPE_UTILITY: 262, _NET_WM_STATE_MODAL: 263, _MOTIF_WM_HINTS: 264, _NET_STARTUP_ID: 265, WM_S0: 266, WM_STATE: 267, _NET_WM_CM_S0: 268, _NET_SUPPORTED: 269, _NET_ACTIVE_WINDOW: 270, _NET_CLIENT_LIST: 271, _NET_CLIENT_LIST_STACKING: 272, _NET_WM_PING: 273, _NET_WM_STATE: 274, _NET_WM_STATE_MAXIMIZED_VERT: 275, _NET_WM_STATE_MAXIMIZED_HORZ: 276, _NET_WM_STATE_HIDDEN: 277, _NET_WM_STATE_FULLSCREEN: 278, _NET_WM_STATE_FOCUSED: 279, _NET_SUPPORTING_WM_CHECK: 280, _XSETTINGS_SETTINGS: 281, _WL_SELECTION: 282, CLIPBOARD_MANAGER: 283, CLIPBOARD: 284, PRIMARY: 1, TARGETS: 285, TIMESTAMP: 286, INCR: 287, DELETE: 288, _XSETTINGS_S0: 289 }, state: Mutex { data: SharedSurfaceState { alive: true, wl_surface_id: None, wl_surface_serial: Some(1), mapped_onto: Some(2097158), geometry: Rectangle<smithay::utils::geometry::Logical> { x: 1280, y: 720, width: 1272, height: 688 }, override_redirect: false, wl_surface: Some(WlSurface { id: ObjectId(wl_surface@14[0], 17), version: 4, data: Some(Any { .. }), handle: WeakHandle { handle: WeakInnerHandle[rs] { .. } } }), title: "christoph@schleppi", class: "XTerm", instance: "xterm", startup_id: None, pid: Some(3117365), protocols: [DeleteWindow], hints: Some(WmHints { input: Some(true), initial_state: Some(Normal), icon_pixmap: Some(4194342), icon_window: None, icon_position: None, icon_mask: Some(4194344), window_group: None, urgent: false }), normal_hints: Some(WmSizeHints { position: None, size: Some((UserSpecified, 1272, 688)), min_size: Some((30, 27)), max_size: None, size_increment: Some((11, 23)), aspect: None, base_size: Some((19, 4)), win_gravity: Some(NORTH_WEST) }), transient_for: None, net_state: {279, 276, 275}, motif_hints: [0, 0, 0, 0, 0], window_type: [] }, poisoned: false, .. }, user_data: UserDataMap { list: AppendList(0x0) } }) [3mmods[0m[2m=[0mModifiersState { ctrl: false, alt: false, shift: false, caps_lock: false, logo: false, num_lock: false, iso_level3_shift: false, iso_level5_shift: false, serialized: SerializedMods { depressed: 0, latched: 0, locked: 0, layout_effective: 0 } }[1m}[0m[2m:[0m [2msmithay::input::keyboard[0m[2m:[0m [2m/home/christoph/.cargo/registry/src/index.crates.io-1949cf8c6b5b557f/smithay-0.7.0/src/input/keyboard/mod.rs[0m[2m:[0m[2m724:[0m close [3mtime.busy[0m[2m=[0m301ns [3mtime.idle[0m[2m=[0m27.1µs
[2m2026-09-25T18:33:55.525537Z[0m [32m INFO[0m ThreadId(01) [1minput_seat[0m[1m{[0m[3mname[0m[2m=[0m"wprs"[1m}[0m[2m:[0m[1madd_keyboard[0m[1m{[0m[3mxkb_config[0m[2m=[0mXkbConfig { rules: "", model: "", layout: "", variant: "", options: None } [3mrepeat_delay[0m[2m=[0m200 [3mrepeat_rate[0m[2m=[0m200[1m}[0m[2m:[0m[1minput_keyboard[0m[2m:[0m[1msend_keymap[0m[1m{[0m[3mfocus[0m[2m=[0mSome(X11Surface { xwm: Some(XwmId(0)), client_scale: Some(1.0), window: 4194322, conn: (Weak), atoms: Atoms { WL_SURFACE_ID: 240, WL_SURFACE_SERIAL: 241, _SMITHAY_CLOSE_CONNECTION: 242, UTF8_STRING: 243, TEXT: 244, WM_HINTS: 35, WM_PROTOCOLS: 245, WM_TAKE_FOCUS: 246, WM_DELETE_WINDOW: 247, WM_CHANGE_STATE: 248, _NET_WM_NAME: 249, _NET_WM_MOVERESIZE: 250, _NET_WM_PID: 251, _NET_WM_WINDOW_TYPE: 252, _NET_WM_WINDOW_TYPE_DROPDOWN_MENU: 253, _NET_WM_WINDOW_TYPE_DIALOG: 254, _NET_WM_WINDOW_TYPE_MENU: 255, _NET_WM_WINDOW_TYPE_NOTIFICATION: 256, _NET_WM_WINDOW_TYPE_NORMAL: 257, _NET_WM_WINDOW_TYPE_POPUP_MENU: 258, _NET_WM_WINDOW_TYPE_SPLASH: 259, _NET_WM_WINDOW_TYPE_TOOLBAR: 260, _NET_WM_WINDOW_TYPE_TOOLTIP: 261, _NET_WM_WINDOW_TYPE_UTILITY: 262, _NET_WM_STATE_MODAL: 263, _MOTIF_WM_HINTS: 264, _NET_STARTUP_ID: 265, WM_S0: 266, WM_STATE: 267, _NET_WM_CM_S0: 268, _NET_SUPPORTED: 269, _NET_ACTIVE_WINDOW: 270, _NET_CLIENT_LIST: 271, _NET_CLIENT_LIST_STACKING: 272, _NET_WM_PING: 273, _NET_WM_STATE: 274, _NET_WM_STATE_MAXIMIZED_VERT: 275, _NET_WM_STATE_MAXIMIZED_HORZ: 276, _NET_WM_STATE_HIDDEN: 277, _NET_WM_STATE_FULLSCREEN: 278, _NET_WM_STATE_FOCUSED: 279, _NET_SUPPORTING_WM_CHECK: 280, _XSETTINGS_SETTINGS: 281, _WL_SELECTION: 282, CLIPBOARD_MANAGER: 283, CLIPBOARD: 284, PRIMARY: 1, TARGETS: 285, TIMESTAMP: 286, INCR: 287, DELETE: 288, _XSETTINGS_S0: 289 }, state: Mutex { data: SharedSurfaceState { alive: true, wl_surface_id: None, wl_surface_serial: Some(1), mapped_onto: Some(2097158), geometry: Rectangle<smithay::utils::geometry::Logical> { x: 1280, y: 720, width: 1272, height: 688 }, override_redirect: false, wl_surface: Some(WlSurface { id: ObjectId(wl_surface@14[0], 17), version: 4, data: Some(Any { .. }), handle: WeakHandle { handle: WeakInnerHandle[rs] { .. } } }), title: "christoph@schleppi", class: "XTerm", instance: "xterm", startup_id: None, pid: Some(3117365), protocols: [DeleteWindow], hints: Some(WmHints { input: Some(true), initial_state: Some(Normal), icon_pixmap: Some(4194342), icon_window: None, icon_position: None, icon_mask: Some(4194344), window_group: None, urgent: false }), normal_hints: Some(WmSizeHints { position: None, size: Some((UserSpecified, 1272, 688)), min_size: Some((30, 27)), max_size: None, size_increment: Some((11, 23)), aspect: None, base_size: Some((19, 4)), win_gravity: Some(NORTH_WEST) }), transient_for: None, net_state: {279, 276, 275}, motif_hints: [0, 0, 0, 0, 0], window_type: [] }, poisoned: false, .. }, user_data: UserDataMap { list: AppendList(0x0) } }) [3mmods[0m[2m=[0mModifiersState { ctrl: false, alt: false, shift: false, caps_lock: false, logo: false, num_lock: false, iso_level3_shift: false, iso_level5_shift: false, serialized: SerializedMods { depressed: 0, latched: 0, locked: 0, layout_effective: 0 } }[1m}[0m[2m:[0m [2msmithay::input::keyboard[0m[2m:[0m [2m/home/christoph/.cargo/registry/src/index.crates.io-1949cf8c6b5b557f/smithay-0.7.0/src/input/keyboard/mod.rs[0m[2m:[0m[2m724:[0m new
[2m2026-09-25T18:33:55.525565Z[0m [32m INFO[0m ThreadId(01) [1minput_seat[0m[1m{[0m[3mname[0m[2m=[0m"wprs"[1m}[0m[2m:[0m[1madd_keyboard[0m[1m{[0m[3mxkb_config[0m[2m=[0mXkbConfig { rules: "", model: "", layout: "", variant: "", options: None } [3mrepeat_delay[0m[2m=[0m200 [3mrepeat_rate[0m[2m=[0m200[1m}[0m[2m:[0m[1minput_keyboard[0m[2m:[0m[1msend_keymap[0m[1m{[0m[3mfocus[0m[2m=[0mSome(X11Surface { xwm: Some(XwmId(0)), client_scale: Some(1.0), window: 4194322, conn: (Weak), atoms: Atoms { WL_SURFACE_ID: 240, WL_SURFACE_SERIAL: 241, _SMITHAY_CLOSE_CONNECTION: 242, UTF8_STRING: 243, TEXT: 244, WM_HINTS: 35, WM_PROTOCOLS: 245, WM_TAKE_FOCUS: 246, WM_DELETE_WINDOW: 247, WM_CHANGE_STATE: 248, _NET_WM_NAME: 249, _NET_WM_MOVERESIZE: 250, _NET_WM_PID: 251, _NET_WM_WINDOW_TYPE: 252, _NET_WM_WINDOW_TYPE_DROPDOWN_MENU: 253, _NET_WM_WINDOW_TYPE_DIALOG: 254, _NET_WM_WINDOW_TYPE_MENU: 255, _NET_WM_WINDOW_TYPE_NOTIFICATION: 256, _NET_WM_WINDOW_TYPE_NORMAL: 257, _NET_WM_WINDOW_TYPE_POPUP_MENU: 258, _NET_WM_WINDOW_TYPE_SPLASH: 259, _NET_WM_WINDOW_TYPE_TOOLBAR: 260, _NET_WM_WINDOW_TYPE_TOOLTIP: 261, _NET_WM_WINDOW_TYPE_UTILITY: 262, _NET_WM_STATE_MODAL: 263, _MOTIF_WM_HINTS: 264, _NET_STARTUP_ID: 265, WM_S0: 266, WM_STATE: 267, _NET_WM_CM_S0: 268, _NET_SUPPORTED: 269, _NET_ACTIVE_WINDOW: 270, _NET_CLIENT_LIST: 271, _NET_CLIENT_LIST_STACKING: 272, _NET_WM_PING: 273, _NET_WM_STATE: 274, _NET_WM_STATE_MAXIMIZED_VERT: 275, _NET_WM_STATE_MAXIMIZED_HORZ: 276, _NET_WM_STATE_HIDDEN: 277, _NET_WM_STATE_FULLSCREEN: 278, _NET_WM_STATE_FOCUSED: 279, _NET_SUPPORTING_WM_CHECK: 280, _XSETTINGS_SETTINGS: 281, _WL_SELECTION: 282, CLIPBOARD_MANAGER: 283, CLIPBOARD: 284, PRIMARY: 1, TARGETS: 285, TIMESTAMP: 286, INCR: 287, DELETE: 288, _XSETTINGS_S0: 289 }, state: Mutex { data: SharedSurfaceState { alive: true, wl_surface_id: None, wl_surface_serial: Some(1), mapped_onto: Some(2097158), geometry: Rectangle<smithay::utils::geometry::Logical> { x: 1280, y: 720, width: 1272, height: 688 }, override_redirect: false, wl_surface: Some(WlSurface { id: ObjectId(wl_surface@14[0], 17), version: 4, data: Some(Any { .. }), handle: WeakHandle { handle: WeakInnerHandle[rs] { .. } } }), title: "christoph@schleppi", class: "XTerm", instance: "xterm", startup_id: None, pid: Some(3117365), protocols: [DeleteWindow], hints: Some(WmHints { input: Some(true), initial_state: Some(Normal), icon_pixmap: Some(4194342), icon_window: None, icon_position: None, icon_mask: Some(4194344), window_group: None, urgent: false }), normal_hints: Some(WmSizeHints { position: None, size: Some((UserSpecified, 1272, 688)), min_size: Some((30, 27)), max_size: None, size_increment: Some((11, 23)), aspect: None, base_size: Some((19, 4)), win_gravity: Some(NORTH_WEST) }), transient_for: None, net_state: {279, 276, 275}, motif_hints: [0, 0, 0, 0, 0], window_type: [] }, poisoned: false, .. }, user_data: UserDataMap { list: AppendList(0x0) } }) [3mmods[0m[2m=[0mModifiersState { ctrl: false, alt: false, shift: false, caps_lock: false, logo: false, num_lock: false, iso_level3_shift: false, iso_level5_shift: false, serialized: SerializedMods { depressed: 0, latched: 0, locked: 0, layout_effective: 0 } }[1m}[0m[2m:[0m [2msmithay::input::keyboard[0m[2m:[0m [2m/home/christoph/.cargo/registry/src/index.crates.io-1949cf8c6b5b557f/smithay-0.7.0/src/input/keyboard/mod.rs[0m[2m:[0m[2m724:[0m close [3mtime.busy[0m[2m=[0m291ns [3mtime.idle[0m[2m=[0m27.4µs
[2m2026-09-25T18:33:55.525663Z[0m [32m INFO[0m ThreadId(01) [1minput_seat[0m[1m{[0m[3mname[0m[2m=[0m"wprs"[1m}[0m[2m:[0m[1madd_keyboard[0m[1m{[0m[3mxkb_config[0m[2m=[0mXkbConfig { rules: "", model: "", layout: "", variant: "", options: None } [3mrepeat_delay[0m[2m=[0m200 [3mrepeat_rate[0m[2m=[0m200[1m}[0m[2m:[0m[1minput_keyboard[0m[2m:[0m[1msend_keymap[0m[1m{[0m[3mfocus[0m[2m=[0mSome(X11Surface { xwm: Some(XwmId(0)), client_scale: Some(1.0), window: 4194322, conn: (Weak), atoms: Atoms { WL_SURFACE_ID: 240, WL_SURFACE_SERIAL: 241, _SMITHAY_CLOSE_CONNECTION: 242, UTF8_STRING: 243, TEXT: 244, WM_HINTS: 35, WM_PROTOCOLS: 245, WM_TAKE_FOCUS: 246, WM_DELETE_WINDOW: 247, WM_CHANGE_STATE: 248, _NET_WM_NAME: 249, _NET_WM_MOVERESIZE: 250, _NET_WM_PID: 251, _NET_WM_WINDOW_TYPE: 252, _NET_WM_WINDOW_TYPE_DROPDOWN_MENU: 253, _NET_WM_WINDOW_TYPE_DIALOG: 254, _NET_WM_WINDOW_TYPE_MENU: 255, _NET_WM_WINDOW_TYPE_NOTIFICATION: 256, _NET_WM_WINDOW_TYPE_NORMAL: 257, _NET_WM_WINDOW_TYPE_POPUP_MENU: 258, _NET_WM_WINDOW_TYPE_SPLASH: 259, _NET_WM_WINDOW_TYPE_TOOLBAR: 260, _NET_WM_WINDOW_TYPE_TOOLTIP: 261, _NET_WM_WINDOW_TYPE_UTILITY: 262, _NET_WM_STATE_MODAL: 263, _MOTIF_WM_HINTS: 264, _NET_STARTUP_ID: 265, WM_S0: 266, WM_STATE: 267, _NET_WM_CM_S0: 268, _NET_SUPPORTED: 269, _NET_ACTIVE_WINDOW: 270, _NET_CLIENT_LIST: 271, _NET_CLIENT_LIST_STACKING: 272, _NET_WM_PING: 273, _NET_WM_STATE: 274, _NET_WM_STATE_MAXIMIZED_VERT: 275, _NET_WM_STATE_MAXIMIZED_HORZ: 276, _NET_WM_STATE_HIDDEN: 277, _NET_WM_STATE_FULLSCREEN: 278, _NET_WM_STATE_FOCUSED: 279, _NET_SUPPORTING_WM_CHECK: 280, _XSETTINGS_SETTINGS: 281, _WL_SELECTION: 282, CLIPBOARD_MANAGER: 283, CLIPBOARD: 284, PRIMARY: 1, TARGETS: 285, TIMESTAMP: 286, INCR: 287, DELETE: 288, _XSETTINGS_S0: 289 }, state: Mutex { data: SharedSurfaceState { alive: true, wl_surface_id: None, wl_surface_serial: Some(1), mapped_onto: Some(2097158), geometry: Rectangle<smithay::utils::geometry::Logical> { x: 1280, y: 720, width: 1272, height: 688 }, override_redirect: false, wl_surface: Some(WlSurface { id: ObjectId(wl_surface@14[0], 17), version: 4, data: Some(Any { .. }), handle: WeakHandle { handle: WeakInnerHandle[rs] { .. } } }), title: "christoph@schleppi", class: "XTerm", instance: "xterm", startup_id: None, pid: Some(3117365), protocols: [DeleteWindow], hints: Some(WmHints { input: Some(true), initial_state: Some(Normal), icon_pixmap: Some(4194342), icon_window: None, icon_position: None, icon_mask: Some(4194344), window_group: None, urgent: false }), normal_hints: Some(WmSizeHints { position: None, size: Some((UserSpecified, 1272, 688)), min_size: Some((30, 27)), max_size: None, size_increment: Some((11, 23)), aspect: None, base_size: Some((19, 4)), win_gravity: Some(NORTH_WEST) }), transient_for: None, net_state: {279, 276, 275}, motif_hints: [0, 0, 0, 0, 0], window_type: [] }, poisoned: false, .. }, user_data: UserDataMap { list: AppendList(0x0) } }) [3mmods[0m[2m=[0mModifiersState { ctrl: false, alt: false, shift: false, caps_lock: false, logo: false, num_lock: false, iso_level3_shift: false, iso_level5_shift: false, serialized: SerializedMods { depressed: 0, latched: 0, locked: 0, layout_effective: 0 } }[1m}[0m[2m:[0m [2msmithay::input::keyboard[0m[2m:[0m [2m/home/christoph/.cargo/registry/src/index.crates.io-1949cf8c6b5b557f/smithay-0.7.0/src/input/keyboard/mod.rs[0m[2m:[0m[2m724:[0m new
[2m2026-09-25T18:33:55.525696Z[0m [32m INFO[0m ThreadId(01) [1minput_seat[0m[1m{[0m[3mname[0m[2m=[0m"wprs"[1m}[0m[2m:[0m[1madd_keyboard[0m[1m{[0m[3mxkb_config[0m[2m=[0mXkbConfig { rules: "", model: "", layout: "", variant: "", options: None } [3mrepeat_delay[0m[2m=[0m200 [3mrepeat_rate[0m[2m=[0m200[1m}[0m[2m:[0m[1minput_keyboard[0m[2m:[0m[1msend_keymap[0m[1m{[0m[3mfocus[0m[2m=[0mSome(X11Surface { xwm: Some(XwmId(0)), client_scale: Some(1.0), window: 4194322, conn: (Weak), atoms: Atoms { WL_SURFACE_ID: 240, WL_SURFACE_SERIAL: 241, _SMITHAY_CLOSE_CONNECTION: 242, UTF8_STRING: 243, TEXT: 244, WM_HINTS: 35, WM_PROTOCOLS: 245, WM_TAKE_FOCUS: 246, WM_DELETE_WINDOW: 247, WM_CHANGE_STATE: 248, _NET_WM_NAME: 249, _NET_WM_MOVERESIZE: 250, _NET_WM_PID: 251, _NET_WM_WINDOW_TYPE: 252, _NET_WM_WINDOW_TYPE_DROPDOWN_MENU: 253, _NET_WM_WINDOW_TYPE_DIALOG: 254, _NET_WM_WINDOW_TYPE_MENU: 255, _NET_WM_WINDOW_TYPE_NOTIFICATION: 256, _NET_WM_WINDOW_TYPE_NORMAL: 257, _NET_WM_WINDOW_TYPE_POPUP_MENU: 258, _NET_WM_WINDOW_TYPE_SPLASH: 259, _NET_WM_WINDOW_TYPE_TOOLBAR: 260, _NET_WM_WINDOW_TYPE_TOOLTIP: 261, _NET_WM_WINDOW_TYPE_UTILITY: 262, _NET_WM_STATE_MODAL: 263, _MOTIF_WM_HINTS: 264, _NET_STARTUP_ID: 265, WM_S0: 266, WM_STATE: 267, _NET_WM_CM_S0: 268, _NET_SUPPORTED: 269, _NET_ACTIVE_WINDOW: 270, _NET_CLIENT_LIST: 271, _NET_CLIENT_LIST_STACKING: 272, _NET_WM_PING: 273, _NET_WM_STATE: 274, _NET_WM_STATE_MAXIMIZED_VERT: 275, _NET_WM_STATE_MAXIMIZED_HORZ: 276, _NET_WM_STATE_HIDDEN: 277, _NET_WM_STATE_FULLSCREEN: 278, _NET_WM_STATE_FOCUSED: 279, _NET_SUPPORTING_WM_CHECK: 280, _XSETTINGS_SETTINGS: 281, _WL_SELECTION: 282, CLIPBOARD_MANAGER: 283, CLIPBOARD: 284, PRIMARY: 1, TARGETS: 285, TIMESTAMP: 286, INCR: 287, DELETE: 288, _XSETTINGS_S0: 289 }, state: Mutex { data: SharedSurfaceState { alive: true, wl_surface_id: None, wl_surface_serial: Some(1), mapped_onto: Some(2097158), geometry: Rectangle<smithay::utils::geometry::Logical> { x: 1280, y: 720, width: 1272, height: 688 }, override_redirect: false, wl_surface: Some(WlSurface { id: ObjectId(wl_surface@14[0], 17), version: 4, data: Some(Any { .. }), handle: WeakHandle { handle: WeakInnerHandle[rs] { .. } } }), title: "christoph@schleppi", class: "XTerm", instance: "xterm", startup_id: None, pid: Some(3117365), protocols: [DeleteWindow], hints: Some(WmHints { input: Some(true), initial_state: Some(Normal), icon_pixmap: Some(4194342), icon_window: None, icon_position: None, icon_mask: Some(4194344), window_group: None, urgent: false }), normal_hints: Some(WmSizeHints { position: None, size: Some((UserSpecified, 1272, 688)), min_size: Some((30, 27)), max_size: None, size_increment: Some((11, 23)), aspect: None, base_size: Some((19, 4)), win_gravity: Some(NORTH_WEST) }), transient_for: None, net_state: {279, 276, 275}, motif_hints: [0, 0, 0, 0, 0], window_type: [] }, poisoned: false, .. }, user_data: UserDataMap { list: AppendList(0x0) } }) [3mmods[0m[2m=[0mModifiersState { ctrl: false, alt: false, shift: false, caps_lock: false, logo: false, num_lock: false, iso_level3_shift: false, iso_level5_shift: false, serialized: SerializedMods { depressed: 0, latched: 0, locked: 0, layout_effective: 0 } }[1m}[0m[2m:[0m [2msmithay::input::keyboard[0m[2m:[0m [2m/home/christoph/.cargo/registry/src/index.crates.io-1949cf8c6b5b557f/smithay-0.7.0/src/input/keyboard/mod.rs[0m[2m:[0m[2m724:[0m close [3mtime.busy[0m[2m=[0m220ns [3mtime.idle[0m[2m=[0m32.2µs
[2m2026-09-25T18:33:55.525813Z[0m [32m INFO[0m ThreadId(01) [1minput_seat[0m[1m{[0m[3mname[0m[2m=[0m"wprs"[1m}[0m[2m:[0m[1madd_keyboard[0m[1m{[0m[3mxkb_config[0m[2m=[0mXkbConfig { rules: "", model: "", layout: "", variant: "", options: None } [3mrepeat_delay[0m[2m=[0m200 [3mrepeat_rate[0m[2m=[0m200[1m}[0m[2m:[0m[1minput_keyboard[0m[2m:[0m[1msend_keymap[0m[1m{[0m[3mfocus[0m[2m=[0mSome(X11Surface { xwm: Some(XwmId(0)), client_scale: Some(1.0), window: 4194322, conn: (Weak), atoms: Atoms { WL_SURFACE_ID: 240, WL_SURFACE_SERIAL: 241, _SMITHAY_CLOSE_CONNECTION: 242, UTF8_STRING: 243, TEXT: 244, WM_HINTS: 35, WM_PROTOCOLS: 245, WM_TAKE_FOCUS: 246, WM_DELETE_WINDOW: 247, WM_CHANGE_STATE: 248, _NET_WM_NAME: 249, _NET_WM_MOVERESIZE: 250, _NET_WM_PID: 251, _NET_WM_WINDOW_TYPE: 252, _NET_WM_WINDOW_TYPE_DROPDOWN_MENU: 253, _NET_WM_WINDOW_TYPE_DIALOG: 254, _NET_WM_WINDOW_TYPE_MENU: 255, _NET_WM_WINDOW_TYPE_NOTIFICATION: 256, _NET_WM_WINDOW_TYPE_NORMAL: 257, _NET_WM_WINDOW_TYPE_POPUP_MENU: 258, _NET_WM_WINDOW_TYPE_SPLASH: 259, _NET_WM_WINDOW_TYPE_TOOLBAR: 260, _NET_WM_WINDOW_TYPE_TOOLTIP: 261, _NET_WM_WINDOW_TYPE_UTILITY: 262, _NET_WM_STATE_MODAL: 263, _MOTIF_WM_HINTS: 264, _NET_STARTUP_ID: 265, WM_S0: 266, WM_STATE: 267, _NET_WM_CM_S0: 268, _NET_SUPPORTED: 269, _NET_ACTIVE_WINDOW: 270, _NET_CLIENT_LIST: 271, _NET_CLIENT_LIST_STACKING: 272, _NET_WM_PING: 273, _NET_WM_STATE: 274, _NET_WM_STATE_MAXIMIZED_VERT: 275, _NET_WM_STATE_MAXIMIZED_HORZ: 276, _NET_WM_STATE_HIDDEN: 277, _NET_WM_STATE_FULLSCREEN: 278, _NET_WM_STATE_FOCUSED: 279, _NET_SUPPORTING_WM_CHECK: 280, _XSETTINGS_SETTINGS: 281, _WL_SELECTION: 282, CLIPBOARD_MANAGER: 283, CLIPBOARD: 284, PRIMARY: 1, TARGETS: 285, TIMESTAMP: 286, INCR: 287, DELETE: 288, _XSETTINGS_S0: 289 }, state: Mutex { data: SharedSurfaceState { alive: true, wl_surface_id: None, wl_surface_serial: Some(1), mapped_onto: Some(2097158), geometry: Rectangle<smithay::utils::geometry::Logical> { x: 1280, y: 720, width: 1272, height: 688 }, override_redirect: false, wl_surface: Some(WlSurface { id: ObjectId(wl_surface@14[0], 17), version: 4, data: Some(Any { .. }), handle: WeakHandle { handle: WeakInnerHandle[rs] { .. } } }), title: "christoph@schleppi", class: "XTerm", instance: "xterm", startup_id: None, pid: Some(3117365), protocols: [DeleteWindow], hints: Some(WmHints { input: Some(true), initial_state: Some(Normal), icon_pixmap: Some(4194342), icon_window: None, icon_position: None, icon_mask: Some(4194344), window_group: None, urgent: false }), normal_hints: Some(WmSizeHints { position: None, size: Some((UserSpecified, 1272, 688)), min_size: Some((30, 27)), max_size: None, size_increment: Some((11, 23)), aspect: None, base_size: Some((19, 4)), win_gravity: Some(NORTH_WEST) }), transient_for: None, net_state: {279, 276, 275}, motif_hints: [0, 0, 0, 0, 0], window_type: [] }, poisoned: false, .. }, user_data: UserDataMap { list: AppendList(0x0) } }) [3mmods[0m[2m=[0mModifiersState { ctrl: false, alt: false, shift: false, caps_lock: false, logo: false, num_lock: false, iso_level3_shift: false, iso_level5_shift: false, serialized: SerializedMods { depressed: 0, latched: 0, locked: 0, layout_effective: 0 } }[1m}[0m[2m:[0m [2msmithay::input::keyboard[0m[2m:[0m [2m/home/christoph/.cargo/registry/src/index.crates.io-1949cf8c6b5b557f/smithay-0.7.0/src/input/keyboard/mod.rs[0m[2m:[0m[2m724:[0m new
[2m2026-09-25T18:33:55.525847Z[0m [32m INFO[0m ThreadId(01) [1minput_seat[0m[1m{[0m[3mname[0m[2m=[0m"wprs"[1m}[0m[2m:[0m[1madd_keyboard[0m[1m{[0m[3mxkb_config[0m[2m=[0mXkbConfig { rules: "", model: "", layout: "", variant: "", options: None } [3mrepeat_delay[0m[2m=[0m200 [3mrepeat_rate[0m[2m=[0m200[1m}[0m[2m:[0m[1minput_keyboard[0m[2m:[0m[1msend_keymap[0m[1m{[0m[3mfocus[0m[2m=[0mSome(X11Surface { xwm: Some(XwmId(0)), client_scale: Some(1.0), window: 4194322, conn: (Weak), atoms: Atoms { WL_SURFACE_ID: 240, WL_SURFACE_SERIAL: 241, _SMITHAY_CLOSE_CONNECTION: 242, UTF8_STRING: 243, TEXT: 244, WM_HINTS: 35, WM_PROTOCOLS: 245, WM_TAKE_FOCUS: 246, WM_DELETE_WINDOW: 247, WM_CHANGE_STATE: 248, _NET_WM_NAME: 249, _NET_WM_MOVERESIZE: 250, _NET_WM_PID: 251, _NET_WM_WINDOW_TYPE: 252, _NET_WM_WINDOW_TYPE_DROPDOWN_MENU: 253, _NET_WM_WINDOW_TYPE_DIALOG: 254, _NET_WM_WINDOW_TYPE_MENU: 255, _NET_WM_WINDOW_TYPE_NOTIFICATION: 256, _NET_WM_WINDOW_TYPE_NORMAL: 257, _NET_WM_WINDOW_TYPE_POPUP_MENU: 258, _NET_WM_WINDOW_TYPE_SPLASH: 259, _NET_WM_WINDOW_TYPE_TOOLBAR: 260, _NET_WM_WINDOW_TYPE_TOOLTIP: 261, _NET_WM_WINDOW_TYPE_UTILITY: 262, _NET_WM_STATE_MODAL: 263, _MOTIF_WM_HINTS: 264, _NET_STARTUP_ID: 265, WM_S0: 266, WM_STATE: 267, _NET_WM_CM_S0: 268, _NET_SUPPORTED: 269, _NET_ACTIVE_WINDOW: 270, _NET_CLIENT_LIST: 271, _NET_CLIENT_LIST_STACKING: 272, _NET_WM_PING: 273, _NET_WM_STATE: 274, _NET_WM_STATE_MAXIMIZED_VERT: 275, _NET_WM_STATE_MAXIMIZED_HORZ: 276, _NET_WM_STATE_HIDDEN: 277, _NET_WM_STATE_FULLSCREEN: 278, _NET_WM_STATE_FOCUSED: 279, _NET_SUPPORTING_WM_CHECK: 280, _XSETTINGS_SETTINGS: 281, _WL_SELECTION: 282, CLIPBOARD_MANAGER: 283, CLIPBOARD: 284, PRIMARY: 1, TARGETS: 285, TIMESTAMP: 286, INCR: 287, DELETE: 288, _XSETTINGS_S0: 289 }, state: Mutex { data: SharedSurfaceState { alive: true, wl_surface_id: None, wl_surface_serial: Some(1), mapped_onto: Some(2097158), geometry: Rectangle<smithay::utils::geometry::Logical> { x: 1280, y: 720, width: 1272, height: 688 }, override_redirect: false, wl_surface: Some(WlSurface { id: ObjectId(wl_surface@14[0], 17), version: 4, data: Some(Any { .. }), handle: WeakHandle { handle: WeakInnerHandle[rs] { .. } } }), title: "christoph@schleppi", class: "XTerm", instance: "xterm", startup_id: None, pid: Some(3117365), protocols: [DeleteWindow], hints: Some(WmHints { input: Some(true), initial_state: Some(Normal), icon_pixmap: Some(4194342), icon_window: None, icon_position: None, icon_mask: Some(4194344), window_group: None, urgent: false }), normal_hints: Some(WmSizeHints { position: None, size: Some((UserSpecified, 1272, 688)), min_size: Some((30, 27)), max_size: None, size_increment: Some((11, 23)), aspect: None, base_size: Some((19, 4)), win_gravity: Some(NORTH_WEST) }), transient_for: None, net_state: {279, 276, 275}, motif_hints: [0, 0, 0, 0, 0], window_type: [] }, poisoned: false, .. }, user_data: UserDataMap { list: AppendList(0x0) } }) [3mmods[0m[2m=[0mModifiersState { ctrl: false, alt: false, shift: false, caps_lock: false, logo: false, num_lock: false, iso_level3_shift: false, iso_level5_shift: false, serialized: SerializedMods { depressed: 0, latched: 0, locked: 0, layout_effective: 0 } }[1m}[0m[2m:[0m [2msmithay::input::keyboard[0m[2m:[0m [2m/home/christoph/.cargo/registry/src/index.crates.io-1949cf8c6b5b557f/smithay-0.7.0/src/input/keyboard/mod.rs[0m[2m:[0m[2m724:[0m close [3mtime.busy[0m[2m=[0m892ns [3mtime.idle[0m[2m=[0m33.1µs
[2m2026-09-25T18:33:55.525931Z[0m [32m INFO[0m ThreadId(01) [1minput_seat[0m[1m{[0m[3mname[0m[2m=[0m"wprs"[1m}[0m[2m:[0m[1madd_keyboard[0m[1m{[0m[3mxkb_config[0m[2m=[0mXkbConfig { rules: "", model: "", layout: "", variant: "", options: None } [3mrepeat_delay[0m[2m=[0m200 [3mrepeat_rate[0m[2m=[0m200[1m}[0m[2m:[0m[1minput_keyboard[0m[2m:[0m[1msend_keymap[0m[1m{[0m[3mfocus[0m[2m=[0mSome(X11Surface { xwm: Some(XwmId(0)), client_scale: Some(1.0), window: 4194322, conn: (Weak), atoms: Atoms { WL_SURFACE_ID: 240, WL_SURFACE_SERIAL: 241, _SMITHAY_CLOSE_CONNECTION: 242, UTF8_STRING: 243, TEXT: 244, WM_HINTS: 35, WM_PROTOCOLS: 245, WM_TAKE_FOCUS: 246, WM_DELETE_WINDOW: 247, WM_CHANGE_STATE: 248, _NET_WM_NAME: 249, _NET_WM_MOVERESIZE: 250, _NET_WM_PID: 251, _NET_WM_WINDOW_TYPE: 252, _NET_WM_WINDOW_TYPE_DROPDOWN_MENU: 253, _NET_WM_WINDOW_TYPE_DIALOG: 254, _NET_WM_WINDOW_TYPE_MENU: 255, _NET_WM_WINDOW_TYPE_NOTIFICATION: 256, _NET_WM_WINDOW_TYPE_NORMAL: 257, _NET_WM_WINDOW_TYPE_POPUP_MENU: 258, _NET_WM_WINDOW_TYPE_SPLASH: 259, _NET_WM_WINDOW_TYPE_TOOLBAR: 260, _NET_WM_WINDOW_TYPE_TOOLTIP: 261, _NET_WM_WINDOW_TYPE_UTILITY: 262, _NET_WM_STATE_MODAL: 263, _MOTIF_WM_HINTS: 264, _NET_STARTUP_ID: 265, WM_S0: 266, WM_STATE: 267, _NET_WM_CM_S0: 268, _NET_SUPPORTED: 269, _NET_ACTIVE_WINDOW: 270, _NET_CLIENT_LIST: 271, _NET_CLIENT_LIST_STACKING: 272, _NET_WM_PING: 273, _NET_WM_STATE: 274, _NET_WM_STATE_MAXIMIZED_VERT: 275, _NET_WM_STATE_MAXIMIZED_HORZ: 276, _NET_WM_STATE_HIDDEN: 277, _NET_WM_STATE_FULLSCREEN: 278, _NET_WM_STATE_FOCUSED: 279, _NET_SUPPORTING_WM_CHECK: 280, _XSETTINGS_SETTINGS: 281, _WL_SELECTION: 282, CLIPBOARD_MANAGER: 283, CLIPBOARD: 284, PRIMARY: 1, TARGETS: 285, TIMESTAMP: 286, INCR: 287, DELETE: 288, _XSETTINGS_S0: 289 }, state: Mutex { data: SharedSurfaceState { alive: true, wl_surface_id: None, wl_surface_serial: Some(1), mapped_onto: Some(2097158), geometry: Rectangle<smithay::utils::geometry::Logical> { x: 1280, y: 720, width: 1272, height: 688 }, override_redirect: false, wl_surface: Some(WlSurface { id: ObjectId(wl_surface@14[0], 17), version: 4, data: Some(Any { .. }), handle: WeakHandle { handle: WeakInnerHandle[rs] { .. } } }), title: "christoph@schleppi", class: "XTerm", instance: "xterm", startup_id: None, pid: Some(3117365), protocols: [DeleteWindow], hints: Some(WmHints { input: Some(true), initial_state: Some(Normal), icon_pixmap: Some(4194342), icon_window: None, icon_position: None, icon_mask: Some(4194344), window_group: None, urgent: false }), normal_hints: Some(WmSizeHints { position: None, size: Some((UserSpecified, 1272, 688)), min_size: Some((30, 27)), max_size: None, size_increment: Some((11, 23)), aspect: None, base_size: Some((19, 4)), win_gravity: Some(NORTH_WEST) }), transient_for: None, net_state: {279, 276, 275}, motif_hints: [0, 0, 0, 0, 0], window_type: [] }, poisoned: false, .. }, user_data: UserDataMap { list: AppendList(0x0) } }) [3mmods[0m[2m=[0mModifiersState { ctrl: false, alt: false, shift: false, caps_lock: false, logo: false, num_lock: false, iso_level3_shift: false, iso_level5_shift: false, serialized: SerializedMods { depressed: 0, latched: 0, locked: 0, layout_effective: 0 } }[1m}[0m[2m:[0m [2msmithay::input::keyboard[0m[2m:[0m [2m/home/christoph/.cargo/registry/src/index.crates.io-1949cf8c6b5b557f/smithay-0.7.0/src/input/keyboard/mod.rs[0m[2m:[0m[2m724:[0m new
[2m2026-09-25T18:33:55.525956Z[0m [32m INFO[0m ThreadId(01) [1minput_seat[0m[1m{[0m[3mname[0m[2m=[0m"wprs"[1m}[0m[2m:[0m[1madd_keyboard[0m[1m{[0m[3mxkb_config[0m[2m=[0mXkbConfig { rules: "", model: "", layout: "", variant: "", options: None } [3mrepeat_delay[0m[2m=[0m200 [3mrepeat_rate[0m[2m=[0m200[1m}[0m[2m:[0m[1minput_keyboard[0m[2m:[0m[1msend_keymap[0m[1m{[0m[3mfocus[0m[2m=[0mSome(X11Surface { xwm: Some(XwmId(0)), client_scale: Some(1.0), window: 4194322, conn: (Weak), atoms: Atoms { WL_SURFACE_ID: 240, WL_SURFACE_SERIAL: 241, _SMITHAY_CLOSE_CONNECTION: 242, UTF8_STRING: 243, TEXT: 244, WM_HINTS: 35, WM_PROTOCOLS: 245, WM_TAKE_FOCUS: 246, WM_DELETE_WINDOW: 247, WM_CHANGE_STATE: 248, _NET_WM_NAME: 249, _NET_WM_MOVERESIZE: 250, _NET_WM_PID: 251, _NET_WM_WINDOW_TYPE: 252, _NET_WM_WINDOW_TYPE_DROPDOWN_MENU: 253, _NET_WM_WINDOW_TYPE_DIALOG: 254, _NET_WM_WINDOW_TYPE_MENU: 255, _NET_WM_WINDOW_TYPE_NOTIFICATION: 256, _NET_WM_WINDOW_TYPE_NORMAL: 257, _NET_WM_WINDOW_TYPE_POPUP_MENU: 258, _NET_WM_WINDOW_TYPE_SPLASH: 259, _NET_WM_WINDOW_TYPE_TOOLBAR: 260, _NET_WM_WINDOW_TYPE_TOOLTIP: 261, _NET_WM_WINDOW_TYPE_UTILITY: 262, _NET_WM_STATE_MODAL: 263, _MOTIF_WM_HINTS: 264, _NET_STARTUP_ID: 265, WM_S0: 266, WM_STATE: 267, _NET_WM_CM_S0: 268, _NET_SUPPORTED: 269, _NET_ACTIVE_WINDOW: 270, _NET_CLIENT_LIST: 271, _NET_CLIENT_LIST_STACKING: 272, _NET_WM_PING: 273, _NET_WM_STATE: 274, _NET_WM_STATE_MAXIMIZED_VERT: 275, _NET_WM_STATE_MAXIMIZED_HORZ: 276, _NET_WM_STATE_HIDDEN: 277, _NET_WM_STATE_FULLSCREEN: 278, _NET_WM_STATE_FOCUSED: 279, _NET_SUPPORTING_WM_CHECK: 280, _XSETTINGS_SETTINGS: 281, _WL_SELECTION: 282, CLIPBOARD_MANAGER: 283, CLIPBOARD: 284, PRIMARY: 1, TARGETS: 285, TIMESTAMP: 286, INCR: 287, DELETE: 288, _XSETTINGS_S0: 289 }, state: Mutex { data: SharedSurfaceState { alive: true, wl_surface_id: None, wl_surface_serial: Some(1), mapped_onto: Some(2097158), geometry: Rectangle<smithay::utils::geometry::Logical> { x: 1280, y: 720, width: 1272, height: 688 }, override_redirect: false, wl_surface: Some(WlSurface { id: ObjectId(wl_surface@14[0], 17), version: 4, data: Some(Any { .. }), handle: WeakHandle { handle: WeakInnerHandle[rs] { .. } } }), title: "christoph@schleppi", class: "XTerm", instance: "xterm", startup_id: None, pid: Some(3117365), protocols: [DeleteWindow], hints: Some(WmHints { input: Some(true), initial_state: Some(Normal), icon_pixmap: Some(4194342), icon_window: None, icon_position: None, icon_mask: Some(4194344), window_group: None, urgent: false }), normal_hints: Some(WmSizeHints { position: None, size: Some((UserSpecified, 1272, 688)), min_size: Some((30, 27)), max_size: None, size_increment: Some((11, 23)), aspect: None, base_size: Some((19, 4)), win_gravity: Some(NORTH_WEST) }), transient_for: None, net_state: {279, 276, 275}, motif_hints: [0, 0, 0, 0, 0], window_type: [] }, poisoned: false, .. }, user_data: UserDataMap { list: AppendList(0x0) } }) [3mmods[0m[2m=[0mModifiersState { ctrl: false, alt: false, shift: false, caps_lock: false, logo: false, num_lock: false, iso_level3_shift: false, iso_level5_shift: false, serialized: SerializedMods { depressed: 0, latched: 0, locked: 0, layout_effective: 0 } }[1m}[0m[2m:[0m [2msmithay::input::keyboard[0m[2m:[0m [2m/home/christoph/.cargo/registry/src/index.crates.io-1949cf8c6b5b557f/smithay-0.7.0/src/input/keyboard/mod.rs[0m[2m:[0m[2m724:[0m close [3mtime.busy[0m[2m=[0m201ns [3mtime.idle[0m[2m=[0m24.9µs
[2m2026-09-25T18:33:55.526056Z[0m [32m INFO[0m ThreadId(01) [1minput_seat[0m[1m{[0m[3mname[0m[2m=[0m"wprs"[1m}[0m[2m:[0m[1madd_keyboard[0m[1m{[0m[3mxkb_config[0m[2m=[0mXkbConfig { rules: "", model: "", layout: "", variant: "", options: None } [3mrepeat_delay[0m[2m=[0m200 [3mrepeat_rate[0m[2m=[0m200[1m}[0m[2m:[0m[1minput_keyboard[0m[2m:[0m[1msend_keymap[0m[1m{[0m[3mfocus[0m[2m=[0mSome(X11Surface { xwm: Some(XwmId(0)), client_scale: Some(1.0), window: 4194322, conn: (Weak), atoms: Atoms { WL_SURFACE_ID: 240, WL_SURFACE_SERIAL: 241, _SMITHAY_CLOSE_CONNECTION: 242, UTF8_STRING: 243, TEXT: 244, WM_HINTS: 35, WM_PROTOCOLS: 245, WM_TAKE_FOCUS: 246, WM_DELETE_WINDOW: 247, WM_CHANGE_STATE: 248, _NET_WM_NAME: 249, _NET_WM_MOVERESIZE: 250, _NET_WM_PID: 251, _NET_WM_WINDOW_TYPE: 252, _NET_WM_WINDOW_TYPE_DROPDOWN_MENU: 253, _NET_WM_WINDOW_TYPE_DIALOG: 254, _NET_WM_WINDOW_TYPE_MENU: 255, _NET_WM_WINDOW_TYPE_NOTIFICATION: 256, _NET_WM_WINDOW_TYPE_NORMAL: 257, _NET_WM_WINDOW_TYPE_POPUP_MENU: 258, _NET_WM_WINDOW_TYPE_SPLASH: 259, _NET_WM_WINDOW_TYPE_TOOLBAR: 260, _NET_WM_WINDOW_TYPE_TOOLTIP: 261, _NET_WM_WINDOW_TYPE_UTILITY: 262, _NET_WM_STATE_MODAL: 263, _MOTIF_WM_HINTS: 264, _NET_STARTUP_ID: 265, WM_S0: 266, WM_STATE: 267, _NET_WM_CM_S0: 268, _NET_SUPPORTED: 269, _NET_ACTIVE_WINDOW: 270, _NET_CLIENT_LIST: 271, _NET_CLIENT_LIST_STACKING: 272, _NET_WM_PING: 273, _NET_WM_STATE: 274, _NET_WM_STATE_MAXIMIZED_VERT: 275, _NET_WM_STATE_MAXIMIZED_HORZ: 276, _NET_WM_STATE_HIDDEN: 277, _NET_WM_STATE_FULLSCREEN: 278, _NET_WM_STATE_FOCUSED: 279, _NET_SUPPORTING_WM_CHECK: 280, _XSETTINGS_SETTINGS: 281, _WL_SELECTION: 282, CLIPBOARD_MANAGER: 283, CLIPBOARD: 284, PRIMARY: 1, TARGETS: 285, TIMESTAMP: 286, INCR: 287, DELETE: 288, _XSETTINGS_S0: 289 }, state: Mutex { data: SharedSurfaceState { alive: true, wl_surface_id: None, wl_surface_serial: Some(1), mapped_onto: Some(2097158), geometry: Rectangle<smithay::utils::geometry::Logical> { x: 1280, y: 720, width: 1272, height: 688 }, override_redirect: false, wl_surface: Some(WlSurface { id: ObjectId(wl_surface@14[0], 17), version: 4, data: Some(Any { .. }), handle: WeakHandle { handle: WeakInnerHandle[rs] { .. } } }), title: "christoph@schleppi", class: "XTerm", instance: "xterm", startup_id: None, pid: Some(3117365), protocols: [DeleteWindow], hints: Some(WmHints { input: Some(true), initial_state: Some(Normal), icon_pixmap: Some(4194342), icon_window: None, icon_position: None, icon_mask: Some(4194344), window_group: None, urgent: false }), normal_hints: Some(WmSizeHints { position: None, size: Some((UserSpecified, 1272, 688)), min_size: Some((30, 27)), max_size: None, size_increment: Some((11, 23)), aspect: None, base_size: Some((19, 4)), win_gravity: Some(NORTH_WEST) }), transient_for: None, net_state: {279, 276, 275}, motif_hints: [0, 0, 0, 0, 0], window_type: [] }, poisoned: false, .. }, user_data: UserDataMap { list: AppendList(0x0) } }) [3mmods[0m[2m=[0mModifiersState { ctrl: false, alt: false, shift: false, caps_lock: false, logo: false, num_lock: false, iso_level3_shift: false, iso_level5_shift: false, serialized: SerializedMods { depressed: 0, latched: 0, locked: 0, layout_effective: 0 } }[1m}[0m[2m:[0m [2msmithay::input::keyboard[0m[2m:[0m [2m/home/christoph/.cargo/registry/src/index.crates.io-1949cf8c6b5b557f/smithay-0.7.0/src/input/keyboard/mod.rs[0m[2m:[0m[2m724:[0m new
[2m2026-09-25T18:33:55.526099Z[0m [32m INFO[0m ThreadId(01) [1minput_seat[0m[1m{[0m[3mname[0m[2m=[0m"wprs"[1m}[0m[2m:[0m[1madd_keyboard[0m[1m{[0m[3mxkb_config[0m[2m=[0mXkbConfig { rules: "", model: "", layout: "", variant: "", options: None } [3mrepeat_delay[0m[2m=[0m200 [3mrepeat_rate[0m[2m=[0m200[1m}[0m[2m:[0m[1minput_keyboard[0m[2m:[0m[1msend_keymap[0m[1m{[0m[3mfocus[0m[2m=[0mSome(X11Surface { xwm: Some(XwmId(0)), client_scale: Some(1.0), window: 4194322, conn: (Weak), atoms: Atoms { WL_SURFACE_ID: 240, WL_SURFACE_SERIAL: 241, _SMITHAY_CLOSE_CONNECTION: 242, UTF8_STRING: 243, TEXT: 244, WM_HINTS: 35, WM_PROTOCOLS: 245, WM_TAKE_FOCUS: 246, WM_DELETE_WINDOW: 247, WM_CHANGE_STATE: 248, _NET_WM_NAME: 249, _NET_WM_MOVERESIZE: 250, _NET_WM_PID: 251, _NET_WM_WINDOW_TYPE: 252, _NET_WM_WINDOW_TYPE_DROPDOWN_MENU: 253, _NET_WM_WINDOW_TYPE_DIALOG: 254, _NET_WM_WINDOW_TYPE_MENU: 255, _NET_WM_WINDOW_TYPE_NOTIFICATION: 256, _NET_WM_WINDOW_TYPE_NORMAL: 257, _NET_WM_WINDOW_TYPE_POPUP_MENU: 258, _NET_WM_WINDOW_TYPE_SPLASH: 259, _NET_WM_WINDOW_TYPE_TOOLBAR: 260, _NET_WM_WINDOW_TYPE_TOOLTIP: 261, _NET_WM_WINDOW_TYPE_UTILITY: 262, _NET_WM_STATE_MODAL: 263, _MOTIF_WM_HINTS: 264, _NET_STARTUP_ID: 265, WM_S0: 266, WM_STATE: 267, _NET_WM_CM_S0: 268, _NET_SUPPORTED: 269, _NET_ACTIVE_WINDOW: 270, _NET_CLIENT_LIST: 271, _NET_CLIENT_LIST_STACKING: 272, _NET_WM_PING: 273, _NET_WM_STATE: 274, _NET_WM_STATE_MAXIMIZED_VERT: 275, _NET_WM_STATE_MAXIMIZED_HORZ: 276, _NET_WM_STATE_HIDDEN: 277, _NET_WM_STATE_FULLSCREEN: 278, _NET_WM_STATE_FOCUSED: 279, _NET_SUPPORTING_WM_CHECK: 280, _XSETTINGS_SETTINGS: 281, _WL_SELECTION: 282, CLIPBOARD_MANAGER: 283, CLIPBOARD: 284, PRIMARY: 1, TARGETS: 285, TIMESTAMP: 286, INCR: 287, DELETE: 288, _XSETTINGS_S0: 289 }, state: Mutex { data: SharedSurfaceState { alive: true, wl_surface_id: None, wl_surface_serial: Some(1), mapped_onto: Some(2097158), geometry: Rectangle<smithay::utils::geometry::Logical> { x: 1280, y: 720, width: 1272, height: 688 }, override_redirect: false, wl_surface: Some(WlSurface { id: ObjectId(wl_surface@14[0], 17), version: 4, data: Some(Any { .. }), handle: WeakHandle { handle: WeakInnerHandle[rs] { .. } } }), title: "christoph@schleppi", class: "XTerm", instance: "xterm", startup_id: None, pid: Some(3117365), protocols: [DeleteWindow], hints: Some(WmHints { input: Some(true), initial_state: Some(Normal), icon_pixmap: Some(4194342), icon_window: None, icon_position: None, icon_mask: Some(4194344), window_group: None, urgent: false }), normal_hints: Some(WmSizeHints { position: None, size: Some((UserSpecified, 1272, 688)), min_size: Some((30, 27)), max_size: None, size_increment: Some((11, 23)), aspect: None, base_size: Some((19, 4)), win_gravity: Some(NORTH_WEST) }), transient_for: None, net_state: {279, 276, 275}, motif_hints: [0, 0, 0, 0, 0], window_type: [] }, poisoned: false, .. }, user_data: UserDataMap { list: AppendList(0x0) } }) [3mmods[0m[2m=[0mModifiersState { ctrl: false, alt: false, shift: false, caps_lock: false, logo: false, num_lock: false, iso_level3_shift: false, iso_level5_shift: false, serialized: SerializedMods { depressed: 0, latched: 0, locked: 0, layout_effective: 0 } }[1m}[0m[2m:[0m [2msmithay::input::keyboard[0m[2m:[0m [2m/home/christoph/.cargo/registry/src/index.crates.io-1949cf8c6b5b557f/smithay-0.7.0/src/input/keyboard/mod.rs[0m[2m:[0m[2m724:[0m close [3mtime.busy[0m[2m=[0m311ns [3mtime.idle[0m[2m=[0m42.8µs
[2m2026-09-25T18:33:55.526207Z[0m [32m INFO[0m ThreadId(01) [1minput_seat[0m[1m{[0m[3mname[0m[2m=[0m"wprs"[1m}[0m[2m:[0m[1madd_keyboard[0m[1m{[0m[3mxkb_config[0m[2m=[0mXkbConfig { rules: "", model: "", layout: "", variant: "", options: None } [3mrepeat_delay[0m[2m=[0m200 [3mrepeat_rate[0m[2m=[0m200[1m}[0m[2m:[0m[1minput_keyboard[0m[2m:[0m[1msend_keymap[0m[1m{[0m[3mfocus[0m[2m=[0mSome(X11Surface { xwm: Some(XwmId(0)), client_scale: Some(1.0), window: 4194322, conn: (Weak), atoms: Atoms { WL_SURFACE_ID: 240, WL_SURFACE_SERIAL: 241, _SMITHAY_CLOSE_CONNECTION: 242, UTF8_STRING: 243, TEXT: 244, WM_HINTS: 35, WM_PROTOCOLS: 245, WM_TAKE_FOCUS: 246, WM_DELETE_WINDOW: 247, WM_CHANGE_STATE: 248, _NET_WM_NAME: 249, _NET_WM_MOVERESIZE: 250, _NET_WM_PID: 251, _NET_WM_WINDOW_TYPE: 252, _NET_WM_WINDOW_TYPE_DROPDOWN_MENU: 253, _NET_WM_WINDOW_TYPE_DIALOG: 254, _NET_WM_WINDOW_TYPE_MENU: 255, _NET_WM_WINDOW_TYPE_NOTIFICATION: 256, _NET_WM_WINDOW_TYPE_NORMAL: 257, _NET_WM_WINDOW_TYPE_POPUP_MENU: 258, _NET_WM_WINDOW_TYPE_SPLASH: 259, _NET_WM_WINDOW_TYPE_TOOLBAR: 260, _NET_WM_WINDOW_TYPE_TOOLTIP: 261, _NET_WM_WINDOW_TYPE_UTILITY: 262, _NET_WM_STATE_MODAL: 263, _MOTIF_WM_HINTS: 264, _NET_STARTUP_ID: 265, WM_S0: 266, WM_STATE: 267, _NET_WM_CM_S0: 268, _NET_SUPPORTED: 269, _NET_ACTIVE_WINDOW: 270, _NET_CLIENT_LIST: 271, _NET_CLIENT_LIST_STACKING: 272, _NET_WM_PING: 273, _NET_WM_STATE: 274, _NET_WM_STATE_MAXIMIZED_VERT: 275, _NET_WM_STATE_MAXIMIZED_HORZ: 276, _NET_WM_STATE_HIDDEN: 277, _NET_WM_STATE_FULLSCREEN: 278, _NET_WM_STATE_FOCUSED: 279, _NET_SUPPORTING_WM_CHECK: 280, _XSETTINGS_SETTINGS: 281, _WL_SELECTION: 282, CLIPBOARD_MANAGER: 283, CLIPBOARD: 284, PRIMARY: 1, TARGETS: 285, TIMESTAMP: 286, INCR: 287, DELETE: 288, _XSETTINGS_S0: 289 }, state: Mutex { data: SharedSurfaceState { alive: true, wl_surface_id: None, wl_surface_serial: Some(1), mapped_onto: Some(2097158), geometry: Rectangle<smithay::utils::geometry::Logical> { x: 1280, y: 720, width: 1272, height: 688 }, override_redirect: false, wl_surface: Some(WlSurface { id: ObjectId(wl_surface@14[0], 17), version: 4, data: Some(Any { .. }), handle: WeakHandle { handle: WeakInnerHandle[rs] { .. } } }), title: "christoph@schleppi", class: "XTerm", instance: "xterm", startup_id: None, pid: Some(3117365), protocols: [DeleteWindow], hints: Some(WmHints { input: Some(true), initial_state: Some(Normal), icon_pixmap: Some(4194342), icon_window: None, icon_position: None, icon_mask: Some(4194344), window_group: None, urgent: false }), normal_hints: Some(WmSizeHints { position: None, size: Some((UserSpecified, 1272, 688)), min_size: Some((30, 27)), max_size: None, size_increment: Some((11, 23)), aspect: None, base_size: Some((19, 4)), win_gravity: Some(NORTH_WEST) }), transient_for: None, net_state: {279, 276, 275}, motif_hints: [0, 0, 0, 0, 0], window_type: [] }, poisoned: false, .. }, user_data: UserDataMap { list: AppendList(0x0) } }) [3mmods[0m[2m=[0mModifiersState { ctrl: false, alt: false, shift: false, caps_lock: false, logo: false, num_lock: false, iso_level3_shift: false, iso_level5_shift: false, serialized: SerializedMods { depressed: 0, latched: 0, locked: 0, layout_effective: 0 } }[1m}[0m[2m:[0m [2msmithay::input::keyboard[0m[2m:[0m [2m/home/christoph/.cargo/registry/src/index.crates.io-1949cf8c6b5b557f/smithay-0.7.0/src/input/keyboard/mod.rs[0m[2m:[0m[2m724:[0m new
[2m2026-09-25T18:33:55.526233Z[0m [32m INFO[0m ThreadId(01) [1minput_seat[0m[1m{[0m[3mname[0m[2m=[0m"wprs"[1m}[0m[2m:[0m[1madd_keyboard[0m[1m{[0m[3mxkb_config[0m[2m=[0mXkbConfig { rules: "", model: "", layout: "", variant: "", options: None } [3mrepeat_delay[0m[2m=[0m200 [3mrepeat_rate[0m[2m=[0m200[1m}[0m[2m:[0m[1minput_keyboard[0m[2m:[0m[1msend_keymap[0m[1m{[0m[3mfocus[0m[2m=[0mSome(X11Surface { xwm: Some(XwmId(0)), client_scale: Some(1.0), window: 4194322, conn: (Weak), atoms: Atoms { WL_SURFACE_ID: 240, WL_SURFACE_SERIAL: 241, _SMITHAY_CLOSE_CONNECTION: 242, UTF8_STRING: 243, TEXT: 244, WM_HINTS: 35, WM_PROTOCOLS: 245, WM_TAKE_FOCUS: 246, WM_DELETE_WINDOW: 247, WM_CHANGE_STATE: 248, _NET_WM_NAME: 249, _NET_WM_MOVERESIZE: 250, _NET_WM_PID: 251, _NET_WM_WINDOW_TYPE: 252, _NET_WM_WINDOW_TYPE_DROPDOWN_MENU: 253, _NET_WM_WINDOW_TYPE_DIALOG: 254, _NET_WM_WINDOW_TYPE_MENU: 255, _NET_WM_WINDOW_TYPE_NOTIFICATION: 256, _NET_WM_WINDOW_TYPE_NORMAL: 257, _NET_WM_WINDOW_TYPE_POPUP_MENU: 258, _NET_WM_WINDOW_TYPE_SPLASH: 259, _NET_WM_WINDOW_TYPE_TOOLBAR: 260, _NET_WM_WINDOW_TYPE_TOOLTIP: 261, _NET_WM_WINDOW_TYPE_UTILITY: 262, _NET_WM_STATE_MODAL: 263, _MOTIF_WM_HINTS: 264, _NET_STARTUP_ID: 265, WM_S0: 266, WM_STATE: 267, _NET_WM_CM_S0: 268, _NET_SUPPORTED: 269, _NET_ACTIVE_WINDOW: 270, _NET_CLIENT_LIST: 271, _NET_CLIENT_LIST_STACKING: 272, _NET_WM_PING: 273, _NET_WM_STATE: 274, _NET_WM_STATE_MAXIMIZED_VERT: 275, _NET_WM_STATE_MAXIMIZED_HORZ: 276, _NET_WM_STATE_HIDDEN: 277, _NET_WM_STATE_FULLSCREEN: 278, _NET_WM_STATE_FOCUSED: 279, _NET_SUPPORTING_WM_CHECK: 280, _XSETTINGS_SETTINGS: 281, _WL_SELECTION: 282, CLIPBOARD_MANAGER: 283, CLIPBOARD: 284, PRIMARY: 1, TARGETS: 285, TIMESTAMP: 286, INCR: 287, DELETE: 288, _XSETTINGS_S0: 289 }, state: Mutex { data: SharedSurfaceState { alive: true, wl_surface_id: None, wl_surface_serial: Some(1), mapped_onto: Some(2097158), geometry: Rectangle<smithay::utils::geometry::Logical> { x: 1280, y: 720, width: 1272, height: 688 }, override_redirect: false, wl_surface: Some(WlSurface { id: ObjectId(wl_surface@14[0], 17), version: 4, data: Some(Any { .. }), handle: WeakHandle { handle: WeakInnerHandle[rs] { .. } } }), title: "christoph@schleppi", class: "XTerm", instance: "xterm", startup_id: None, pid: Some(3117365), protocols: [DeleteWindow], hints: Some(WmHints { input: Some(true), initial_state: Some(Normal), icon_pixmap: Some(4194342), icon_window: None, icon_position: None, icon_mask: Some(4194344), window_group: None, urgent: false }), normal_hints: Some(WmSizeHints { position: None, size: Some((UserSpecified, 1272, 688)), min_size: Some((30, 27)), max_size: None, size_increment: Some((11, 23)), aspect: None, base_size: Some((19, 4)), win_gravity: Some(NORTH_WEST) }), transient_for: None, net_state: {279, 276, 275}, motif_hints: [0, 0, 0, 0, 0], window_type: [] }, poisoned: false, .. }, user_data: UserDataMap { list: AppendList(0x0) } }) [3mmods[0m[2m=[0mModifiersState { ctrl: false, alt: false, shift: false, caps_lock: false, logo: false, num_lock: false, iso_level3_shift: false, iso_level5_shift: false, serialized: SerializedMods { depressed: 0, latched: 0, locked: 0, layout_effective: 0 } }[1m}[0m[2m:[0m [2msmithay::input::keyboard[0m[2m:[0m [2m/home/christoph/.cargo/registry/src/index.crates.io-1949cf8c6b5b557f/smithay-0.7.0/src/input/keyboard/mod.rs[0m[2m:[0m[2m724:[0m close [3mtime.busy[0m[2m=[0m461ns [3mtime.idle[0m[2m=[0m24.8µs
[2m2026-09-25T18:33:55.526336Z[0m [32m INFO[0m ThreadId(01) [1minput_seat[0m[1m{[0m[3mname[0m[2m=[0m"wprs"[1m}[0m[2m:[0m[1madd_keyboard[0m[1m{[0m[3mxkb_config[0m[2m=[0mXkbConfig { rules: "", model: "", layout: "", variant: "", options: None } [3mrepeat_delay[0m[2m=[0m200 [3mrepeat_rate[0m[2m=[0m200[1m}[0m[2m:[0m[1minput_keyboard[0m[2m:[0m[1msend_keymap[0m[1m{[0m[3mfocus[0m[2m=[0mSome(X11Surface { xwm: Some(XwmId(0)), client_scale: Some(1.0), window: 4194322, conn: (Weak), atoms: Atoms { WL_SURFACE_ID: 240, WL_SURFACE_SERIAL: 241, _SMITHAY_CLOSE_CONNECTION: 242, UTF8_STRING: 243, TEXT: 244, WM_HINTS: 35, WM_PROTOCOLS: 245, WM_TAKE_FOCUS: 246, WM_DELETE_WINDOW: 247, WM_CHANGE_STATE: 248, _NET_WM_NAME: 249, _NET_WM_MOVERESIZE: 250, _NET_WM_PID: 251, _NET_WM_WINDOW_TYPE: 252, _NET_WM_WINDOW_TYPE_DROPDOWN_MENU: 253, _NET_WM_WINDOW_TYPE_DIALOG: 254, _NET_WM_WINDOW_TYPE_MENU: 255, _NET_WM_WINDOW_TYPE_NOTIFICATION: 256, _NET_WM_WINDOW_TYPE_NORMAL: 257, _NET_WM_WINDOW_TYPE_POPUP_MENU: 258, _NET_WM_WINDOW_TYPE_SPLASH: 259, _NET_WM_WINDOW_TYPE_TOOLBAR: 260, _NET_WM_WINDOW_TYPE_TOOLTIP: 261, _NET_WM_WINDOW_TYPE_UTILITY: 262, _NET_WM_STATE_MODAL: 263, _MOTIF_WM_HINTS: 264, _NET_STARTUP_ID: 265, WM_S0: 266, WM_STATE: 267, _NET_WM_CM_S0: 268, _NET_SUPPORTED: 269, _NET_ACTIVE_WINDOW: 270, _NET_CLIENT_LIST: 271, _NET_CLIENT_LIST_STACKING: 272, _NET_WM_PING: 273, _NET_WM_STATE: 274, _NET_WM_STATE_MAXIMIZED_VERT: 275, _NET_WM_STATE_MAXIMIZED_HORZ: 276, _NET_WM_STATE_HIDDEN: 277, _NET_WM_STATE_FULLSCREEN: 278, _NET_WM_STATE_FOCUSED: 279, _NET_SUPPORTING_WM_CHECK: 280, _XSETTINGS_SETTINGS: 281, _WL_SELECTION: 282, CLIPBOARD_MANAGER: 283, CLIPBOARD: 284, PRIMARY: 1, TARGETS: 285, TIMESTAMP: 286, INCR: 287, DELETE: 288, _XSETTINGS_S0: 289 }, state: Mutex { data: SharedSurfaceState { alive: true, wl_surface_id: None, wl_surface_serial: Some(1), mapped_onto: Some(2097158), geometry: Rectangle<smithay::utils::geometry::Logical> { x: 1280, y: 720, width: 1272, height: 688 }, override_redirect: false, wl_surface: Some(WlSurface { id: ObjectId(wl_surface@14[0], 17), version: 4, data: Some(Any { .. }), handle: WeakHandle { handle: WeakInnerHandle[rs] { .. } } }), title: "christoph@schleppi", class: "XTerm", instance: "xterm", startup_id: None, pid: Some(3117365), protocols: [DeleteWindow], hints: Some(WmHints { input: Some(true), initial_state: Some(Normal), icon_pixmap: Some(4194342), icon_window: None, icon_position: None, icon_mask: Some(4194344), window_group: None, urgent: false }), normal_hints: Some(WmSizeHints { position: None, size: Some((UserSpecified, 1272, 688)), min_size: Some((30, 27)), max_size: None, size_increment: Some((11, 23)), aspect: None, base_size: Some((19, 4)), win_gravity: Some(NORTH_WEST) }), transient_for: None, net_state: {279, 276, 275}, motif_hints: [0, 0, 0, 0, 0], window_type: [] }, poisoned: false, .. }, user_data: UserDataMap { list: AppendList(0x0) } }) [3mmods[0m[2m=[0mModifiersState { ctrl: false, alt: false, shift: false, caps_lock: false, logo: false, num_lock: false, iso_level3_shift: false, iso_level5_shift: false, serialized: SerializedMods { depressed: 0, latched: 0, locked: 0, layout_effective: 0 } }[1m}[0m[2m:[0m [2msmithay::input::keyboard[0m[2m:[0m [2m/home/christoph/.cargo/registry/src/index.crates.io-1949cf8c6b5b557f/smithay-0.7.0/src/input/keyboard/mod.rs[0m[2m:[0m[2m724:[0m new
[2m2026-09-25T18:33:55.526360Z[0m [32m INFO[0m ThreadId(01) [1minput_seat[0m[1m{[0m[3mname[0m[2m=[0m"wprs"[1m}[0m[2m:[0m[1madd_keyboard[0m[1m{[0m[3mxkb_config[0m[2m=[0mXkbConfig { rules: "", model: "", layout: "", variant: "", options: None } [3mrepeat_delay[0m[2m=[0m200 [3mrepeat_rate[0m[2m=[0m200[1m}[0m[2m:[0m[1minput_keyboard[0m[2m:[0m[1msend_keymap[0m[1m{[0m[3mfocus[0m[2m=[0mSome(X11Surface { xwm: Some(XwmId(0)), client_scale: Some(1.0), window: 4194322, conn: (Weak), atoms: Atoms { WL_SURFACE_ID: 240, WL_SURFACE_SERIAL: 241, _SMITHAY_CLOSE_CONNECTION: 242, UTF8_STRING: 243, TEXT: 244, WM_HINTS: 35, WM_PROTOCOLS: 245, WM_TAKE_FOCUS: 246, WM_DELETE_WINDOW: 247, WM_CHANGE_STATE: 248, _NET_WM_NAME: 249, _NET_WM_MOVERESIZE: 250, _NET_WM_PID: 251, _NET_WM_WINDOW_TYPE: 252, _NET_WM_WINDOW_TYPE_DROPDOWN_MENU: 253, _NET_WM_WINDOW_TYPE_DIALOG: 254, _NET_WM_WINDOW_TYPE_MENU: 255, _NET_WM_WINDOW_TYPE_NOTIFICATION: 256, _NET_WM_WINDOW_TYPE_NORMAL: 257, _NET_WM_WINDOW_TYPE_POPUP_MENU: 258, _NET_WM_WINDOW_TYPE_SPLASH: 259, _NET_WM_WINDOW_TYPE_TOOLBAR: 260, _NET_WM_WINDOW_TYPE_TOOLTIP: 261, _NET_WM_WINDOW_TYPE_UTILITY: 262, _NET_WM_STATE_MODAL: 263, _MOTIF_WM_HINTS: 264, _NET_STARTUP_ID: 265, WM_S0: 266, WM_STATE: 267, _NET_WM_CM_S0: 268, _NET_SUPPORTED: 269, _NET_ACTIVE_WINDOW: 270, _NET_CLIENT_LIST: 271, _NET_CLIENT_LIST_STACKING: 272, _NET_WM_PING: 273, _NET_WM_STATE: 274, _NET_WM_STATE_MAXIMIZED_VERT: 275, _NET_WM_STATE_MAXIMIZED_HORZ: 276, _NET_WM_STATE_HIDDEN: 277, _NET_WM_STATE_FULLSCREEN: 278, _NET_WM_STATE_FOCUSED: 279, _NET_SUPPORTING_WM_CHECK: 280, _XSETTINGS_SETTINGS: 281, _WL_SELECTION: 282, CLIPBOARD_MANAGER: 283, CLIPBOARD: 284, PRIMARY: 1, TARGETS: 285, TIMESTAMP: 286, INCR: 287, DELETE: 288, _XSETTINGS_S0: 289 }, state: Mutex { data: SharedSurfaceState { alive: true, wl_surface_id: None, wl_surface_serial: Some(1), mapped_onto: Some(2097158), geometry: Rectangle<smithay::utils::geometry::Logical> { x: 1280, y: 720, width: 1272, height: 688 }, override_redirect: false, wl_surface: Some(WlSurface { id: ObjectId(wl_surface@14[0], 17), version: 4, data: Some(Any { .. }), handle: WeakHandle { handle: WeakInnerHandle[rs] { .. } } }), title: "christoph@schleppi", class: "XTerm", instance: "xterm", startup_id: None, pid: Some(3117365), protocols: [DeleteWindow], hints: Some(WmHints { input: Some(true), initial_state: Some(Normal), icon_pixmap: Some(4194342), icon_window: None, icon_position: None, icon_mask: Some(4194344), window_group: None, urgent: false }), normal_hints: Some(WmSizeHints { position: None, size: Some((UserSpecified, 1272, 688)), min_size: Some((30, 27)), max_size: None, size_increment: Some((11, 23)), aspect: None, base_size: Some((19, 4)), win_gravity: Some(NORTH_WEST) }), transient_for: None, net_state: {279, 276, 275}, motif_hints: [0, 0, 0, 0, 0], window_type: [] }, poisoned: false, .. }, user_data: UserDataMap { list: AppendList(0x0) } }) [3mmods[0m[2m=[0mModifiersState { ctrl: false, alt: false, shift: false, caps_lock: false, logo: false, num_lock: false, iso_level3_shift: false, iso_level5_shift: false, serialized: SerializedMods { depressed: 0, latched: 0, locked: 0, layout_effective: 0 } }[1m}[0m[2m:[0m [2msmithay::input::keyboard[0m[2m:[0m [2m/home/christoph/.cargo/registry/src/index.crates.io-1949cf8c6b5b557f/smithay-0.7.0/src/input/keyboard/mod.rs[0m[2m:[0m[2m724:[0m close [3mtime.busy[0m[2m=[0m321ns [3mtime.idle[0m[2m=[0m24.2µs
[2m2026-09-25T18:33:55.526432Z[0m [32m INFO[0m ThreadId(01) [1minput_seat[0m[1m{[0m[3mname[0m[2m=[0m"wprs"[1m}[0m[2m:[0m[1madd_keyboard[0m[1m{[0m[3mxkb_config[0m[2m=[0mXkbConfig { rules: "", model: "", layout: "", variant: "", options: None } [3mrepeat_delay[0m[2m=[0m200 [3mrepeat_rate[0m[2m=[0m200[1m}[0m[2m:[0m[1minput_keyboard[0m[2m:[0m[1msend_keymap[0m[1m{[0m[3mfocus[0m[2m=[0mSome(X11Surface { xwm: Some(XwmId(0)), client_scale: Some(1.0), window: 4194322, conn: (Weak), atoms: Atoms { WL_SURFACE_ID: 240, WL_SURFACE_SERIAL: 241, _SMITHAY_CLOSE_CONNECTION: 242, UTF8_STRING: 243, TEXT: 244, WM_HINTS: 35, WM_PROTOCOLS: 245, WM_TAKE_FOCUS: 246, WM_DELETE_WINDOW: 247, WM_CHANGE_STATE: 248, _NET_WM_NAME: 249, _NET_WM_MOVERESIZE: 250, _NET_WM_PID: 251, _NET_WM_WINDOW_TYPE: 252, _NET_WM_WINDOW_TYPE_DROPDOWN_MENU: 253, _NET_WM_WINDOW_TYPE_DIALOG: 254, _NET_WM_WINDOW_TYPE_MENU: 255, _NET_WM_WINDOW_TYPE_NOTIFICATION: 256, _NET_WM_WINDOW_TYPE_NORMAL: 257, _NET_WM_WINDOW_TYPE_POPUP_MENU: 258, _NET_WM_WINDOW_TYPE_SPLASH: 259, _NET_WM_WINDOW_TYPE_TOOLBAR: 260, _NET_WM_WINDOW_TYPE_TOOLTIP: 261, _NET_WM_WINDOW_TYPE_UTILITY: 262, _NET_WM_STATE_MODAL: 263, _MOTIF_WM_HINTS: 264, _NET_STARTUP_ID: 265, WM_S0: 266, WM_STATE: 267, _NET_WM_CM_S0: 268, _NET_SUPPORTED: 269, _NET_ACTIVE_WINDOW: 270, _NET_CLIENT_LIST: 271, _NET_CLIENT_LIST_STACKING: 272, _NET_WM_PING: 273, _NET_WM_STATE: 274, _NET_WM_STATE_MAXIMIZED_VERT: 275, _NET_WM_STATE_MAXIMIZED_HORZ: 276, _NET_WM_STATE_HIDDEN: 277, _NET_WM_STATE_FULLSCREEN: 278, _NET_WM_STATE_FOCUSED: 279, _NET_SUPPORTING_WM_CHECK: 280, _XSETTINGS_SETTINGS: 281, _WL_SELECTION: 282, CLIPBOARD_MANAGER: 283, CLIPBOARD: 284, PRIMARY: 1, TARGETS: 285, TIMESTAMP: 286, INCR: 287, DELETE: 288, _XSETTINGS_S0: 289 }, state: Mutex { data: SharedSurfaceState { alive: true, wl_surface_id: None, wl_surface_serial: Some(1), mapped_onto: Some(2097158), geometry: Rectangle<smithay::utils::geometry::Logical> { x: 1280, y: 720, width: 1272, height: 688 }, override_redirect: false, wl_surface: Some(WlSurface { id: ObjectId(wl_surface@14[0], 17), version: 4, data: Some(Any { .. }), handle: WeakHandle { handle: WeakInnerHandle[rs] { .. } } }), title: "christoph@schleppi", class: "XTerm", instance: "xterm", startup_id: None, pid: Some(3117365), protocols: [DeleteWindow], hints: Some(WmHints { input: Some(true), initial_state: Some(Normal), icon_pixmap: Some(4194342), icon_window: None, icon_position: None, icon_mask: Some(4194344), window_group: None, urgent: false }), normal_hints: Some(WmSizeHints { position: None, size: Some((UserSpecified, 1272, 688)), min_size: Some((30, 27)), max_size: None, size_increment: Some((11, 23)), aspect: None, base_size: Some((19, 4)), win_gravity: Some(NORTH_WEST) }), transient_for: None, net_state: {279, 276, 275}, motif_hints: [0, 0, 0, 0, 0], window_type: [] }, poisoned: false, .. }, user_data: UserDataMap { list: AppendList(0x0) } }) [3mmods[0m[2m=[0mModifiersState { ctrl: false, alt: false, shift: false, caps_lock: false, logo: false, num_lock: false, iso_level3_shift: false, iso_level5_shift: false, serialized: SerializedMods { depressed: 0, latched: 0, locked: 0, layout_effective: 0 } }[1m}[0m[2m:[0m [2msmithay::input::keyboard[0m[2m:[0m [2m/home/christoph/.cargo/registry/src/index.crates.io-1949cf8c6b5b557f/smithay-0.7.0/src/input/keyboard/mod.rs[0m[2m:[0m[2m724:[0m new
[2m2026-09-25T18:33:55.526448Z[0m [32m INFO[0m ThreadId(01) [1minput_seat[0m[1m{[0m[3mname[0m[2m=[0m"wprs"[1m}[0m[2m:[0m[1madd_keyboard[0m[1m{[0m[3mxkb_config[0m[2m=[0mXkbConfig { rules: "", model: "", layout: "", variant: "", options: None } [3mrepeat_delay[0m[2m=[0m200 [3mrepeat_rate[0m[2m=[0m200[1m}[0m[2m:[0m[1minput_keyboard[0m[2m:[0m[1msend_keymap[0m[1m{[0m[3mfocus[0m[2m=[0mSome(X11Surface { xwm: Some(XwmId(0)), client_scale: Some(1.0), window: 4194322, conn: (Weak), atoms: Atoms { WL_SURFACE_ID: 240, WL_SURFACE_SERIAL: 241, _SMITHAY_CLOSE_CONNECTION: 242, UTF8_STRING: 243, TEXT: 244, WM_HINTS: 35, WM_PROTOCOLS: 245, WM_TAKE_FOCUS: 246, WM_DELETE_WINDOW: 247, WM_CHANGE_STATE: 248, _NET_WM_NAME: 249, _NET_WM_MOVERESIZE: 250, _NET_WM_PID: 251, _NET_WM_WINDOW_TYPE: 252, _NET_WM_WINDOW_TYPE_DROPDOWN_MENU: 253, _NET_WM_WINDOW_TYPE_DIALOG: 254, _NET_WM_WINDOW_TYPE_MENU: 255, _NET_WM_WINDOW_TYPE_NOTIFICATION: 256, _NET_WM_WINDOW_TYPE_NORMAL: 257, _NET_WM_WINDOW_TYPE_POPUP_MENU: 258, _NET_WM_WINDOW_TYPE_SPLASH: 259, _NET_WM_WINDOW_TYPE_TOOLBAR: 260, _NET_WM_WINDOW_TYPE_TOOLTIP: 261, _NET_WM_WINDOW_TYPE_UTILITY: 262, _NET_WM_STATE_MODAL: 263, _MOTIF_WM_HINTS: 264, _NET_STARTUP_ID: 265, WM_S0: 266, WM_STATE: 267, _NET_WM_CM_S0: 268, _NET_SUPPORTED: 269, _NET_ACTIVE_WINDOW: 270, _NET_CLIENT_LIST: 271, _NET_CLIENT_LIST_STACKING: 272, _NET_WM_PING: 273, _NET_WM_STATE: 274, _NET_WM_STATE_MAXIMIZED_VERT: 275, _NET_WM_STATE_MAXIMIZED_HORZ: 276, _NET_WM_STATE_HIDDEN: 277, _NET_WM_STATE_FULLSCREEN: 278, _NET_WM_STATE_FOCUSED: 279, _NET_SUPPORTING_WM_CHECK: 280, _XSETTINGS_SETTINGS: 281, _WL_SELECTION: 282, CLIPBOARD_MANAGER: 283, CLIPBOARD: 284, PRIMARY: 1, TARGETS: 285, TIMESTAMP: 286, INCR: 287, DELETE: 288, _XSETTINGS_S0: 289 }, state: Mutex { data: SharedSurfaceState { alive: true, wl_surface_id: None, wl_surface_serial: Some(1), mapped_onto: Some(2097158), geometry: Rectangle<smithay::utils::geometry::Logical> { x: 1280, y: 720, width: 1272, height: 688 }, override_redirect: false, wl_surface: Some(WlSurface { id: ObjectId(wl_surface@14[0], 17), version: 4, data: Some(Any { .. }), handle: WeakHandle { handle: WeakInnerHandle[rs] { .. } } }), title: "christoph@schleppi", class: "XTerm", instance: "xterm", startup_id: None, pid: Some(3117365), protocols: [DeleteWindow], hints: Some(WmHints { input: Some(true), initial_state: Some(Normal), icon_pixmap: Some(4194342), icon_window: None, icon_position: None, icon_mask: Some(4194344), window_group: None, urgent: false }), normal_hints: Some(WmSizeHints { position: None, size: Some((UserSpecified, 1272, 688)), min_size: Some((30, 27)), max_size: None, size_increment: Some((11, 23)), aspect: None, base_size: Some((19, 4)), win_gravity: Some(NORTH_WEST) }), transient_for: None, net_state: {279, 276, 275}, motif_hints: [0, 0, 0, 0, 0], window_type: [] }, poisoned: false, .. }, user_data: UserDataMap { list: AppendList(0x0) } }) [3mmods[0m[2m=[0mModifiersState { ctrl: false, alt: false, shift: false, caps_lock: false, logo: false, num_lock: false, iso_level3_shift: false, iso_level5_shift: false, serialized: SerializedMods { depressed: 0, latched: 0, locked: 0, layout_effective: 0 } }[1m}[0m[2m:[0m [2msmithay::input::keyboard[0m[2m:[0m [2m/home/christoph/.cargo/registry/src/index.crates.io-1949cf8c6b5b557f/smithay-0.7.0/src/input/keyboard/mod.rs[0m[2m:[0m[2m724:[0m close [3mtime.busy[0m[2m=[0m220ns [3mtime.idle[0m[2m=[0m15.3µs
[2m2026-09-25T18:33:55.526517Z[0m [32m INFO[0m ThreadId(01) [1minput_seat[0m[1m{[0m[3mname[0m[2m=[0m"wprs"[1m}[0m[2m:[0m[1madd_keyboard[0m[1m{[0m[3mxkb_config[0m[2m=[0mXkbConfig { rules: "", model: "", layout: "", variant: "", options: None } [3mrepeat_delay[0m[2m=[0m200 [3mrepeat_rate[0m[2m=[0m200[1m}[0m[2m:[0m[1minput_keyboard[0m[2m:[0m[1msend_keymap[0m[1m{[0m[3mfocus[0m[2m=[0mSome(X11Surface { xwm: Some(XwmId(0)), client_scale: Some(1.0), window: 4194322, conn: (Weak), atoms: Atoms { WL_SURFACE_ID: 240, WL_SURFACE_SERIAL: 241, _SMITHAY_CLOSE_CONNECTION: 242, UTF8_STRING: 243, TEXT: 244, WM_HINTS: 35, WM_PROTOCOLS: 245, WM_TAKE_FOCUS: 246, WM_DELETE_WINDOW: 247, WM_CHANGE_STATE: 248, _NET_WM_NAME: 249, _NET_WM_MOVERESIZE: 250, _NET_WM_PID: 251, _NET_WM_WINDOW_TYPE: 252, _NET_WM_WINDOW_TYPE_DROPDOWN_MENU: 253, _NET_WM_WINDOW_TYPE_DIALOG: 254, _NET_WM_WINDOW_TYPE_MENU: 255, _NET_WM_WINDOW_TYPE_NOTIFICATION: 256, _NET_WM_WINDOW_TYPE_NORMAL: 257, _NET_WM_WINDOW_TYPE_POPUP_MENU: 258, _NET_WM_WINDOW_TYPE_SPLASH: 259, _NET_WM_WINDOW_TYPE_TOOLBAR: 260, _NET_WM_WINDOW_TYPE_TOOLTIP: 261, _NET_WM_WINDOW_TYPE_UTILITY: 262, _NET_WM_STATE_MODAL: 263, _MOTIF_WM_HINTS: 264, _NET_STARTUP_ID: 265, WM_S0: 266, WM_STATE: 267, _NET_WM_CM_S0: 268, _NET_SUPPORTED: 269, _NET_ACTIVE_WINDOW: 270, _NET_CLIENT_LIST: 271, _NET_CLIENT_LIST_STACKING: 272, _NET_WM_PING: 273, _NET_WM_STATE: 274, _NET_WM_STATE_MAXIMIZED_VERT: 275, _NET_WM_STATE_MAXIMIZED_HORZ: 276, _NET_WM_STATE_HIDDEN: 277, _NET_WM_STATE_FULLSCREEN: 278, _NET_WM_STATE_FOCUSED: 279, _NET_SUPPORTING_WM_CHECK: 280, _XSETTINGS_SETTINGS: 281, _WL_SELECTION: 282, CLIPBOARD_MANAGER: 283, CLIPBOARD: 284, PRIMARY: 1, TARGETS: 285, TIMESTAMP: 286, INCR: 287, DELETE: 288, _XSETTINGS_S0: 289 }, state: Mutex { data: SharedSurfaceState { alive: true, wl_surface_id: None, wl_surface_serial: Some(1), mapped_onto: Some(2097158), geometry: Rectangle<smithay::utils::geometry::Logical> { x: 1280, y: 720, width: 1272, height: 688 }, override_redirect: false, wl_surface: Some(WlSurface { id: ObjectId(wl_surface@14[0], 17), version: 4, data: Some(Any { .. }), handle: WeakHandle { handle: WeakInnerHandle[rs] { .. } } }), title: "christoph@schleppi", class: "XTerm", instance: "xterm", startup_id: None, pid: Some(3117365), protocols: [DeleteWindow], hints: Some(WmHints { input: Some(true), initial_state: Some(Normal), icon_pixmap: Some(4194342), icon_window: None, icon_position: None, icon_mask: Some(4194344), window_group: None, urgent: false }), normal_hints: Some(WmSizeHints { position: None, size: Some((UserSpecified, 1272, 688)), min_size: Some((30, 27)), max_size: None, size_increment: Some((11, 23)), aspect: None, base_size: Some((19, 4)), win_gravity: Some(NORTH_WEST) }), transient_for: None, net_state: {279, 276, 275}, motif_hints: [0, 0, 0, 0, 0], window_type: [] }, poisoned: false, .. }, user_data: UserDataMap { list: AppendList(0x0) } }) [3mmods[0m[2m=[0mModifiersState { ctrl: false, alt: false, shift: false, caps_lock: false, logo: false, num_lock: false, iso_level3_shift: false, iso_level5_shift: false, serialized: SerializedMods { depressed: 0, latched: 0, locked: 0, layout_effective: 0 } }[1m}[0m[2m:[0m [2msmithay::input::keyboard[0m[2m:[0m [2m/home/christoph/.cargo/registry/src/index.crates.io-1949cf8c6b5b557f/smithay-0.7.0/src/input/keyboard/mod.rs[0m[2m:[0m[2m724:[0m new
[2m2026-09-25T18:33:55.526538Z[0m [32m INFO[0m ThreadId(01) [1minput_seat[0m[1m{[0m[3mname[0m[2m=[0m"wprs"[1m}[0m[2m:[0m[1madd_keyboard[0m[1m{[0m[3mxkb_config[0m[2m=[0mXkbConfig { rules: "", model: "", layout: "", variant: "", options: None } [3mrepeat_delay[0m[2m=[0m200 [3mrepeat_rate[0m[2m=[0m200[1m}[0m[2m:[0m[1minput_keyboard[0m[2m:[0m[1msend_keymap[0m[1m{[0m[3mfocus[0m[2m=[0mSome(X11Surface { xwm: Some(XwmId(0)), client_scale: Some(1.0), window: 4194322, conn: (Weak), atoms: Atoms { WL_SURFACE_ID: 240, WL_SURFACE_SERIAL: 241, _SMITHAY_CLOSE_CONNECTION: 242, UTF8_STRING: 243, TEXT: 244, WM_HINTS: 35, WM_PROTOCOLS: 245, WM_TAKE_FOCUS: 246, WM_DELETE_WINDOW: 247, WM_CHANGE_STATE: 248, _NET_WM_NAME: 249, _NET_WM_MOVERESIZE: 250, _NET_WM_PID: 251, _NET_WM_WINDOW_TYPE: 252, _NET_WM_WINDOW_TYPE_DROPDOWN_MENU: 253, _NET_WM_WINDOW_TYPE_DIALOG: 254, _NET_WM_WINDOW_TYPE_MENU: 255, _NET_WM_WINDOW_TYPE_NOTIFICATION: 256, _NET_WM_WINDOW_TYPE_NORMAL: 257, _NET_WM_WINDOW_TYPE_POPUP_MENU: 258, _NET_WM_WINDOW_TYPE_SPLASH: 259, _NET_WM_WINDOW_TYPE_TOOLBAR: 260, _NET_WM_WINDOW_TYPE_TOOLTIP: 261, _NET_WM_WINDOW_TYPE_UTILITY: 262, _NET_WM_STATE_MODAL: 263, _MOTIF_WM_HINTS: 264, _NET_STARTUP_ID: 265, WM_S0: 266, WM_STATE: 267, _NET_WM_CM_S0: 268, _NET_SUPPORTED: 269, _NET_ACTIVE_WINDOW: 270, _NET_CLIENT_LIST: 271, _NET_CLIENT_LIST_STACKING: 272, _NET_WM_PING: 273, _NET_WM_STATE: 274, _NET_WM_STATE_MAXIMIZED_VERT: 275, _NET_WM_STATE_MAXIMIZED_HORZ: 276, _NET_WM_STATE_HIDDEN: 277, _NET_WM_STATE_FULLSCREEN: 278, _NET_WM_STATE_FOCUSED: 279, _NET_SUPPORTING_WM_CHECK: 280, _XSETTINGS_SETTINGS: 281, _WL_SELECTION: 282, CLIPBOARD_MANAGER: 283, CLIPBOARD: 284, PRIMARY: 1, TARGETS: 285, TIMESTAMP: 286, INCR: 287, DELETE: 288, _XSETTINGS_S0: 289 }, state: Mutex { data: SharedSurfaceState { alive: true, wl_surface_id: None, wl_surface_serial: Some(1), mapped_onto: Some(2097158), geometry: Rectangle<smithay::utils::geometry::Logical> { x: 1280, y: 720, width: 1272, height: 688 }, override_redirect: false, wl_surface: Some(WlSurface { id: ObjectId(wl_surface@14[0], 17), version: 4, data: Some(Any { .. }), handle: WeakHandle { handle: WeakInnerHandle[rs] { .. } } }), title: "christoph@schleppi", class: "XTerm", instance: "xterm", startup_id: None, pid: Some(3117365), protocols: [DeleteWindow], hints: Some(WmHints { input: Some(true), initial_state: Some(Normal), icon_pixmap: Some(4194342), icon_window: None, icon_position: None, icon_mask: Some(4194344), window_group: None, urgent: false }), normal_hints: Some(WmSizeHints { position: None, size: Some((UserSpecified, 1272, 688)), min_size: Some((30, 27)), max_size: None, size_increment: Some((11, 23)), aspect: None, base_size: Some((19, 4)), win_gravity: Some(NORTH_WEST) }), transient_for: None, net_state: {279, 276, 275}, motif_hints: [0, 0, 0, 0, 0], window_type: [] }, poisoned: false, .. }, user_data: UserDataMap { list: AppendList(0x0) } }) [3mmods[0m[2m=[0mModifiersState { ctrl: false, alt: false, shift: false, caps_lock: false, logo: false, num_lock: false, iso_level3_shift: false, iso_level5_shift: false, serialized: SerializedMods { depressed: 0, latched: 0, locked: 0, layout_effective: 0 } }[1m}[0m[2m:[0m [2msmithay::input::keyboard[0m[2m:[0m [2m/home/christoph/.cargo/registry/src/index.crates.io-1949cf8c6b5b557f/smithay-0.7.0/src/input/keyboard/mod.rs[0m[2m:[0m[2m724:[0m close [3mtime.busy[0m[2m=[0m170ns [3mtime.idle[0m[2m=[0m20.7µs
[2m2026-09-25T18:33:55.526608Z[0m [32m INFO[0m ThreadId(01) [1minput_seat[0m[1m{[0m[3mname[0m[2m=[0m"wprs"[1m}[0m[2m:[0m[1madd_keyboard[0m[1m{[0m[3mxkb_config[0m[2m=[0mXkbConfig { rules: "", model: "", layout: "", variant: "", options: None } [3mrepeat_delay[0m[2m=[0m200 [3mrepeat_rate[0m[2m=[0m200[1m}[0m[2m:[0m[1minput_keyboard[0m[2m:[0m[1msend_keymap[0m[1m{[0m[3mfocus[0m[2m=[0mSome(X11Surface { xwm: Some(XwmId(0)), client_scale: Some(1.0), window: 4194322, conn: (Weak), atoms: Atoms { WL_SURFACE_ID: 240, WL_SURFACE_SERIAL: 241, _SMITHAY_CLOSE_CONNECTION: 242, UTF8_STRING: 243, TEXT: 244, WM_HINTS: 35, WM_PROTOCOLS: 245, WM_TAKE_FOCUS: 246, WM_DELETE_WINDOW: 247, WM_CHANGE_STATE: 248, _NET_WM_NAME: 249, _NET_WM_MOVERESIZE: 250, _NET_WM_PID: 251, _NET_WM_WINDOW_TYPE: 252, _NET_WM_WINDOW_TYPE_DROPDOWN_MENU: 253, _NET_WM_WINDOW_TYPE_DIALOG: 254, _NET_WM_WINDOW_TYPE_MENU: 255, _NET_WM_WINDOW_TYPE_NOTIFICATION: 256, _NET_WM_WINDOW_TYPE_NORMAL: 257, _NET_WM_WINDOW_TYPE_POPUP_MENU: 258, _NET_WM_WINDOW_TYPE_SPLASH: 259, _NET_WM_WINDOW_TYPE_TOOLBAR: 260, _NET_WM_WINDOW_TYPE_TOOLTIP: 261, _NET_WM_WINDOW_TYPE_UTILITY: 262, _NET_WM_STATE_MODAL: 263, _MOTIF_WM_HINTS: 264, _NET_STARTUP_ID: 265, WM_S0: 266, WM_STATE: 267, _NET_WM_CM_S0: 268, _NET_SUPPORTED: 269, _NET_ACTIVE_WINDOW: 270, _NET_CLIENT_LIST: 271, _NET_CLIENT_LIST_STACKING: 272, _NET_WM_PING: 273, _NET_WM_STATE: 274, _NET_WM_STATE_MAXIMIZED_VERT: 275, _NET_WM_STATE_MAXIMIZED_HORZ: 276, _NET_WM_STATE_HIDDEN: 277, _NET_WM_STATE_FULLSCREEN: 278, _NET_WM_STATE_FOCUSED: 279, _NET_SUPPORTING_WM_CHECK: 280, _XSETTINGS_SETTINGS: 281, _WL_SELECTION: 282, CLIPBOARD_MANAGER: 283, CLIPBOARD: 284, PRIMARY: 1, TARGETS: 285, TIMESTAMP: 286, INCR: 287, DELETE: 288, _XSETTINGS_S0: 289 }, state: Mutex { data: SharedSurfaceState { alive: true, wl_surface_id: None, wl_surface_serial: Some(1), mapped_onto: Some(2097158), geometry: Rectangle<smithay::utils::geometry::Logical> { x: 1280, y: 720, width: 1272, height: 688 }, override_redirect: false, wl_surface: Some(WlSurface { id: ObjectId(wl_surface@14[0], 17), version: 4, data: Some(Any { .. }), handle: WeakHandle { handle: WeakInnerHandle[rs] { .. } } }), title: "christoph@schleppi", class: "XTerm", instance: "xterm", startup_id: None, pid: Some(3117365), protocols: [DeleteWindow], hints: Some(WmHints { input: Some(true), initial_state: Some(Normal), icon_pixmap: Some(4194342), icon_window: None, icon_position: None, icon_mask: Some(4194344), window_group: None, urgent: false }), normal_hints: Some(WmSizeHints { position: None, size: Some((UserSpecified, 1272, 688)), min_size: Some((30, 27)), max_size: None, size_increment: Some((11, 23)), aspect: None, base_size: Some((19, 4)), win_gravity: Some(NORTH_WEST) }), transient_for: None, net_state: {279, 276, 275}, motif_hints: [0, 0, 0, 0, 0], window_type: [] }, poisoned: false, .. }, user_data: UserDataMap { list: AppendList(0x0) } }) [3mmods[0m[2m=[0mModifiersState { ctrl: false, alt: false, shift: false, caps_lock: false, logo: false, num_lock: false, iso_level3_shift: false, iso_level5_shift: false, serialized: SerializedMods { depressed: 0, latched: 0, locked: 0, layout_effective: 0 } }[1m}[0m[2m:[0m [2msmithay::input::keyboard[0m[2m:[0m [2m/home/christoph/.cargo/registry/src/index.crates.io-1949cf8c6b5b557f/smithay-0.7.0/src/input/keyboard/mod.rs[0m[2m:[0m[2m724:[0m new
[2m2026-09-25T18:33:55.526627Z[0m [32m INFO[0m ThreadId(01) [1minput_seat[0m[1m{[0m[3mname[0m[2m=[0m"wprs"[1m}[0m[2m:[0m[1madd_keyboard[0m[1m{[0m[3mxkb_config[0m[2m=[0mXkbConfig { rules: "", model: "", layout: "", variant: "", options: None } [3mrepeat_delay[0m[2m=[0m200 [3mrepeat_rate[0m[2m=[0m200[1m}[0m[2m:[0m[1minput_keyboard[0m[2m:[0m[1msend_keymap[0m[1m{[0m[3mfocus[0m[2m=[0mSome(X11Surface { xwm: Some(XwmId(0)), client_scale: Some(1.0), window: 4194322, conn: (Weak), atoms: Atoms { WL_SURFACE_ID: 240, WL_SURFACE_SERIAL: 241, _SMITHAY_CLOSE_CONNECTION: 242, UTF8_STRING: 243, TEXT: 244, WM_HINTS: 35, WM_PROTOCOLS: 245, WM_TAKE_FOCUS: 246, WM_DELETE_WINDOW: 247, WM_CHANGE_STATE: 248, _NET_WM_NAME: 249, _NET_WM_MOVERESIZE: 250, _NET_WM_PID: 251, _NET_WM_WINDOW_TYPE: 252, _NET_WM_WINDOW_TYPE_DROPDOWN_MENU: 253, _NET_WM_WINDOW_TYPE_DIALOG: 254, _NET_WM_WINDOW_TYPE_MENU: 255, _NET_WM_WINDOW_TYPE_NOTIFICATION: 256, _NET_WM_WINDOW_TYPE_NORMAL: 257, _NET_WM_WINDOW_TYPE_POPUP_MENU: 258, _NET_WM_WINDOW_TYPE_SPLASH: 259, _NET_WM_WINDOW_TYPE_TOOLBAR: 260, _NET_WM_WINDOW_TYPE_TOOLTIP: 261, _NET_WM_WINDOW_TYPE_UTILITY: 262, _NET_WM_STATE_MODAL: 263, _MOTIF_WM_HINTS: 264, _NET_STARTUP_ID: 265, WM_S0: 266, WM_STATE: 267, _NET_WM_CM_S0: 268, _NET_SUPPORTED: 269, _NET_ACTIVE_WINDOW: 270, _NET_CLIENT_LIST: 271, _NET_CLIENT_LIST_STACKING: 272, _NET_WM_PING: 273, _NET_WM_STATE: 274, _NET_WM_STATE_MAXIMIZED_VERT: 275, _NET_WM_STATE_MAXIMIZED_HORZ: 276, _NET_WM_STATE_HIDDEN: 277, _NET_WM_STATE_FULLSCREEN: 278, _NET_WM_STATE_FOCUSED: 279, _NET_SUPPORTING_WM_CHECK: 280, _XSETTINGS_SETTINGS: 281, _WL_SELECTION: 282, CLIPBOARD_MANAGER: 283, CLIPBOARD: 284, PRIMARY: 1, TARGETS: 285, TIMESTAMP: 286, INCR: 287, DELETE: 288, _XSETTINGS_S0: 289 }, state: Mutex { data: SharedSurfaceState { alive: true, wl_surface_id: None, wl_surface_serial: Some(1), mapped_onto: Some(2097158), geometry: Rectangle<smithay::utils::geometry::Logical> { x: 1280, y: 720, width: 1272, height: 688 }, override_redirect: false, wl_surface: Some(WlSurface { id: ObjectId(wl_surface@14[0], 17), version: 4, data: Some(Any { .. }), handle: WeakHandle { handle: WeakInnerHandle[rs] { .. } } }), title: "christoph@schleppi", class: "XTerm", instance: "xterm", startup_id: None, pid: Some(3117365), protocols: [DeleteWindow], hints: Some(WmHints { input: Some(true), initial_state: Some(Normal), icon_pixmap: Some(4194342), icon_window: None, icon_position: None, icon_mask: Some(4194344), window_group: None, urgent: false }), normal_hints: Some(WmSizeHints { position: None, size: Some((UserSpecified, 1272, 688)), min_size: Some((30, 27)), max_size: None, size_increment: Some((11, 23)), aspect: None, base_size: Some((19, 4)), win_gravity: Some(NORTH_WEST) }), transient_for: None, net_state: {279, 276, 275}, motif_hints: [0, 0, 0, 0, 0], window_type: [] }, poisoned: false, .. }, user_data: UserDataMap { list: AppendList(0x0) } }) [3mmods[0m[2m=[0mModifiersState { ctrl: false, alt: false, shift: false, caps_lock: false, logo: false, num_lock: false, iso_level3_shift: false, iso_level5_shift: false, serialized: SerializedMods { depressed: 0, latched: 0, locked: 0, layout_effective: 0 } }[1m}[0m[2m:[0m [2msmithay::input::keyboard[0m[2m:[0m [2m/home/christoph/.cargo/registry/src/index.crates.io-1949cf8c6b5b557f/smithay-0.7.0/src/input/keyboard/mod.rs[0m[2m:[0m[2m724:[0m close [3mtime.busy[0m[2m=[0m150ns [3mtime.idle[0m[2m=[0m19.3µs
[2m2026-09-25T18:33:55.526708Z[0m [32m INFO[0m ThreadId(01) [1minput_seat[0m[1m{[0m[3mname[0m[2m=[0m"wprs"[1m}[0m[2m:[0m[1madd_keyboard[0m[1m{[0m[3mxkb_config[0m[2m=[0mXkbConfig { rules: "", model: "", layout: "", variant: "", options: None } [3mrepeat_delay[0m[2m=[0m200 [3mrepeat_rate[0m[2m=[0m200[1m}[0m[2m:[0m[1minput_keyboard[0m[2m:[0m[1msend_keymap[0m[1m{[0m[3mfocus[0m[2m=[0mSome(X11Surface { xwm: Some(XwmId(0)), client_scale: Some(1.0), window: 4194322, conn: (Weak), atoms: Atoms { WL_SURFACE_ID: 240, WL_SURFACE_SERIAL: 241, _SMITHAY_CLOSE_CONNECTION: 242, UTF8_STRING: 243, TEXT: 244, WM_HINTS: 35, WM_PROTOCOLS: 245, WM_TAKE_FOCUS: 246, WM_DELETE_WINDOW: 247, WM_CHANGE_STATE: 248, _NET_WM_NAME: 249, _NET_WM_MOVERESIZE: 250, _NET_WM_PID: 251, _NET_WM_WINDOW_TYPE: 252, _NET_WM_WINDOW_TYPE_DROPDOWN_MENU: 253, _NET_WM_WINDOW_TYPE_DIALOG: 254, _NET_WM_WINDOW_TYPE_MENU: 255, _NET_WM_WINDOW_TYPE_NOTIFICATION: 256, _NET_WM_WINDOW_TYPE_NORMAL: 257, _NET_WM_WINDOW_TYPE_POPUP_MENU: 258, _NET_WM_WINDOW_TYPE_SPLASH: 259, _NET_WM_WINDOW_TYPE_TOOLBAR: 260, _NET_WM_WINDOW_TYPE_TOOLTIP: 261, _NET_WM_WINDOW_TYPE_UTILITY: 262, _NET_WM_STATE_MODAL: 263, _MOTIF_WM_HINTS: 264, _NET_STARTUP_ID: 265, WM_S0: 266, WM_STATE: 267, _NET_WM_CM_S0: 268, _NET_SUPPORTED: 269, _NET_ACTIVE_WINDOW: 270, _NET_CLIENT_LIST: 271, _NET_CLIENT_LIST_STACKING: 272, _NET_WM_PING: 273, _NET_WM_STATE: 274, _NET_WM_STATE_MAXIMIZED_VERT: 275, _NET_WM_STATE_MAXIMIZED_HORZ: 276, _NET_WM_STATE_HIDDEN: 277, _NET_WM_STATE_FULLSCREEN: 278, _NET_WM_STATE_FOCUSED: 279, _NET_SUPPORTING_WM_CHECK: 280, _XSETTINGS_SETTINGS: 281, _WL_SELECTION: 282, CLIPBOARD_MANAGER: 283, CLIPBOARD: 284, PRIMARY: 1, TARGETS: 285, TIMESTAMP: 286, INCR: 287, DELETE: 288, _XSETTINGS_S0: 289 }, state: Mutex { data: SharedSurfaceState { alive: true, wl_surface_id: None, wl_surface_serial: Some(1), mapped_onto: Some(2097158), geometry: Rectangle<smithay::utils::geometry::Logical> { x: 1280, y: 720, width: 1272, height: 688 }, override_redirect: false, wl_surface: Some(WlSurface { id: ObjectId(wl_surface@14[0], 17), version: 4, data: Some(Any { .. }), handle: WeakHandle { handle: WeakInnerHandle[rs] { .. } } }), title: "christoph@schleppi", class: "XTerm", instance: "xterm", startup_id: None, pid: Some(3117365), protocols: [DeleteWindow], hints: Some(WmHints { input: Some(true), initial_state: Some(Normal), icon_pixmap: Some(4194342), icon_window: None, icon_position: None, icon_mask: Some(4194344), window_group: None, urgent: false }), normal_hints: Some(WmSizeHints { position: None, size: Some((UserSpecified, 1272, 688)), min_size: Some((30, 27)), max_size: None, size_increment: Some((11, 23)), aspect: None, base_size: Some((19, 4)), win_gravity: Some(NORTH_WEST) }), transient_for: None, net_state: {279, 276, 275}, motif_hints: [0, 0, 0, 0, 0], window_type: [] }, poisoned: false, .. }, user_data: UserDataMap { list: AppendList(0x0) } }) [3mmods[0m[2m=[0mModifiersState { ctrl: false, alt: false, shift: false, caps_lock: false, logo: false, num_lock: false, iso_level3_shift: false, iso_level5_shift: false, serialized: SerializedMods { depressed: 0, latched: 0, locked: 0, layout_effective: 0 } }[1m}[0m[2m:[0m [2msmithay::input::keyboard[0m[2m:[0m [2m/home/christoph/.cargo/registry/src/index.crates.io-1949cf8c6b5b557f/smithay-0.7.0/src/input/keyboard/mod.rs[0m[2m:[0m[2m724:[0m new
[2m2026-09-25T18:33:55.526724Z[0m [32m INFO[0m ThreadId(01) [1minput_seat[0m[1m{[0m[3mname[0m[2m=[0m"wprs"[1m}[0m[2m:[0m[1madd_keyboard[0m[1m{[0m[3mxkb_config[0m[2m=[0mXkbConfig { rules: "", model: "", layout: "", variant: "", options: None } [3mrepeat_delay[0m[2m=[0m200 [3mrepeat_rate[0m[2m=[0m200[1m}[0m[2m:[0m[1minput_keyboard[0m[2m:[0m[1msend_keymap[0m[1m{[0m[3mfocus[0m[2m=[0mSome(X11Surface { xwm: Some(XwmId(0)), client_scale: Some(1.0), window: 4194322, conn: (Weak), atoms: Atoms { WL_SURFACE_ID: 240, WL_SURFACE_SERIAL: 241, _SMITHAY_CLOSE_CONNECTION: 242, UTF8_STRING: 243, TEXT: 244, WM_HINTS: 35, WM_PROTOCOLS: 245, WM_TAKE_FOCUS: 246, WM_DELETE_WINDOW: 247, WM_CHANGE_STATE: 248, _NET_WM_NAME: 249, _NET_WM_MOVERESIZE: 250, _NET_WM_PID: 251, _NET_WM_WINDOW_TYPE: 252, _NET_WM_WINDOW_TYPE_DROPDOWN_MENU: 253, _NET_WM_WINDOW_TYPE_DIALOG: 254, _NET_WM_WINDOW_TYPE_MENU: 255, _NET_WM_WINDOW_TYPE_NOTIFICATION: 256, _NET_WM_WINDOW_TYPE_NORMAL: 257, _NET_WM_WINDOW_TYPE_POPUP_MENU: 258, _NET_WM_WINDOW_TYPE_SPLASH: 259, _NET_WM_WINDOW_TYPE_TOOLBAR: 260, _NET_WM_WINDOW_TYPE_TOOLTIP: 261, _NET_WM_WINDOW_TYPE_UTILITY: 262, _NET_WM_STATE_MODAL: 263, _MOTIF_WM_HINTS: 264, _NET_STARTUP_ID: 265, WM_S0: 266, WM_STATE: 267, _NET_WM_CM_S0: 268, _NET_SUPPORTED: 269, _NET_ACTIVE_WINDOW: 270, _NET_CLIENT_LIST: 271, _NET_CLIENT_LIST_STACKING: 272, _NET_WM_PING: 273, _NET_WM_STATE: 274, _NET_WM_STATE_MAXIMIZED_VERT: 275, _NET_WM_STATE_MAXIMIZED_HORZ: 276, _NET_WM_STATE_HIDDEN: 277, _NET_WM_STATE_FULLSCREEN: 278, _NET_WM_STATE_FOCUSED: 279, _NET_SUPPORTING_WM_CHECK: 280, _XSETTINGS_SETTINGS: 281, _WL_SELECTION: 282, CLIPBOARD_MANAGER: 283, CLIPBOARD: 284, PRIMARY: 1, TARGETS: 285, TIMESTAMP: 286, INCR: 287, DELETE: 288, _XSETTINGS_S0: 289 }, state: Mutex { data: SharedSurfaceState { alive: true, wl_surface_id: None, wl_surface_serial: Some(1), mapped_onto: Some(2097158), geometry: Rectangle<smithay::utils::geometry::Logical> { x: 1280, y: 720, width: 1272, height: 688 }, override_redirect: false, wl_surface: Some(WlSurface { id: ObjectId(wl_surface@14[0], 17), version: 4, data: Some(Any { .. }), handle: WeakHandle { handle: WeakInnerHandle[rs] { .. } } }), title: "christoph@schleppi", class: "XTerm", instance: "xterm", startup_id: None, pid: Some(3117365), protocols: [DeleteWindow], hints: Some(WmHints { input: Some(true), initial_state: Some(Normal), icon_pixmap: Some(4194342), icon_window: None, icon_position: None, icon_mask: Some(4194344), window_group: None, urgent: false }), normal_hints: Some(WmSizeHints { position: None, size: Some((UserSpecified, 1272, 688)), min_size: Some((30, 27)), max_size: None, size_increment: Some((11, 23)), aspect: None, base_size: Some((19, 4)), win_gravity: Some(NORTH_WEST) }), transient_for: None, net_state: {279, 276, 275}, motif_hints: [0, 0, 0, 0, 0], window_type: [] }, poisoned: false, .. }, user_data: UserDataMap { list: AppendList(0x0) } }) [3mmods[0m[2m=[0mModifiersState { ctrl: false, alt: false, shift: false, caps_lock: false, logo: false, num_lock: false, iso_level3_shift: false, iso_level5_shift: false, serialized: SerializedMods { depressed: 0, latched: 0, locked: 0, layout_effective: 0 } }[1m}[0m[2m:[0m [2msmithay::input::keyboard[0m[2m:[0m [2m/home/christoph/.cargo/registry/src/index.crates.io-1949cf8c6b5b557f/smithay-0.7.0/src/input/keyboard/mod.rs[0m[2m:[0m[2m724:[0m close [3mtime.busy[0m[2m=[0m170ns [3mtime.idle[0m[2m=[0m15.9µs
[2m2026-09-25T18:33:55.526795Z[0m [32m INFO[0m ThreadId(01) [1minput_seat[0m[1m{[0m[3mname[0m[2m=[0m"wprs"[1m}[0m[2m:[0m[1madd_keyboard[0m[1m{[0m[3mxkb_config[0m[2m=[0mXkbConfig { rules: "", model: "", layout: "", variant: "", options: None } [3mrepeat_delay[0m[2m=[0m200 [3mrepeat_rate[0m[2m=[0m200[1m}[0m[2m:[0m[1minput_keyboard[0m[2m:[0m[1msend_keymap[0m[1m{[0m[3mfocus[0m[2m=[0mSome(X11Surface { xwm: Some(XwmId(0)), client_scale: Some(1.0), window: 4194322, conn: (Weak), atoms: Atoms { WL_SURFACE_ID: 240, WL_SURFACE_SERIAL: 241, _SMITHAY_CLOSE_CONNECTION: 242, UTF8_STRING: 243, TEXT: 244, WM_HINTS: 35, WM_PROTOCOLS: 245, WM_TAKE_FOCUS: 246, WM_DELETE_WINDOW: 247, WM_CHANGE_STATE: 248, _NET_WM_NAME: 249, _NET_WM_MOVERESIZE: 250, _NET_WM_PID: 251, _NET_WM_WINDOW_TYPE: 252, _NET_WM_WINDOW_TYPE_DROPDOWN_MENU: 253, _NET_WM_WINDOW_TYPE_DIALOG: 254, _NET_WM_WINDOW_TYPE_MENU: 255, _NET_WM_WINDOW_TYPE_NOTIFICATION: 256, _NET_WM_WINDOW_TYPE_NORMAL: 257, _NET_WM_WINDOW_TYPE_POPUP_MENU: 258, _NET_WM_WINDOW_TYPE_SPLASH: 259, _NET_WM_WINDOW_TYPE_TOOLBAR: 260, _NET_WM_WINDOW_TYPE_TOOLTIP: 261, _NET_WM_WINDOW_TYPE_UTILITY: 262, _NET_WM_STATE_MODAL: 263, _MOTIF_WM_HINTS: 264, _NET_STARTUP_ID: 265, WM_S0: 266, WM_STATE: 267, _NET_WM_CM_S0: 268, _NET_SUPPORTED: 269, _NET_ACTIVE_WINDOW: 270, _NET_CLIENT_LIST: 271, _NET_CLIENT_LIST_STACKING: 272, _NET_WM_PING: 273, _NET_WM_STATE: 274, _NET_WM_STATE_MAXIMIZED_VERT: 275, _NET_WM_STATE_MAXIMIZED_HORZ: 276, _NET_WM_STATE_HIDDEN: 277, _NET_WM_STATE_FULLSCREEN: 278, _NET_WM_STATE_FOCUSED: 279, _NET_SUPPORTING_WM_CHECK: 280, _XSETTINGS_SETTINGS: 281, _WL_SELECTION: 282, CLIPBOARD_MANAGER: 283, CLIPBOARD: 284, PRIMARY: 1, TARGETS: 285, TIMESTAMP: 286, INCR: 287, DELETE: 288, _XSETTINGS_S0: 289 }, state: Mutex { data: SharedSurfaceState { alive: true, wl_surface_id: None, wl_surface_serial: Some(1), mapped_onto: Some(2097158), geometry: Rectangle<smithay::utils::geometry::Logical> { x: 1280, y: 720, width: 1272, height: 688 }, override_redirect: false, wl_surface: Some(WlSurface { id: ObjectId(wl_surface@14[0], 17), version: 4, data: Some(Any { .. }), handle: WeakHandle { handle: WeakInnerHandle[rs] { .. } } }), title: "christoph@schleppi", class: "XTerm", instance: "xterm", startup_id: None, pid: Some(3117365), protocols: [DeleteWindow], hints: Some(WmHints { input: Some(true), initial_state: Some(Normal), icon_pixmap: Some(4194342), icon_window: None, icon_position: None, icon_mask: Some(4194344), window_group: None, urgent: false }), normal_hints: Some(WmSizeHints { position: None, size: Some((UserSpecified, 1272, 688)), min_size: Some((30, 27)), max_size: None, size_increment: Some((11, 23)), aspect: None, base_size: Some((19, 4)), win_gravity: Some(NORTH_WEST) }), transient_for: None, net_state: {279, 276, 275}, motif_hints: [0, 0, 0, 0, 0], window_type: [] }, poisoned: false, .. }, user_data: UserDataMap { list: AppendList(0x0) } }) [3mmods[0m[2m=[0mModifiersState { ctrl: false, alt: false, shift: false, caps_lock: false, logo: false, num_lock: false, iso_level3_shift: false, iso_level5_shift: false, serialized: SerializedMods { depressed: 0, latched: 0, locked: 0, layout_effective: 0 } }[1m}[0m[2m:[0m [2msmithay::input::keyboard[0m[2m:[0m [2m/home/christoph/.cargo/registry/src/index.crates.io-1949cf8c6b5b557f/smithay-0.7.0/src/input/keyboard/mod.rs[0m[2m:[0m[2m724:[0m new
[2m2026-09-25T18:33:55.526831Z[0m [32m INFO[0m ThreadId(01) [1minput_seat[0m[1m{[0m[3mname[0m[2m=[0m"wprs"[1m}[0m[2m:[0m[1madd_keyboard[0m[1m{[0m[3mxkb_config[0m[2m=[0mXkbConfig { rules: "", model: "", layout: "", variant: "", options: None } [3mrepeat_delay[0m[2m=[0m200 [3mrepeat_rate[0m[2m=[0m200[1m}[0m[2m:[0m[1minput_keyboard[0m[2m:[0m[1msend_keymap[0m[1m{[0m[3mfocus[0m[2m=[0mSome(X11Surface { xwm: Some(XwmId(0)), client_scale: Some(1.0), window: 4194322, conn: (Weak), atoms: Atoms { WL_SURFACE_ID: 240, WL_SURFACE_SERIAL: 241, _SMITHAY_CLOSE_CONNECTION: 242, UTF8_STRING: 243, TEXT: 244, WM_HINTS: 35, WM_PROTOCOLS: 245, WM_TAKE_FOCUS: 246, WM_DELETE_WINDOW: 247, WM_CHANGE_STATE: 248, _NET_WM_NAME: 249, _NET_WM_MOVERESIZE: 250, _NET_WM_PID: 251, _NET_WM_WINDOW_TYPE: 252, _NET_WM_WINDOW_TYPE_DROPDOWN_MENU: 253, _NET_WM_WINDOW_TYPE_DIALOG: 254, _NET_WM_WINDOW_TYPE_MENU: 255, _NET_WM_WINDOW_TYPE_NOTIFICATION: 256, _NET_WM_WINDOW_TYPE_NORMAL: 257, _NET_WM_WINDOW_TYPE_POPUP_MENU: 258, _NET_WM_WINDOW_TYPE_SPLASH: 259, _NET_WM_WINDOW_TYPE_TOOLBAR: 260, _NET_WM_WINDOW_TYPE_TOOLTIP: 261, _NET_WM_WINDOW_TYPE_UTILITY: 262, _NET_WM_STATE_MODAL: 263, _MOTIF_WM_HINTS: 264, _NET_STARTUP_ID: 265, WM_S0: 266, WM_STATE: 267, _NET_WM_CM_S0: 268, _NET_SUPPORTED: 269, _NET_ACTIVE_WINDOW: 270, _NET_CLIENT_LIST: 271, _NET_CLIENT_LIST_STACKING: 272, _NET_WM_PING: 273, _NET_WM_STATE: 274, _NET_WM_STATE_MAXIMIZED_VERT: 275, _NET_WM_STATE_MAXIMIZED_HORZ: 276, _NET_WM_STATE_HIDDEN: 277, _NET_WM_STATE_FULLSCREEN: 278, _NET_WM_STATE_FOCUSED: 279, _NET_SUPPORTING_WM_CHECK: 280, _XSETTINGS_SETTINGS: 281, _WL_SELECTION: 282, CLIPBOARD_MANAGER: 283, CLIPBOARD: 284, PRIMARY: 1, TARGETS: 285, TIMESTAMP: 286, INCR: 287, DELETE: 288, _XSETTINGS_S0: 289 }, state: Mutex { data: SharedSurfaceState { alive: true, wl_surface_id: None, wl_surface_serial: Some(1), mapped_onto: Some(2097158), geometry: Rectangle<smithay::utils::geometry::Logical> { x: 1280, y: 720, width: 1272, height: 688 }, override_redirect: false, wl_surface: Some(WlSurface { id: ObjectId(wl_surface@14[0], 17), version: 4, data: Some(Any { .. }), handle: WeakHandle { handle: WeakInnerHandle[rs] { .. } } }), title: "christoph@schleppi", class: "XTerm", instance: "xterm", startup_id: None, pid: Some(3117365), protocols: [DeleteWindow], hints: Some(WmHints { input: Some(true), initial_state: Some(Normal), icon_pixmap: Some(4194342), icon_window: None, icon_position: None, icon_mask: Some(4194344), window_group: None, urgent: false }), normal_hints: Some(WmSizeHints { position: None, size: Some((UserSpecified, 1272, 688)), min_size: Some((30, 27)), max_size: None, size_increment: Some((11, 23)), aspect: None, base_size: Some((19, 4)), win_gravity: Some(NORTH_WEST) }), transient_for: None, net_state: {279, 276, 275}, motif_hints: [0, 0, 0, 0, 0], window_type: [] }, poisoned: false, .. }, user_data: UserDataMap { list: AppendList(0x0) } }) [3mmods[0m[2m=[0mModifiersState { ctrl: false, alt: false, shift: false, caps_lock: false, logo: false, num_lock: false, iso_level3_shift: false, iso_level5_shift: false, serialized: SerializedMods { depressed: 0, latched: 0, locked: 0, layout_effective: 0 } }[1m}[0m[2m:[0m [2msmithay::input::keyboard[0m[2m:[0m [2m/home/christoph/.cargo/registry/src/index.crates.io-1949cf8c6b5b557f/smithay-0.7.0/src/input/keyboard/mod.rs[0m[2m:[0m[2m724:[0m close [3mtime.busy[0m[2m=[0m251ns [3mtime.idle[0m[2m=[0m36.1µs
[2m2026-09-25T18:33:55.526982Z[0m [32m INFO[0m ThreadId(01) [1minput_seat[0m[1m{[0m[3mname[0m[2m=[0m"wprs"[1m}[0m[2m:[0m[1madd_keyboard[0m[1m{[0m[3mxkb_config[0m[2m=[0mXkbConfig { rules: "", model: "", layout: "", variant: "", options: None } [3mrepeat_delay[0m[2m=[0m200 [3mrepeat_rate[0m[2m=[0m200[1m}[0m[2m:[0m[1minput_keyboard[0m[2m:[0m[1msend_keymap[0m[1m{[0m[3mfocus[0m[2m=[0mSome(X11Surface { xwm: Some(XwmId(0)), client_scale: Some(1.0), window: 4194322, conn: (Weak), atoms: Atoms { WL_SURFACE_ID: 240, WL_SURFACE_SERIAL: 241, _SMITHAY_CLOSE_CONNECTION: 242, UTF8_STRING: 243, TEXT: 244, WM_HINTS: 35, WM_PROTOCOLS: 245, WM_TAKE_FOCUS: 246, WM_DELETE_WINDOW: 247, WM_CHANGE_STATE: 248, _NET_WM_NAME: 249, _NET_WM_MOVERESIZE: 250, _NET_WM_PID: 251, _NET_WM_WINDOW_TYPE: 252, _NET_WM_WINDOW_TYPE_DROPDOWN_MENU: 253, _NET_WM_WINDOW_TYPE_DIALOG: 254, _NET_WM_WINDOW_TYPE_MENU: 255, _NET_WM_WINDOW_TYPE_NOTIFICATION: 256, _NET_WM_WINDOW_TYPE_NORMAL: 257, _NET_WM_WINDOW_TYPE_POPUP_MENU: 258, _NET_WM_WINDOW_TYPE_SPLASH: 259, _NET_WM_WINDOW_TYPE_TOOLBAR: 260, _NET_WM_WINDOW_TYPE_TOOLTIP: 261, _NET_WM_WINDOW_TYPE_UTILITY: 262, _NET_WM_STATE_MODAL: 263, _MOTIF_WM_HINTS: 264, _NET_STARTUP_ID: 265, WM_S0: 266, WM_STATE: 267, _NET_WM_CM_S0: 268, _NET_SUPPORTED: 269, _NET_ACTIVE_WINDOW: 270, _NET_CLIENT_LIST: 271, _NET_CLIENT_LIST_STACKING: 272, _NET_WM_PING: 273, _NET_WM_STATE: 274, _NET_WM_STATE_MAXIMIZED_VERT: 275, _NET_WM_STATE_MAXIMIZED_HORZ: 276, _NET_WM_STATE_HIDDEN: 277, _NET_WM_STATE_FULLSCREEN: 278, _NET_WM_STATE_FOCUSED: 279, _NET_SUPPORTING_WM_CHECK: 280, _XSETTINGS_SETTINGS: 281, _WL_SELECTION: 282, CLIPBOARD_MANAGER: 283, CLIPBOARD: 284, PRIMARY: 1, TARGETS: 285, TIMESTAMP: 286, INCR: 287, DELETE: 288, _XSETTINGS_S0: 289 }, state: Mutex { data: SharedSurfaceState { alive: true, wl_surface_id: None, wl_surface_serial: Some(1), mapped_onto: Some(2097158), geometry: Rectangle<smithay::utils::geometry::Logical> { x: 1280, y: 720, width: 1272, height: 688 }, override_redirect: false, wl_surface: Some(WlSurface { id: ObjectId(wl_surface@14[0], 17), version: 4, data: Some(Any { .. }), handle: WeakHandle { handle: WeakInnerHandle[rs] { .. } } }), title: "christoph@schleppi", class: "XTerm", instance: "xterm", startup_id: None, pid: Some(3117365), protocols: [DeleteWindow], hints: Some(WmHints { input: Some(true), initial_state: Some(Normal), icon_pixmap: Some(4194342), icon_window: None, icon_position: None, icon_mask: Some(4194344), window_group: None, urgent: false }), normal_hints: Some(WmSizeHints { position: None, size: Some((UserSpecified, 1272, 688)), min_size: Some((30, 27)), max_size: None, size_increment: Some((11, 23)), aspect: None, base_size: Some((19, 4)), win_gravity: Some(NORTH_WEST) }), transient_for: None, net_state: {279, 276, 275}, motif_hints: [0, 0, 0, 0, 0], window_type: [] }, poisoned: false, .. }, user_data: UserDataMap { list: AppendList(0x0) } }) [3mmods[0m[2m=[0mModifiersState { ctrl: false, alt: false, shift: false, caps_lock: false, logo: false, num_lock: false, iso_level3_shift: false, iso_level5_shift: false, serialized: SerializedMods { depressed: 0, latched: 0, locked: 0, layout_effective: 0 } }[1m}[0m[2m:[0m [2msmithay::input::keyboard[0m[2m:[0m [2m/home/christoph/.cargo/registry/src/index.crates.io-1949cf8c6b5b557f/smithay-0.7.0/src/input/keyboard/mod.rs[0m[2m:[0m[2m724:[0m new
[2m2026-09-25T18:33:55.527016Z[0m [32m INFO[0m ThreadId(01) [1minput_seat[0m[1m{[0m[3mname[0m[2m=[0m"wprs"[1m}[0m[2m:[0m[1madd_keyboard[0m[1m{[0m[3mxkb_config[0m[2m=[0mXkbConfig { rules: "", model: "", layout: "", variant: "", options: None } [3mrepeat_delay[0m[2m=[0m200 [3mrepeat_rate[0m[2m=[0m200[1m}[0m[2m:[0m[1minput_keyboard[0m[2m:[0m[1msend_keymap[0m[1m{[0m[3mfocus[0m[2m=[0mSome(X11Surface { xwm: Some(XwmId(0)), client_scale: Some(1.0), window: 4194322, conn: (Weak), atoms: Atoms { WL_SURFACE_ID: 240, WL_SURFACE_SERIAL: 241, _SMITHAY_CLOSE_CONNECTION: 242, UTF8_STRING: 243, TEXT: 244, WM_HINTS: 35, WM_PROTOCOLS: 245, WM_TAKE_FOCUS: 246, WM_DELETE_WINDOW: 247, WM_CHANGE_STATE: 248, _NET_WM_NAME: 249, _NET_WM_MOVERESIZE: 250, _NET_WM_PID: 251, _NET_WM_WINDOW_TYPE: 252, _NET_WM_WINDOW_TYPE_DROPDOWN_MENU: 253, _NET_WM_WINDOW_TYPE_DIALOG: 254, _NET_WM_WINDOW_TYPE_MENU: 255, _NET_WM_WINDOW_TYPE_NOTIFICATION: 256, _NET_WM_WINDOW_TYPE_NORMAL: 257, _NET_WM_WINDOW_TYPE_POPUP_MENU: 258, _NET_WM_WINDOW_TYPE_SPLASH: 259, _NET_WM_WINDOW_TYPE_TOOLBAR: 260, _NET_WM_WINDOW_TYPE_TOOLTIP: 261, _NET_WM_WINDOW_TYPE_UTILITY: 262, _NET_WM_STATE_MODAL: 263, _MOTIF_WM_HINTS: 264, _NET_STARTUP_ID: 265, WM_S0: 266, WM_STATE: 267, _NET_WM_CM_S0: 268, _NET_SUPPORTED: 269, _NET_ACTIVE_WINDOW: 270, _NET_CLIENT_LIST: 271, _NET_CLIENT_LIST_STACKING: 272, _NET_WM_PING: 273, _NET_WM_STATE: 274, _NET_WM_STATE_MAXIMIZED_VERT: 275, _NET_WM_STATE_MAXIMIZED_HORZ: 276, _NET_WM_STATE_HIDDEN: 277, _NET_WM_STATE_FULLSCREEN: 278, _NET_WM_STATE_FOCUSED: 279, _NET_SUPPORTING_WM_CHECK: 280, _XSETTINGS_SETTINGS: 281, _WL_SELECTION: 282, CLIPBOARD_MANAGER: 283, CLIPBOARD: 284, PRIMARY: 1, TARGETS: 285, TIMESTAMP: 286, INCR: 287, DELETE: 288, _XSETTINGS_S0: 289 }, state: Mutex { data: SharedSurfaceState { alive: true, wl_surface_id: None, wl_surface_serial: Some(1), mapped_onto: Some(2097158), geometry: Rectangle<smithay::utils::geometry::Logical> { x: 1280, y: 720, width: 1272, height: 688 }, override_redirect: false, wl_surface: Some(WlSurface { id: ObjectId(wl_surface@14[0], 17), version: 4, data: Some(Any { .. }), handle: WeakHandle { handle: WeakInnerHandle[rs] { .. } } }), title: "christoph@schleppi", class: "XTerm", instance: "xterm", startup_id: None, pid: Some(3117365), protocols: [DeleteWindow], hints: Some(WmHints { input: Some(true), initial_state: Some(Normal), icon_pixmap: Some(4194342), icon_window: None, icon_position: None, icon_mask: Some(4194344), window_group: None, urgent: false }), normal_hints: Some(WmSizeHints { position: None, size: Some((UserSpecified, 1272, 688)), min_size: Some((30, 27)), max_size: None, size_increment: Some((11, 23)), aspect: None, base_size: Some((19, 4)), win_gravity: Some(NORTH_WEST) }), transient_for: None, net_state: {279, 276, 275}, motif_hints: [0, 0, 0, 0, 0], window_type: [] }, poisoned: false, .. }, user_data: UserDataMap { list: AppendList(0x0) } }) [3mmods[0m[2m=[0mModifiersState { ctrl: false, alt: false, shift: false, caps_lock: false, logo: false, num_lock: false, iso_level3_shift: false, iso_level5_shift: false, serialized: SerializedMods { depressed: 0, latched: 0, locked: 0, layout_effective: 0 } }[1m}[0m[2m:[0m [2msmithay::input::keyboard[0m[2m:[0m [2m/home/christoph/.cargo/registry/src/index.crates.io-1949cf8c6b5b557f/smithay-0.7.0/src/input/keyboard/mod.rs[0m[2m:[0m[2m724:[0m close [3mtime.busy[0m[2m=[0m440ns [3mtime.idle[0m[2m=[0m33.5µs
[2m2026-09-25T18:33:55.527139Z[0m [32m INFO[0m ThreadId(01) [1minput_seat[0m[1m{[0m[3mname[0m[2m=[0m"wprs"[1m}[0m[2m:[0m[1madd_keyboard[0m[1m{[0m[3mxkb_config[0m[2m=[0mXkbConfig { rules: "", model: "", layout: "", variant: "", options: None } [3mrepeat_delay[0m[2m=[0m200 [3mrepeat_rate[0m[2m=[0m200[1m}[0m[2m:[0m[1minput_keyboard[0m[2m:[0m[1msend_keymap[0m[1m{[0m[3mfocus[0m[2m=[0mSome(X11Surface { xwm: Some(XwmId(0)), client_scale: Some(1.0), window: 4194322, conn: (Weak), atoms: Atoms { WL_SURFACE_ID: 240, WL_SURFACE_SERIAL: 241, _SMITHAY_CLOSE_CONNECTION: 242, UTF8_STRING: 243, TEXT: 244, WM_HINTS: 35, WM_PROTOCOLS: 245, WM_TAKE_FOCUS: 246, WM_DELETE_WINDOW: 247, WM_CHANGE_STATE: 248, _NET_WM_NAME: 249, _NET_WM_MOVERESIZE: 250, _NET_WM_PID: 251, _NET_WM_WINDOW_TYPE: 252, _NET_WM_WINDOW_TYPE_DROPDOWN_MENU: 253, _NET_WM_WINDOW_TYPE_DIALOG: 254, _NET_WM_WINDOW_TYPE_MENU: 255, _NET_WM_WINDOW_TYPE_NOTIFICATION: 256, _NET_WM_WINDOW_TYPE_NORMAL: 257, _NET_WM_WINDOW_TYPE_POPUP_MENU: 258, _NET_WM_WINDOW_TYPE_SPLASH: 259, _NET_WM_WINDOW_TYPE_TOOLBAR: 260, _NET_WM_WINDOW_TYPE_TOOLTIP: 261, _NET_WM_WINDOW_TYPE_UTILITY: 262, _NET_WM_STATE_MODAL: 263, _MOTIF_WM_HINTS: 264, _NET_STARTUP_ID: 265, WM_S0: 266, WM_STATE: 267, _NET_WM_CM_S0: 268, _NET_SUPPORTED: 269, _NET_ACTIVE_WINDOW: 270, _NET_CLIENT_LIST: 271, _NET_CLIENT_LIST_STACKING: 272, _NET_WM_PING: 273, _NET_WM_STATE: 274, _NET_WM_STATE_MAXIMIZED_VERT: 275, _NET_WM_STATE_MAXIMIZED_HORZ: 276, _NET_WM_STATE_HIDDEN: 277, _NET_WM_STATE_FULLSCREEN: 278, _NET_WM_STATE_FOCUSED: 279, _NET_SUPPORTING_WM_CHECK: 280, _XSETTINGS_SETTINGS: 281, _WL_SELECTION: 282, CLIPBOARD_MANAGER: 283, CLIPBOARD: 284, PRIMARY: 1, TARGETS: 285, TIMESTAMP: 286, INCR: 287, DELETE: 288, _XSETTINGS_S0: 289 }, state: Mutex { data: SharedSurfaceState { alive: true, wl_surface_id: None, wl_surface_serial: Some(1), mapped_onto: Some(2097158), geometry: Rectangle<smithay::utils::geometry::Logical> { x: 1280, y: 720, width: 1272, height: 688 }, override_redirect: false, wl_surface: Some(WlSurface { id: ObjectId(wl_surface@14[0], 17), version: 4, data: Some(Any { .. }), handle: WeakHandle { handle: WeakInnerHandle[rs] { .. } } }), title: "christoph@schleppi", class: "XTerm", instance: "xterm", startup_id: None, pid: Some(3117365), protocols: [DeleteWindow], hints: Some(WmHints { input: Some(true), initial_state: Some(Normal), icon_pixmap: Some(4194342), icon_window: None, icon_position: None, icon_mask: Some(4194344), window_group: None, urgent: false }), normal_hints: Some(WmSizeHints { position: None, size: Some((UserSpecified, 1272, 688)), min_size: Some((30, 27)), max_size: None, size_increment: Some((11, 23)), aspect: None, base_size: Some((19, 4)), win_gravity: Some(NORTH_WEST) }), transient_for: None, net_state: {279, 276, 275}, motif_hints: [0, 0, 0, 0, 0], window_type: [] }, poisoned: false, .. }, user_data: UserDataMap { list: AppendList(0x0) } }) [3mmods[0m[2m=[0mModifiersState { ctrl: false, alt: false, shift: false, caps_lock: false, logo: false, num_lock: false, iso_level3_shift: false, iso_level5_shift: false, serialized: SerializedMods { depressed: 0, latched: 0, locked: 0, layout_effective: 0 } }[1m}[0m[2m:[0m [2msmithay::input::keyboard[0m[2m:[0m [2m/home/christoph/.cargo/registry/src/index.crates.io-1949cf8c6b5b557f/smithay-0.7.0/src/input/keyboard/mod.rs[0m[2m:[0m[2m724:[0m new
[2m2026-09-25T18:33:55.527171Z[0m [32m INFO[0m ThreadId(01) [1minput_seat[0m[1m{[0m[3mname[0m[2m=[0m"wprs"[1m}[0m[2m:[0m[1madd_keyboard[0m[1m{[0m[3mxkb_config[0m[2m=[0mXkbConfig { rules: "", model: "", layout: "", variant: "", options: None } [3mrepeat_delay[0m[2m=[0m200 [3mrepeat_rate[0m[2m=[0m200[1m}[0m[2m:[0m[1minput_keyboard[0m[2m:[0m[1msend_keymap[0m[1m{[0m[3mfocus[0m[2m=[0mSome(X11Surface { xwm: Some(XwmId(0)), client_scale: Some(1.0), window: 4194322, conn: (Weak), atoms: Atoms { WL_SURFACE_ID: 240, WL_SURFACE_SERIAL: 241, _SMITHAY_CLOSE_CONNECTION: 242, UTF8_STRING: 243, TEXT: 244, WM_HINTS: 35, WM_PROTOCOLS: 245, WM_TAKE_FOCUS: 246, WM_DELETE_WINDOW: 247, WM_CHANGE_STATE: 248, _NET_WM_NAME: 249, _NET_WM_MOVERESIZE: 250, _NET_WM_PID: 251, _NET_WM_WINDOW_TYPE: 252, _NET_WM_WINDOW_TYPE_DROPDOWN_MENU: 253, _NET_WM_WINDOW_TYPE_DIALOG: 254, _NET_WM_WINDOW_TYPE_MENU: 255, _NET_WM_WINDOW_TYPE_NOTIFICATION: 256, _NET_WM_WINDOW_TYPE_NORMAL: 257, _NET_WM_WINDOW_TYPE_POPUP_MENU: 258, _NET_WM_WINDOW_TYPE_SPLASH: 259, _NET_WM_WINDOW_TYPE_TOOLBAR: 260, _NET_WM_WINDOW_TYPE_TOOLTIP: 261, _NET_WM_WINDOW_TYPE_UTILITY: 262, _NET_WM_STATE_MODAL: 263, _MOTIF_WM_HINTS: 264, _NET_STARTUP_ID: 265, WM_S0: 266, WM_STATE: 267, _NET_WM_CM_S0: 268, _NET_SUPPORTED: 269, _NET_ACTIVE_WINDOW: 270, _NET_CLIENT_LIST: 271, _NET_CLIENT_LIST_STACKING: 272, _NET_WM_PING: 273, _NET_WM_STATE: 274, _NET_WM_STATE_MAXIMIZED_VERT: 275, _NET_WM_STATE_MAXIMIZED_HORZ: 276, _NET_WM_STATE_HIDDEN: 277, _NET_WM_STATE_FULLSCREEN: 278, _NET_WM_STATE_FOCUSED: 279, _NET_SUPPORTING_WM_CHECK: 280, _XSETTINGS_SETTINGS: 281, _WL_SELECTION: 282, CLIPBOARD_MANAGER: 283, CLIPBOARD: 284, PRIMARY: 1, TARGETS: 285, TIMESTAMP: 286, INCR: 287, DELETE: 288, _XSETTINGS_S0: 289 }, state: Mutex { data: SharedSurfaceState { alive: true, wl_surface_id: None, wl_surface_serial: Some(1), mapped_onto: Some(2097158), geometry: Rectangle<smithay::utils::geometry::Logical> { x: 1280, y: 720, width: 1272, height: 688 }, override_redirect: false, wl_surface: Some(WlSurface { id: ObjectId(wl_surface@14[0], 17), version: 4, data: Some(Any { .. }), handle: WeakHandle { handle: WeakInnerHandle[rs] { .. } } }), title: "christoph@schleppi", class: "XTerm", instance: "xterm", startup_id: None, pid: Some(3117365), protocols: [DeleteWindow], hints: Some(WmHints { input: Some(true), initial_state: Some(Normal), icon_pixmap: Some(4194342), icon_window: None, icon_position: None, icon_mask: Some(4194344), window_group: None, urgent: false }), normal_hints: Some(WmSizeHints { position: None, size: Some((UserSpecified, 1272, 688)), min_size: Some((30, 27)), max_size: None, size_increment: Some((11, 23)), aspect: None, base_size: Some((19, 4)), win_gravity: Some(NORTH_WEST) }), transient_for: None, net_state: {279, 276, 275}, motif_hints: [0, 0, 0, 0, 0], window_type: [] }, poisoned: false, .. }, user_data: UserDataMap { list: AppendList(0x0) } }) [3mmods[0m[2m=[0mModifiersState { ctrl: false, alt: false, shift: false, caps_lock: false, logo: false, num_lock: false, iso_level3_shift: false, iso_level5_shift: false, serialized: SerializedMods { depressed: 0, latched: 0, locked: 0, layout_effective: 0 } }[1m}[0m[2m:[0m [2msmithay::input::keyboard[0m[2m:[0m [2m/home/christoph/.cargo/registry/src/index.crates.io-1949cf8c6b5b557f/smithay-0.7.0/src/input/keyboard/mod.rs[0m[2m:[0m[2m724:[0m close [3mtime.busy[0m[2m=[0m371ns [3mtime.idle[0m[2m=[0m30.9µs
[2m2026-09-25T18:33:55.527280Z[0m [32m INFO[0m ThreadId(01) [1minput_seat[0m[1m{[0m[3mname[0m[2m=[0m"wprs"[1m}[0m[2m:[0m[1madd_keyboard[0m[1m{[0m[3mxkb_config[0m[2m=[0mXkbConfig { rules: "", model: "", layout: "", variant: "", options: None } [3mrepeat_delay[0m[2m=[0m200 [3mrepeat_rate[0m[2m=[0m200[1m}[0m[2m:[0m[1minput_keyboard[0m[2m:[0m[1msend_keymap[0m[1m{[0m[3mfocus[0m[2m=[0mSome(X11Surface { xwm: Some(XwmId(0)), client_scale: Some(1.0), window: 4194322, conn: (Weak), atoms: Atoms { WL_SURFACE_ID: 240, WL_SURFACE_SERIAL: 241, _SMITHAY_CLOSE_CONNECTION: 242, UTF8_STRING: 243, TEXT: 244, WM_HINTS: 35, WM_PROTOCOLS: 245, WM_TAKE_FOCUS: 246, WM_DELETE_WINDOW: 247, WM_CHANGE_STATE: 248, _NET_WM_NAME: 249, _NET_WM_MOVERESIZE: 250, _NET_WM_PID: 251, _NET_WM_WINDOW_TYPE: 252, _NET_WM_WINDOW_TYPE_DROPDOWN_MENU: 253, _NET_WM_WINDOW_TYPE_DIALOG: 254, _NET_WM_WINDOW_TYPE_MENU: 255, _NET_WM_WINDOW_TYPE_NOTIFICATION: 256, _NET_WM_WINDOW_TYPE_NORMAL: 257, _NET_WM_WINDOW_TYPE_POPUP_MENU: 258, _NET_WM_WINDOW_TYPE_SPLASH: 259, _NET_WM_WINDOW_TYPE_TOOLBAR: 260, _NET_WM_WINDOW_TYPE_TOOLTIP: 261, _NET_WM_WINDOW_TYPE_UTILITY: 262, _NET_WM_STATE_MODAL: 263, _MOTIF_WM_HINTS: 264, _NET_STARTUP_ID: 265, WM_S0: 266, WM_STATE: 267, _NET_WM_CM_S0: 268, _NET_SUPPORTED: 269, _NET_ACTIVE_WINDOW: 270, _NET_CLIENT_LIST: 271, _NET_CLIENT_LIST_STACKING: 272, _NET_WM_PING: 273, _NET_WM_STATE: 274, _NET_WM_STATE_MAXIMIZED_VERT: 275, _NET_WM_STATE_MAXIMIZED_HORZ: 276, _NET_WM_STATE_HIDDEN: 277, _NET_WM_STATE_FULLSCREEN: 278, _NET_WM_STATE_FOCUSED: 279, _NET_SUPPORTING_WM_CHECK: 280, _XSETTINGS_SETTINGS: 281, _WL_SELECTION: 282, CLIPBOARD_MANAGER: 283, CLIPBOARD: 284, PRIMARY: 1, TARGETS: 285, TIMESTAMP: 286, INCR: 287, DELETE: 288, _XSETTINGS_S0: 289 }, state: Mutex { data: SharedSurfaceState { alive: true, wl_surface_id: None, wl_surface_serial: Some(1), mapped_onto: Some(2097158), geometry: Rectangle<smithay::utils::geometry::Logical> { x: 1280, y: 720, width: 1272, height: 688 }, override_redirect: false, wl_surface: Some(WlSurface { id: ObjectId(wl_surface@14[0], 17), version: 4, data: Some(Any { .. }), handle: WeakHandle { handle: WeakInnerHandle[rs] { .. } } }), title: "christoph@schleppi", class: "XTerm", instance: "xterm", startup_id: None, pid: Some(3117365), protocols: [DeleteWindow], hints: Some(WmHints { input: Some(true), initial_state: Some(Normal), icon_pixmap: Some(4194342), icon_window: None, icon_position: None, icon_mask: Some(4194344), window_group: None, urgent: false }), normal_hints: Some(WmSizeHints { position: None, size: Some((UserSpecified, 1272, 688)), min_size: Some((30, 27)), max_size: None, size_increment: Some((11, 23)), aspect: None, base_size: Some((19, 4)), win_gravity: Some(NORTH_WEST) }), transient_for: None, net_state: {279, 276, 275}, motif_hints: [0, 0, 0, 0, 0], window_type: [] }, poisoned: false, .. }, user_data: UserDataMap { list: AppendList(0x0) } }) [3mmods[0m[2m=[0mModifiersState { ctrl: false, alt: false, shift: false, caps_lock: false, logo: false, num_lock: false, iso_level3_shift: false, iso_level5_shift: false, serialized: SerializedMods { depressed: 0, latched: 0, locked: 0, layout_effective: 0 } }[1m}[0m[2m:[0m [2msmithay::input::keyboard[0m[2m:[0m [2m/home/christoph/.cargo/registry/src/index.crates.io-1949cf8c6b5b557f/smithay-0.7.0/src/input/keyboard/mod.rs[0m[2m:[0m[2m724:[0m new
[2m2026-09-25T18:33:55.527305Z[0m [32m INFO[0m ThreadId(01) [1minput_seat[0m[1m{[0m[3mname[0m[2m=[0m"wprs"[1m}[0m[2m:[0m[1madd_keyboard[0m[1m{[0m[3mxkb_config[0m[2m=[0mXkbConfig { rules: "", model: "", layout: "", variant: "", options: None } [3mrepeat_delay[0m[2m=[0m200 [3mrepeat_rate[0m[2m=[0m200[1m}[0m[2m:[0m[1minput_keyboard[0m[2m:[0m[1msend_keymap[0m[1m{[0m[3mfocus[0m[2m=[0mSome(X11Surface { xwm: Some(XwmId(0)), client_scale: Some(1.0), window: 4194322, conn: (Weak), atoms: Atoms { WL_SURFACE_ID: 240, WL_SURFACE_SERIAL: 241, _SMITHAY_CLOSE_CONNECTION: 242, UTF8_STRING: 243, TEXT: 244, WM_HINTS: 35, WM_PROTOCOLS: 245, WM_TAKE_FOCUS: 246, WM_DELETE_WINDOW: 247, WM_CHANGE_STATE: 248, _NET_WM_NAME: 249, _NET_WM_MOVERESIZE: 250, _NET_WM_PID: 251, _NET_WM_WINDOW_TYPE: 252, _NET_WM_WINDOW_TYPE_DROPDOWN_MENU: 253, _NET_WM_WINDOW_TYPE_DIALOG: 254, _NET_WM_WINDOW_TYPE_MENU: 255, _NET_WM_WINDOW_TYPE_NOTIFICATION: 256, _NET_WM_WINDOW_TYPE_NORMAL: 257, _NET_WM_WINDOW_TYPE_POPUP_MENU: 258, _NET_WM_WINDOW_TYPE_SPLASH: 259, _NET_WM_WINDOW_TYPE_TOOLBAR: 260, _NET_WM_WINDOW_TYPE_TOOLTIP: 261, _NET_WM_WINDOW_TYPE_UTILITY: 262, _NET_WM_STATE_MODAL: 263, _MOTIF_WM_HINTS: 264, _NET_STARTUP_ID: 265, WM_S0: 266, WM_STATE: 267, _NET_WM_CM_S0: 268, _NET_SUPPORTED: 269, _NET_ACTIVE_WINDOW: 270, _NET_CLIENT_LIST: 271, _NET_CLIENT_LIST_STACKING: 272, _NET_WM_PING: 273, _NET_WM_STATE: 274, _NET_WM_STATE_MAXIMIZED_VERT: 275, _NET_WM_STATE_MAXIMIZED_HORZ: 276, _NET_WM_STATE_HIDDEN: 277, _NET_WM_STATE_FULLSCREEN: 278, _NET_WM_STATE_FOCUSED: 279, _NET_SUPPORTING_WM_CHECK: 280, _XSETTINGS_SETTINGS: 281, _WL_SELECTION: 282, CLIPBOARD_MANAGER: 283, CLIPBOARD: 284, PRIMARY: 1, TARGETS: 285, TIMESTAMP: 286, INCR: 287, DELETE: 288, _XSETTINGS_S0: 289 }, state: Mutex { data: SharedSurfaceState { alive: true, wl_surface_id: None, wl_surface_serial: Some(1), mapped_onto: Some(2097158), geometry: Rectangle<smithay::utils::geometry::Logical> { x: 1280, y: 720, width: 1272, height: 688 }, override_redirect: false, wl_surface: Some(WlSurface { id: ObjectId(wl_surface@14[0], 17), version: 4, data: Some(Any { .. }), handle: WeakHandle { handle: WeakInnerHandle[rs] { .. } } }), title: "christoph@schleppi", class: "XTerm", instance: "xterm", startup_id: None, pid: Some(3117365), protocols: [DeleteWindow], hints: Some(WmHints { input: Some(true), initial_state: Some(Normal), icon_pixmap: Some(4194342), icon_window: None, icon_position: None, icon_mask: Some(4194344), window_group: None, urgent: false }), normal_hints: Some(WmSizeHints { position: None, size: Some((UserSpecified, 1272, 688)), min_size: Some((30, 27)), max_size: None, size_increment: Some((11, 23)), aspect: None, base_size: Some((19, 4)), win_gravity: Some(NORTH_WEST) }), transient_for: None, net_state: {279, 276, 275}, motif_hints: [0, 0, 0, 0, 0], window_type: [] }, poisoned: false, .. }, user_data: UserDataMap { list: AppendList(0x0) } }) [3mmods[0m[2m=[0mModifiersState { ctrl: false, alt: false, shift: false, caps_lock: false, logo: false, num_lock: false, iso_level3_shift: false, iso_level5_shift: false, serialized: SerializedMods { depressed: 0, latched: 0, locked: 0, layout_effective: 0 } }[1m}[0m[2m:[0m [2msmithay::input::keyboard[0m[2m:[0m [2m/home/christoph/.cargo/registry/src/index.crates.io-1949cf8c6b5b557f/smithay-0.7.0/src/input/keyboard/mod.rs[0m[2m:[0m[2m724:[0m close [3mtime.busy[0m[2m=[0m211ns [3mtime.idle[0m[2m=[0m24.9µs
[2m2026-09-25T18:33:55.527396Z[0m [32m INFO[0m ThreadId(01) [1minput_seat[0m[1m{[0m[3mname[0m[2m=[0m"wprs"[1m}[0m[2m:[0m[1madd_keyboard[0m[1m{[0m[3mxkb_config[0m[2m=[0mXkbConfig { rules: "", model: "", layout: "", variant: "", options: None } [3mrepeat_delay[0m[2m=[0m200 [3mrepeat_rate[0m[2m=[0m200[1m}[0m[2m:[0m[1minput_keyboard[0m[2m:[0m[1msend_keymap[0m[1m{[0m[3mfocus[0m[2m=[0mSome(X11Surface { xwm: Some(XwmId(0)), client_scale: Some(1.0), window: 4194322, conn: (Weak), atoms: Atoms { WL_SURFACE_ID: 240, WL_SURFACE_SERIAL: 241, _SMITHAY_CLOSE_CONNECTION: 242, UTF8_STRING: 243, TEXT: 244, WM_HINTS: 35, WM_PROTOCOLS: 245, WM_TAKE_FOCUS: 246, WM_DELETE_WINDOW: 247, WM_CHANGE_STATE: 248, _NET_WM_NAME: 249, _NET_WM_MOVERESIZE: 250, _NET_WM_PID: 251, _NET_WM_WINDOW_TYPE: 252, _NET_WM_WINDOW_TYPE_DROPDOWN_MENU: 253, _NET_WM_WINDOW_TYPE_DIALOG: 254, _NET_WM_WINDOW_TYPE_MENU: 255, _NET_WM_WINDOW_TYPE_NOTIFICATION: 256, _NET_WM_WINDOW_TYPE_NORMAL: 257, _NET_WM_WINDOW_TYPE_POPUP_MENU: 258, _NET_WM_WINDOW_TYPE_SPLASH: 259, _NET_WM_WINDOW_TYPE_TOOLBAR: 260, _NET_WM_WINDOW_TYPE_TOOLTIP: 261, _NET_WM_WINDOW_TYPE_UTILITY: 262, _NET_WM_STATE_MODAL: 263, _MOTIF_WM_HINTS: 264, _NET_STARTUP_ID: 265, WM_S0: 266, WM_STATE: 267, _NET_WM_CM_S0: 268, _NET_SUPPORTED: 269, _NET_ACTIVE_WINDOW: 270, _NET_CLIENT_LIST: 271, _NET_CLIENT_LIST_STACKING: 272, _NET_WM_PING: 273, _NET_WM_STATE: 274, _NET_WM_STATE_MAXIMIZED_VERT: 275, _NET_WM_STATE_MAXIMIZED_HORZ: 276, _NET_WM_STATE_HIDDEN: 277, _NET_WM_STATE_FULLSCREEN: 278, _NET_WM_STATE_FOCUSED: 279, _NET_SUPPORTING_WM_CHECK: 280, _XSETTINGS_SETTINGS: 281, _WL_SELECTION: 282, CLIPBOARD_MANAGER: 283, CLIPBOARD: 284, PRIMARY: 1, TARGETS: 285, TIMESTAMP: 286, INCR: 287, DELETE: 288, _XSETTINGS_S0: 289 }, state: Mutex { data: SharedSurfaceState { alive: true, wl_surface_id: None, wl_surface_serial: Some(1), mapped_onto: Some(2097158), geometry: Rectangle<smithay::utils::geometry::Logical> { x: 1280, y: 720, width: 1272, height: 688 }, override_redirect: false, wl_surface: Some(WlSurface { id: ObjectId(wl_surface@14[0], 17), version: 4, data: Some(Any { .. }), handle: WeakHandle { handle: WeakInnerHandle[rs] { .. } } }), title: "christoph@schleppi", class: "XTerm", instance: "xterm", startup_id: None, pid: Some(3117365), protocols: [DeleteWindow], hints: Some(WmHints { input: Some(true), initial_state: Some(Normal), icon_pixmap: Some(4194342), icon_window: None, icon_position: None, icon_mask: Some(4194344), window_group: None, urgent: false }), normal_hints: Some(WmSizeHints { position: None, size: Some((UserSpecified, 1272, 688)), min_size: Some((30, 27)), max_size: None, size_increment: Some((11, 23)), aspect: None, base_size: Some((19, 4)), win_gravity: Some(NORTH_WEST) }), transient_for: None, net_state: {279, 276, 275}, motif_hints: [0, 0, 0, 0, 0], window_type: [] }, poisoned: false, .. }, user_data: UserDataMap { list: AppendList(0x0) } }) [3mmods[0m[2m=[0mModifiersState { ctrl: false, alt: false, shift: false, caps_lock: false, logo: false, num_lock: false, iso_level3_shift: false, iso_level5_shift: false, serialized: SerializedMods { depressed: 0, latched: 0, locked: 0, layout_effective: 0 } }[1m}[0m[2m:[0m [2msmithay::input::keyboard[0m[2m:[0m [2m/home/christoph/.cargo/registry/src/index.crates.io-1949cf8c6b5b557f/smithay-0.7.0/src/input/keyboard/mod.rs[0m[2m:[0m[2m724:[0m new
[2m2026-09-25T18:33:55.527418Z[0m [32m INFO[0m ThreadId(01) [1minput_seat[0m[1m{[0m[3mname[0m[2m=[0m"wprs"[1m}[0m[2m:[0m[1madd_keyboard[0m[1m{[0m[3mxkb_config[0m[2m=[0mXkbConfig { rules: "", model: "", layout: "", variant: "", options: None } [3mrepeat_delay[0m[2m=[0m200 [3mrepeat_rate[0m[2m=[0m200[1m}[0m[2m:[0m[1minput_keyboard[0m[2m:[0m[1msend_keymap[0m[1m{[0m[3mfocus[0m[2m=[0mSome(X11Surface { xwm: Some(XwmId(0)), client_scale: Some(1.0), window: 4194322, conn: (Weak), atoms: Atoms { WL_SURFACE_ID: 240, WL_SURFACE_SERIAL: 241, _SMITHAY_CLOSE_CONNECTION: 242, UTF8_STRING: 243, TEXT: 244, WM_HINTS: 35, WM_PROTOCOLS: 245, WM_TAKE_FOCUS: 246, WM_DELETE_WINDOW: 247, WM_CHANGE_STATE: 248, _NET_WM_NAME: 249, _NET_WM_MOVERESIZE: 250, _NET_WM_PID: 251, _NET_WM_WINDOW_TYPE: 252, _NET_WM_WINDOW_TYPE_DROPDOWN_MENU: 253, _NET_WM_WINDOW_TYPE_DIALOG: 254, _NET_WM_WINDOW_TYPE_MENU: 255, _NET_WM_WINDOW_TYPE_NOTIFICATION: 256, _NET_WM_WINDOW_TYPE_NORMAL: 257, _NET_WM_WINDOW_TYPE_POPUP_MENU: 258, _NET_WM_WINDOW_TYPE_SPLASH: 259, _NET_WM_WINDOW_TYPE_TOOLBAR: 260, _NET_WM_WINDOW_TYPE_TOOLTIP: 261, _NET_WM_WINDOW_TYPE_UTILITY: 262, _NET_WM_STATE_MODAL: 263, _MOTIF_WM_HINTS: 264, _NET_STARTUP_ID: 265, WM_S0: 266, WM_STATE: 267, _NET_WM_CM_S0: 268, _NET_SUPPORTED: 269, _NET_ACTIVE_WINDOW: 270, _NET_CLIENT_LIST: 271, _NET_CLIENT_LIST_STACKING: 272, _NET_WM_PING: 273, _NET_WM_STATE: 274, _NET_WM_STATE_MAXIMIZED_VERT: 275, _NET_WM_STATE_MAXIMIZED_HORZ: 276, _NET_WM_STATE_HIDDEN: 277, _NET_WM_STATE_FULLSCREEN: 278, _NET_WM_STATE_FOCUSED: 279, _NET_SUPPORTING_WM_CHECK: 280, _XSETTINGS_SETTINGS: 281, _WL_SELECTION: 282, CLIPBOARD_MANAGER: 283, CLIPBOARD: 284, PRIMARY: 1, TARGETS: 285, TIMESTAMP: 286, INCR: 287, DELETE: 288, _XSETTINGS_S0: 289 }, state: Mutex { data: SharedSurfaceState { alive: true, wl_surface_id: None, wl_surface_serial: Some(1), mapped_onto: Some(2097158), geometry: Rectangle<smithay::utils::geometry::Logical> { x: 1280, y: 720, width: 1272, height: 688 }, override_redirect: false, wl_surface: Some(WlSurface { id: ObjectId(wl_surface@14[0], 17), version: 4, data: Some(Any { .. }), handle: WeakHandle { handle: WeakInnerHandle[rs] { .. } } }), title: "christoph@schleppi", class: "XTerm", instance: "xterm", startup_id: None, pid: Some(3117365), protocols: [DeleteWindow], hints: Some(WmHints { input: Some(true), initial_state: Some(Normal), icon_pixmap: Some(4194342), icon_window: None, icon_position: None, icon_mask: Some(4194344), window_group: None, urgent: false }), normal_hints: Some(WmSizeHints { position: None, size: Some((UserSpecified, 1272, 688)), min_size: Some((30, 27)), max_size: None, size_increment: Some((11, 23)), aspect: None, base_size: Some((19, 4)), win_gravity: Some(NORTH_WEST) }), transient_for: None, net_state: {279, 276, 275}, motif_hints: [0, 0, 0, 0, 0], window_type: [] }, poisoned: false, .. }, user_data: UserDataMap { list: AppendList(0x0) } }) [3mmods[0m[2m=[0mModifiersState { ctrl: false, alt: false, shift: false, caps_lock: false, logo: false, num_lock: false, iso_level3_shift: false, iso_level5_shift: false, serialized: SerializedMods { depressed: 0, latched: 0, locked: 0, layout_effective: 0 } }[1m}[0m[2m:[0m [2msmithay::input::keyboard[0m[2m:[0m [2m/home/christoph/.cargo/registry/src/index.crates.io-1949cf8c6b5b557f/smithay-0.7.0/src/input/keyboard/mod.rs[0m[2m:[0m[2m724:[0m close [3mtime.busy[0m[2m=[0m211ns [3mtime.idle[0m[2m=[0m21.9µs
[2m2026-09-25T18:33:55.527492Z[0m [32m INFO[0m ThreadId(01) [1minput_seat[0m[1m{[0m[3mname[0m[2m=[0m"wprs"[1m}[0m[2m:[0m[1madd_keyboard[0m[1m{[0m[3mxkb_config[0m[2m=[0mXkbConfig { rules: "", model: "", layout: "", variant: "", options: None } [3mrepeat_delay[0m[2m=[0m200 [3mrepeat_rate[0m[2m=[0m200[1m}[0m[2m:[0m[1minput_keyboard[0m[2m:[0m[1msend_keymap[0m[1m{[0m[3mfocus[0m[2m=[0mSome(X11Surface { xwm: Some(XwmId(0)), client_scale: Some(1.0), window: 4194322, conn: (Weak), atoms: Atoms { WL_SURFACE_ID: 240, WL_SURFACE_SERIAL: 241, _SMITHAY_CLOSE_CONNECTION: 242, UTF8_STRING: 243, TEXT: 244, WM_HINTS: 35, WM_PROTOCOLS: 245, WM_TAKE_FOCUS: 246, WM_DELETE_WINDOW: 247, WM_CHANGE_STATE: 248, _NET_WM_NAME: 249, _NET_WM_MOVERESIZE: 250, _NET_WM_PID: 251, _NET_WM_WINDOW_TYPE: 252, _NET_WM_WINDOW_TYPE_DROPDOWN_MENU: 253, _NET_WM_WINDOW_TYPE_DIALOG: 254, _NET_WM_WINDOW_TYPE_MENU: 255, _NET_WM_WINDOW_TYPE_NOTIFICATION: 256, _NET_WM_WINDOW_TYPE_NORMAL: 257, _NET_WM_WINDOW_TYPE_POPUP_MENU: 258, _NET_WM_WINDOW_TYPE_SPLASH: 259, _NET_WM_WINDOW_TYPE_TOOLBAR: 260, _NET_WM_WINDOW_TYPE_TOOLTIP: 261, _NET_WM_WINDOW_TYPE_UTILITY: 262, _NET_WM_STATE_MODAL: 263, _MOTIF_WM_HINTS: 264, _NET_STARTUP_ID: 265, WM_S0: 266, WM_STATE: 267, _NET_WM_CM_S0: 268, _NET_SUPPORTED: 269, _NET_ACTIVE_WINDOW: 270, _NET_CLIENT_LIST: 271, _NET_CLIENT_LIST_STACKING: 272, _NET_WM_PING: 273, _NET_WM_STATE: 274, _NET_WM_STATE_MAXIMIZED_VERT: 275, _NET_WM_STATE_MAXIMIZED_HORZ: 276, _NET_WM_STATE_HIDDEN: 277, _NET_WM_STATE_FULLSCREEN: 278, _NET_WM_STATE_FOCUSED: 279, _NET_SUPPORTING_WM_CHECK: 280, _XSETTINGS_SETTINGS: 281, _WL_SELECTION: 282, CLIPBOARD_MANAGER: 283, CLIPBOARD: 284, PRIMARY: 1, TARGETS: 285, TIMESTAMP: 286, INCR: 287, DELETE: 288, _XSETTINGS_S0: 289 }, state: Mutex { data: SharedSurfaceState { alive: true, wl_surface_id: None, wl_surface_serial: Some(1), mapped_onto: Some(2097158), geometry: Rectangle<smithay::utils::geometry::Logical> { x: 1280, y: 720, width: 1272, height: 688 }, override_redirect: false, wl_surface: Some(WlSurface { id: ObjectId(wl_surface@14[0], 17), version: 4, data: Some(Any { .. }), handle: WeakHandle { handle: WeakInnerHandle[rs] { .. } } }), title: "christoph@schleppi", class: "XTerm", instance: "xterm", startup_id: None, pid: Some(3117365), protocols: [DeleteWindow], hints: Some(WmHints { input: Some(true), initial_state: Some(Normal), icon_pixmap: Some(4194342), icon_window: None, icon_position: None, icon_mask: Some(4194344), window_group: None, urgent: false }), normal_hints: Some(WmSizeHints { position: None, size: Some((UserSpecified, 1272, 688)), min_size: Some((30, 27)), max_size: None, size_increment: Some((11, 23)), aspect: None, base_size: Some((19, 4)), win_gravity: Some(NORTH_WEST) }), transient_for: None, net_state: {279, 276, 275}, motif_hints: [0, 0, 0, 0, 0], window_type: [] }, poisoned: false, .. }, user_data: UserDataMap { list: AppendList(0x0) } }) [3mmods[0m[2m=[0mModifiersState { ctrl: false, alt: false, shift: false, caps_lock: false, logo: false, num_lock: false, iso_level3_shift: false, iso_level5_shift: false, serialized: SerializedMods { depressed: 0, latched: 0, locked: 0, layout_effective: 0 } }[1m}[0m[2m:[0m [2msmithay::input::keyboard[0m[2m:[0m [2m/home/christoph/.cargo/registry/src/index.crates.io-1949cf8c6b5b557f/smithay-0.7.0/src/input/keyboard/mod.rs[0m[2m:[0m[2m724:[0m new
[2m2026-09-25T18:33:55.527512Z[0m [32m INFO[0m ThreadId(01) [1minput_seat[0m[1m{[0m[3mname[0m[2m=[0m"wprs"[1m}[0m[2m:[0m[1madd_keyboard[0m[1m{[0m[3mxkb_config[0m[2m=[0mXkbConfig { rules: "", model: "", layout: "", variant: "", options: None } [3mrepeat_delay[0m[2m=[0m200 [3mrepeat_rate[0m[2m=[0m200[1m}[0m[2m:[0m[1minput_keyboard[0m[2m:[0m[1msend_keymap[0m[1m{[0m[3mfocus[0m[2m=[0mSome(X11Surface { xwm: Some(XwmId(0)), client_scale: Some(1.0), window: 4194322, conn: (Weak), atoms: Atoms { WL_SURFACE_ID: 240, WL_SURFACE_SERIAL: 241, _SMITHAY_CLOSE_CONNECTION: 242, UTF8_STRING: 243, TEXT: 244, WM_HINTS: 35, WM_PROTOCOLS: 245, WM_TAKE_FOCUS: 246, WM_DELETE_WINDOW: 247, WM_CHANGE_STATE: 248, _NET_WM_NAME: 249, _NET_WM_MOVERESIZE: 250, _NET_WM_PID: 251, _NET_WM_WINDOW_TYPE: 252, _NET_WM_WINDOW_TYPE_DROPDOWN_MENU: 253, _NET_WM_WINDOW_TYPE_DIALOG: 254, _NET_WM_WINDOW_TYPE_MENU: 255, _NET_WM_WINDOW_TYPE_NOTIFICATION: 256, _NET_WM_WINDOW_TYPE_NORMAL: 257, _NET_WM_WINDOW_TYPE_POPUP_MENU: 258, _NET_WM_WINDOW_TYPE_SPLASH: 259, _NET_WM_WINDOW_TYPE_TOOLBAR: 260, _NET_WM_WINDOW_TYPE_TOOLTIP: 261, _NET_WM_WINDOW_TYPE_UTILITY: 262, _NET_WM_STATE_MODAL: 263, _MOTIF_WM_HINTS: 264, _NET_STARTUP_ID: 265, WM_S0: 266, WM_STATE: 267, _NET_WM_CM_S0: 268, _NET_SUPPORTED: 269, _NET_ACTIVE_WINDOW: 270, _NET_CLIENT_LIST: 271, _NET_CLIENT_LIST_STACKING: 272, _NET_WM_PING: 273, _NET_WM_STATE: 274, _NET_WM_STATE_MAXIMIZED_VERT: 275, _NET_WM_STATE_MAXIMIZED_HORZ: 276, _NET_WM_STATE_HIDDEN: 277, _NET_WM_STATE_FULLSCREEN: 278, _NET_WM_STATE_FOCUSED: 279, _NET_SUPPORTING_WM_CHECK: 280, _XSETTINGS_SETTINGS: 281, _WL_SELECTION: 282, CLIPBOARD_MANAGER: 283, CLIPBOARD: 284, PRIMARY: 1, TARGETS: 285, TIMESTAMP: 286, INCR: 287, DELETE: 288, _XSETTINGS_S0: 289 }, state: Mutex { data: SharedSurfaceState { alive: true, wl_surface_id: None, wl_surface_serial: Some(1), mapped_onto: Some(2097158), geometry: Rectangle<smithay::utils::geometry::Logical> { x: 1280, y: 720, width: 1272, height: 688 }, override_redirect: false, wl_surface: Some(WlSurface { id: ObjectId(wl_surface@14[0], 17), version: 4, data: Some(Any { .. }), handle: WeakHandle { handle: WeakInnerHandle[rs] { .. } } }), title: "christoph@schleppi", class: "XTerm", instance: "xterm", startup_id: None, pid: Some(3117365), protocols: [DeleteWindow], hints: Some(WmHints { input: Some(true), initial_state: Some(Normal), icon_pixmap: Some(4194342), icon_window: None, icon_position: None, icon_mask: Some(4194344), window_group: None, urgent: false }), normal_hints: Some(WmSizeHints { position: None, size: Some((UserSpecified, 1272, 688)), min_size: Some((30, 27)), max_size: None, size_increment: Some((11, 23)), aspect: None, base_size: Some((19, 4)), win_gravity: Some(NORTH_WEST) }), transient_for: None, net_state: {279, 276, 275}, motif_hints: [0, 0, 0, 0, 0], window_type: [] }, poisoned: false, .. }, user_data: UserDataMap { list: AppendList(0x0) } }) [3mmods[0m[2m=[0mModifiersState { ctrl: false, alt: false, shift: false, caps_lock: false, logo: false, num_lock: false, iso_level3_shift: false, iso_level5_shift: false, serialized: SerializedMods { depressed: 0, latched: 0, locked: 0, layout_effective: 0 } }[1m}[0m[2m:[0m [2msmithay::input::keyboard[0m[2m:[0m [2m/home/christoph/.cargo/registry/src/index.crates.io-1949cf8c6b5b557f/smithay-0.7.0/src/input/keyboard/mod.rs[0m[2m:[0m[2m724:[0m close [3mtime.busy[0m[2m=[0m150ns [3mtime.idle[0m[2m=[0m20.7µs
[2m2026-09-25T18:33:55.527578Z[0m [32m INFO[0m ThreadId(01) [1minput_seat[0m[1m{[0m[3mname[0m[2m=[0m"wprs"[1m}[0m[2m:[0m[1madd_keyboard[0m[1m{[0m[3mxkb_config[0m[2m=[0mXkbConfig { rules: "", model: "", layout: "", variant: "", options: None } [3mrepeat_delay[0m[2m=[0m200 [3mrepeat_rate[0m[2m=[0m200[1m}[0m[2m:[0m[1minput_keyboard[0m[2m:[0m[1msend_keymap[0m[1m{[0m[3mfocus[0m[2m=[0mSome(X11Surface { xwm: Some(XwmId(0)), client_scale: Some(1.0), window: 4194322, conn: (Weak), atoms: Atoms { WL_SURFACE_ID: 240, WL_SURFACE_SERIAL: 241, _SMITHAY_CLOSE_CONNECTION: 242, UTF8_STRING: 243, TEXT: 244, WM_HINTS: 35, WM_PROTOCOLS: 245, WM_TAKE_FOCUS: 246, WM_DELETE_WINDOW: 247, WM_CHANGE_STATE: 248, _NET_WM_NAME: 249, _NET_WM_MOVERESIZE: 250, _NET_WM_PID: 251, _NET_WM_WINDOW_TYPE: 252, _NET_WM_WINDOW_TYPE_DROPDOWN_MENU: 253, _NET_WM_WINDOW_TYPE_DIALOG: 254, _NET_WM_WINDOW_TYPE_MENU: 255, _NET_WM_WINDOW_TYPE_NOTIFICATION: 256, _NET_WM_WINDOW_TYPE_NORMAL: 257, _NET_WM_WINDOW_TYPE_POPUP_MENU: 258, _NET_WM_WINDOW_TYPE_SPLASH: 259, _NET_WM_WINDOW_TYPE_TOOLBAR: 260, _NET_WM_WINDOW_TYPE_TOOLTIP: 261, _NET_WM_WINDOW_TYPE_UTILITY: 262, _NET_WM_STATE_MODAL: 263, _MOTIF_WM_HINTS: 264, _NET_STARTUP_ID: 265, WM_S0: 266, WM_STATE: 267, _NET_WM_CM_S0: 268, _NET_SUPPORTED: 269, _NET_ACTIVE_WINDOW: 270, _NET_CLIENT_LIST: 271, _NET_CLIENT_LIST_STACKING: 272, _NET_WM_PING: 273, _NET_WM_STATE: 274, _NET_WM_STATE_MAXIMIZED_VERT: 275, _NET_WM_STATE_MAXIMIZED_HORZ: 276, _NET_WM_STATE_HIDDEN: 277, _NET_WM_STATE_FULLSCREEN: 278, _NET_WM_STATE_FOCUSED: 279, _NET_SUPPORTING_WM_CHECK: 280, _XSETTINGS_SETTINGS: 281, _WL_SELECTION: 282, CLIPBOARD_MANAGER: 283, CLIPBOARD: 284, PRIMARY: 1, TARGETS: 285, TIMESTAMP: 286, INCR: 287, DELETE: 288, _XSETTINGS_S0: 289 }, state: Mutex { data: SharedSurfaceState { alive: true, wl_surface_id: None, wl_surface_serial: Some(1), mapped_onto: Some(2097158), geometry: Rectangle<smithay::utils::geometry::Logical> { x: 1280, y: 720, width: 1272, height: 688 }, override_redirect: false, wl_surface: Some(WlSurface { id: ObjectId(wl_surface@14[0], 17), version: 4, data: Some(Any { .. }), handle: WeakHandle { handle: WeakInnerHandle[rs] { .. } } }), title: "christoph@schleppi", class: "XTerm", instance: "xterm", startup_id: None, pid: Some(3117365), protocols: [DeleteWindow], hints: Some(WmHints { input: Some(true), initial_state: Some(Normal), icon_pixmap: Some(4194342), icon_window: None, icon_position: None, icon_mask: Some(4194344), window_group: None, urgent: false }), normal_hints: Some(WmSizeHints { position: None, size: Some((UserSpecified, 1272, 688)), min_size: Some((30, 27)), max_size: None, size_increment: Some((11, 23)), aspect: None, base_size: Some((19, 4)), win_gravity: Some(NORTH_WEST) }), transient_for: None, net_state: {279, 276, 275}, motif_hints: [0, 0, 0, 0, 0], window_type: [] }, poisoned: false, .. }, user_data: UserDataMap { list: AppendList(0x0) } }) [3mmods[0m[2m=[0mModifiersState { ctrl: false, alt: false, shift: false, caps_lock: false, logo: false, num_lock: false, iso_level3_shift: false, iso_level5_shift: false, serialized: SerializedMods { depressed: 0, latched: 0, locked: 0, layout_effective: 0 } }[1m}[0m[2m:[0m [2msmithay::input::keyboard[0m[2m:[0m [2m/home/christoph/.cargo/registry/src/index.crates.io-1949cf8c6b5b557f/smithay-0.7.0/src/input/keyboard/mod.rs[0m[2m:[0m[2m724:[0m new
[2m2026-09-25T18:33:55.527596Z[0m [32m INFO[0m ThreadId(01) [1minput_seat[0m[1m{[0m[3mname[0m[2m=[0m"wprs"[1m}[0m[2m:[0m[1madd_keyboard[0m[1m{[0m[3mxkb_config[0m[2m=[0mXkbConfig { rules: "", model: "", layout: "", variant: "", options: None } [3mrepeat_delay[0m[2m=[0m200 [3mrepeat_rate[0m[2m=[0m200[1m}[0m[2m:[0m[1minput_keyboard[0m[2m:[0m[1msend_keymap[0m[1m{[0m[3mfocus[0m[2m=[0mSome(X11Surface { xwm: Some(XwmId(0)), client_scale: Some(1.0), window: 4194322, conn: (Weak), atoms: Atoms { WL_SURFACE_ID: 240, WL_SURFACE_SERIAL: 241, _SMITHAY_CLOSE_CONNECTION: 242, UTF8_STRING: 243, TEXT: 244, WM_HINTS: 35, WM_PROTOCOLS: 245, WM_TAKE_FOCUS: 246, WM_DELETE_WINDOW: 247, WM_CHANGE_STATE: 248, _NET_WM_NAME: 249, _NET_WM_MOVERESIZE: 250, _NET_WM_PID: 251, _NET_WM_WINDOW_TYPE: 252, _NET_WM_WINDOW_TYPE_DROPDOWN_MENU: 253, _NET_WM_WINDOW_TYPE_DIALOG: 254, _NET_WM_WINDOW_TYPE_MENU: 255, _NET_WM_WINDOW_TYPE_NOTIFICATION: 256, _NET_WM_WINDOW_TYPE_NORMAL: 257, _NET_WM_WINDOW_TYPE_POPUP_MENU: 258, _NET_WM_WINDOW_TYPE_SPLASH: 259, _NET_WM_WINDOW_TYPE_TOOLBAR: 260, _NET_WM_WINDOW_TYPE_TOOLTIP: 261, _NET_WM_WINDOW_TYPE_UTILITY: 262, _NET_WM_STATE_MODAL: 263, _MOTIF_WM_HINTS: 264, _NET_STARTUP_ID: 265, WM_S0: 266, WM_STATE: 267, _NET_WM_CM_S0: 268, _NET_SUPPORTED: 269, _NET_ACTIVE_WINDOW: 270, _NET_CLIENT_LIST: 271, _NET_CLIENT_LIST_STACKING: 272, _NET_WM_PING: 273, _NET_WM_STATE: 274, _NET_WM_STATE_MAXIMIZED_VERT: 275, _NET_WM_STATE_MAXIMIZED_HORZ: 276, _NET_WM_STATE_HIDDEN: 277, _NET_WM_STATE_FULLSCREEN: 278, _NET_WM_STATE_FOCUSED: 279, _NET_SUPPORTING_WM_CHECK: 280, _XSETTINGS_SETTINGS: 281, _WL_SELECTION: 282, CLIPBOARD_MANAGER: 283, CLIPBOARD: 284, PRIMARY: 1, TARGETS: 285, TIMESTAMP: 286, INCR: 287, DELETE: 288, _XSETTINGS_S0: 289 }, state: Mutex { data: SharedSurfaceState { alive: true, wl_surface_id: None, wl_surface_serial: Some(1), mapped_onto: Some(2097158), geometry: Rectangle<smithay::utils::geometry::Logical> { x: 1280, y: 720, width: 1272, height: 688 }, override_redirect: false, wl_surface: Some(WlSurface { id: ObjectId(wl_surface@14[0], 17), version: 4, data: Some(Any { .. }), handle: WeakHandle { handle: WeakInnerHandle[rs] { .. } } }), title: "christoph@schleppi", class: "XTerm", instance: "xterm", startup_id: None, pid: Some(3117365), protocols: [DeleteWindow], hints: Some(WmHints { input: Some(true), initial_state: Some(Normal), icon_pixmap: Some(4194342), icon_window: None, icon_position: None, icon_mask: Some(4194344), window_group: None, urgent: false }), normal_hints: Some(WmSizeHints { position: None, size: Some((UserSpecified, 1272, 688)), min_size: Some((30, 27)), max_size: None, size_increment: Some((11, 23)), aspect: None, base_size: Some((19, 4)), win_gravity: Some(NORTH_WEST) }), transient_for: None, net_state: {279, 276, 275}, motif_hints: [0, 0, 0, 0, 0], window_type: [] }, poisoned: false, .. }, user_data: UserDataMap { list: AppendList(0x0) } }) [3mmods[0m[2m=[0mModifiersState { ctrl: false, alt: false, shift: false, caps_lock: false, logo: false, num_lock: false, iso_level3_shift: false, iso_level5_shift: false, serialized: SerializedMods { depressed: 0, latched: 0, locked: 0, layout_effective: 0 } }[1m}[0m[2m:[0m [2msmithay::input::keyboard[0m[2m:[0m [2m/home/christoph/.cargo/registry/src/index.crates.io-1949cf8c6b5b557f/smithay-0.7.0/src/input/keyboard/mod.rs[0m[2m:[0m[2m724:[0m close [3mtime.busy[0m[2m=[0m190ns [3mtime.idle[0m[2m=[0m17.8µs
[2m2026-09-25T18:33:55.527666Z[0m [32m INFO[0m ThreadId(01) [1minput_seat[0m[1m{[0m[3mname[0m[2m=[0m"wprs"[1m}[0m[2m:[0m[1madd_keyboard[0m[1m{[0m[3mxkb_config[0m[2m=[0mXkbConfig { rules: "", model: "", layout: "", variant: "", options: None } [3mrepeat_delay[0m[2m=[0m200 [3mrepeat_rate[0m[2m=[0m200[1m}[0m[2m:[0m[1minput_keyboard[0m[2m:[0m[1msend_keymap[0m[1m{[0m[3mfocus[0m[2m=[0mSome(X11Surface { xwm: Some(XwmId(0)), client_scale: Some(1.0), window: 4194322, conn: (Weak), atoms: Atoms { WL_SURFACE_ID: 240, WL_SURFACE_SERIAL: 241, _SMITHAY_CLOSE_CONNECTION: 242, UTF8_STRING: 243, TEXT: 244, WM_HINTS: 35, WM_PROTOCOLS: 245, WM_TAKE_FOCUS: 246, WM_DELETE_WINDOW: 247, WM_CHANGE_STATE: 248, _NET_WM_NAME: 249, _NET_WM_MOVERESIZE: 250, _NET_WM_PID: 251, _NET_WM_WINDOW_TYPE: 252, _NET_WM_WINDOW_TYPE_DROPDOWN_MENU: 253, _NET_WM_WINDOW_TYPE_DIALOG: 254, _NET_WM_WINDOW_TYPE_MENU: 255, _NET_WM_WINDOW_TYPE_NOTIFICATION: 256, _NET_WM_WINDOW_TYPE_NORMAL: 257, _NET_WM_WINDOW_TYPE_POPUP_MENU: 258, _NET_WM_WINDOW_TYPE_SPLASH: 259, _NET_WM_WINDOW_TYPE_TOOLBAR: 260, _NET_WM_WINDOW_TYPE_TOOLTIP: 261, _NET_WM_WINDOW_TYPE_UTILITY: 262, _NET_WM_STATE_MODAL: 263, _MOTIF_WM_HINTS: 264, _NET_STARTUP_ID: 265, WM_S0: 266, WM_STATE: 267, _NET_WM_CM_S0: 268, _NET_SUPPORTED: 269, _NET_ACTIVE_WINDOW: 270, _NET_CLIENT_LIST: 271, _NET_CLIENT_LIST_STACKING: 272, _NET_WM_PING: 273, _NET_WM_STATE: 274, _NET_WM_STATE_MAXIMIZED_VERT: 275, _NET_WM_STATE_MAXIMIZED_HORZ: 276, _NET_WM_STATE_HIDDEN: 277, _NET_WM_STATE_FULLSCREEN: 278, _NET_WM_STATE_FOCUSED: 279, _NET_SUPPORTING_WM_CHECK: 280, _XSETTINGS_SETTINGS: 281, _WL_SELECTION: 282, CLIPBOARD_MANAGER: 283, CLIPBOARD: 284, PRIMARY: 1, TARGETS: 285, TIMESTAMP: 286, INCR: 287, DELETE: 288, _XSETTINGS_S0: 289 }, state: Mutex { data: SharedSurfaceState { alive: true, wl_surface_id: None, wl_surface_serial: Some(1), mapped_onto: Some(2097158), geometry: Rectangle<smithay::utils::geometry::Logical> { x: 1280, y: 720, width: 1272, height: 688 }, override_redirect: false, wl_surface: Some(WlSurface { id: ObjectId(wl_surface@14[0], 17), version: 4, data: Some(Any { .. }), handle: WeakHandle { handle: WeakInnerHandle[rs] { .. } } }), title: "christoph@schleppi", class: "XTerm", instance: "xterm", startup_id: None, pid: Some(3117365), protocols: [DeleteWindow], hints: Some(WmHints { input: Some(true), initial_state: Some(Normal), icon_pixmap: Some(4194342), icon_window: None, icon_position: None, icon_mask: Some(4194344), window_group: None, urgent: false }), normal_hints: Some(WmSizeHints { position: None, size: Some((UserSpecified, 1272, 688)), min_size: Some((30, 27)), max_size: None, size_increment: Some((11, 23)), aspect: None, base_size: Some((19, 4)), win_gravity: Some(NORTH_WEST) }), transient_for: None, net_state: {279, 276, 275}, motif_hints: [0, 0, 0, 0, 0], window_type: [] }, poisoned: false, .. }, user_data: UserDataMap { list: AppendList(0x0) } }) [3mmods[0m[2m=[0mModifiersState { ctrl: false, alt: false, shift: false, caps_lock: false, logo: false, num_lock: false, iso_level3_shift: false, iso_level5_shift: false, serialized: SerializedMods { depressed: 0, latched: 0, locked: 0, layout_effective: 0 } }[1m}[0m[2m:[0m [2msmithay::input::keyboard[0m[2m:[0m [2m/home/christoph/.cargo/registry/src/index.crates.io-1949cf8c6b5b557f/smithay-0.7.0/src/input/keyboard/mod.rs[0m[2m:[0m[2m724:[0m new
[2m2026-09-25T18:33:55.527696Z[0m [32m INFO[0m ThreadId(01) [1minput_seat[0m[1m{[0m[3mname[0m[2m=[0m"wprs"[1m}[0m[2m:[0m[1madd_keyboard[0m[1m{[0m[3mxkb_config[0m[2m=[0mXkbConfig { rules: "", model: "", layout: "", variant: "", options: None } [3mrepeat_delay[0m[2m=[0m200 [3mrepeat_rate[0m[2m=[0m200[1m}[0m[2m:[0m[1minput_keyboard[0m[2m:[0m[1msend_keymap[0m[1m{[0m[3mfocus[0m[2m=[0mSome(X11Surface { xwm: Some(XwmId(0)), client_scale: Some(1.0), window: 4194322, conn: (Weak), atoms: Atoms { WL_SURFACE_ID: 240, WL_SURFACE_SERIAL: 241, _SMITHAY_CLOSE_CONNECTION: 242, UTF8_STRING: 243, TEXT: 244, WM_HINTS: 35, WM_PROTOCOLS: 245, WM_TAKE_FOCUS: 246, WM_DELETE_WINDOW: 247, WM_CHANGE_STATE: 248, _NET_WM_NAME: 249, _NET_WM_MOVERESIZE: 250, _NET_WM_PID: 251, _NET_WM_WINDOW_TYPE: 252, _NET_WM_WINDOW_TYPE_DROPDOWN_MENU: 253, _NET_WM_WINDOW_TYPE_DIALOG: 254, _NET_WM_WINDOW_TYPE_MENU: 255, _NET_WM_WINDOW_TYPE_NOTIFICATION: 256, _NET_WM_WINDOW_TYPE_NORMAL: 257, _NET_WM_WINDOW_TYPE_POPUP_MENU: 258, _NET_WM_WINDOW_TYPE_SPLASH: 259, _NET_WM_WINDOW_TYPE_TOOLBAR: 260, _NET_WM_WINDOW_TYPE_TOOLTIP: 261, _NET_WM_WINDOW_TYPE_UTILITY: 262, _NET_WM_STATE_MODAL: 263, _MOTIF_WM_HINTS: 264, _NET_STARTUP_ID: 265, WM_S0: 266, WM_STATE: 267, _NET_WM_CM_S0: 268, _NET_SUPPORTED: 269, _NET_ACTIVE_WINDOW: 270, _NET_CLIENT_LIST: 271, _NET_CLIENT_LIST_STACKING: 272, _NET_WM_PING: 273, _NET_WM_STATE: 274, _NET_WM_STATE_MAXIMIZED_VERT: 275, _NET_WM_STATE_MAXIMIZED_HORZ: 276, _NET_WM_STATE_HIDDEN: 277, _NET_WM_STATE_FULLSCREEN: 278, _NET_WM_STATE_FOCUSED: 279, _NET_SUPPORTING_WM_CHECK: 280, _XSETTINGS_SETTINGS: 281, _WL_SELECTION: 282, CLIPBOARD_MANAGER: 283, CLIPBOARD: 284, PRIMARY: 1, TARGETS: 285, TIMESTAMP: 286, INCR: 287, DELETE: 288, _XSETTINGS_S0: 289 }, state: Mutex { data: SharedSurfaceState { alive: true, wl_surface_id: None, wl_surface_serial: Some(1), mapped_onto: Some(2097158), geometry: Rectangle<smithay::utils::geometry::Logical> { x: 1280, y: 720, width: 1272, height: 688 }, override_redirect: false, wl_surface: Some(WlSurface { id: ObjectId(wl_surface@14[0], 17), version: 4, data: Some(Any { .. }), handle: WeakHandle { handle: WeakInnerHandle[rs] { .. } } }), title: "christoph@schleppi", class: "XTerm", instance: "xterm", startup_id: None, pid: Some(3117365), protocols: [DeleteWindow], hints: Some(WmHints { input: Some(true), initial_state: Some(Normal), icon_pixmap: Some(4194342), icon_window: None, icon_position: None, icon_mask: Some(4194344), window_group: None, urgent: false }), normal_hints: Some(WmSizeHints { position: None, size: Some((UserSpecified, 1272, 688)), min_size: Some((30, 27)), max_size: None, size_increment: Some((11, 23)), aspect: None, base_size: Some((19, 4)), win_gravity: Some(NORTH_WEST) }), transient_for: None, net_state: {279, 276, 275}, motif_hints: [0, 0, 0, 0, 0], window_type: [] }, poisoned: false, .. }, user_data: UserDataMap { list: AppendList(0x0) } }) [3mmods[0m[2m=[0mModifiersState { ctrl: false, alt: false, shift: false, caps_lock: false, logo: false, num_lock: false, iso_level3_shift: false, iso_level5_shift: false, serialized: SerializedMods { depressed: 0, latched: 0, locked: 0, layout_effective: 0 } }[1m}[0m[2m:[0m [2msmithay::input::keyboard[0m[2m:[0m [2m/home/christoph/.cargo/registry/src/index.crates.io-1949cf8c6b5b557f/smithay-0.7.0/src/input/keyboard/mod.rs[0m[2m:[0m[2m724:[0m close [3mtime.busy[0m[2m=[0m170ns [3mtime.idle[0m[2m=[0m30.1µs
[2m2026-09-25T18:33:55.527770Z[0m [32m INFO[0m ThreadId(01) [1minput_seat[0m[1m{[0m[3mname[0m[2m=[0m"wprs"[1m}[0m[2m:[0m[1madd_keyboard[0m[1m{[0m[3mxkb_config[0m[2m=[0mXkbConfig { rules: "", model: "", layout: "", variant: "", options: None } [3mrepeat_delay[0m[2m=[0m200 [3mrepeat_rate[0m[2m=[0m200[1m}[0m[2m:[0m[1minput_keyboard[0m[2m:[0m[1msend_keymap[0m[1m{[0m[3mfocus[0m[2m=[0mSome(X11Surface { xwm: Some(XwmId(0)), client_scale: Some(1.0), window: 4194322, conn: (Weak), atoms: Atoms { WL_SURFACE_ID: 240, WL_SURFACE_SERIAL: 241, _SMITHAY_CLOSE_CONNECTION: 242, UTF8_STRING: 243, TEXT: 244, WM_HINTS: 35, WM_PROTOCOLS: 245, WM_TAKE_FOCUS: 246, WM_DELETE_WINDOW: 247, WM_CHANGE_STATE: 248, _NET_WM_NAME: 249, _NET_WM_MOVERESIZE: 250, _NET_WM_PID: 251, _NET_WM_WINDOW_TYPE: 252, _NET_WM_WINDOW_TYPE_DROPDOWN_MENU: 253, _NET_WM_WINDOW_TYPE_DIALOG: 254, _NET_WM_WINDOW_TYPE_MENU: 255, _NET_WM_WINDOW_TYPE_NOTIFICATION: 256, _NET_WM_WINDOW_TYPE_NORMAL: 257, _NET_WM_WINDOW_TYPE_POPUP_MENU: 258, _NET_WM_WINDOW_TYPE_SPLASH: 259, _NET_WM_WINDOW_TYPE_TOOLBAR: 260, _NET_WM_WINDOW_TYPE_TOOLTIP: 261, _NET_WM_WINDOW_TYPE_UTILITY: 262, _NET_WM_STATE_MODAL: 263, _MOTIF_WM_HINTS: 264, _NET_STARTUP_ID: 265, WM_S0: 266, WM_STATE: 267, _NET_WM_CM_S0: 268, _NET_SUPPORTED: 269, _NET_ACTIVE_WINDOW: 270, _NET_CLIENT_LIST: 271, _NET_CLIENT_LIST_STACKING: 272, _NET_WM_PING: 273, _NET_WM_STATE: 274, _NET_WM_STATE_MAXIMIZED_VERT: 275, _NET_WM_STATE_MAXIMIZED_HORZ: 276, _NET_WM_STATE_HIDDEN: 277, _NET_WM_STATE_FULLSCREEN: 278, _NET_WM_STATE_FOCUSED: 279, _NET_SUPPORTING_WM_CHECK: 280, _XSETTINGS_SETTINGS: 281, _WL_SELECTION: 282, CLIPBOARD_MANAGER: 283, CLIPBOARD: 284, PRIMARY: 1, TARGETS: 285, TIMESTAMP: 286, INCR: 287, DELETE: 288, _XSETTINGS_S0: 289 }, state: Mutex { data: SharedSurfaceState { alive: true, wl_surface_id: None, wl_surface_serial: Some(1), mapped_onto: Some(2097158), geometry: Rectangle<smithay::utils::geometry::Logical> { x: 1280, y: 720, width: 1272, height: 688 }, override_redirect: false, wl_surface: Some(WlSurface { id: ObjectId(wl_surface@14[0], 17), version: 4, data: Some(Any { .. }), handle: WeakHandle { handle: WeakInnerHandle[rs] { .. } } }), title: "christoph@schleppi", class: "XTerm", instance: "xterm", startup_id: None, pid: Some(3117365), protocols: [DeleteWindow], hints: Some(WmHints { input: Some(true), initial_state: Some(Normal), icon_pixmap: Some(4194342), icon_window: None, icon_position: None, icon_mask: Some(4194344), window_group: None, urgent: false }), normal_hints: Some(WmSizeHints { position: None, size: Some((UserSpecified, 1272, 688)), min_size: Some((30, 27)), max_size: None, size_increment: Some((11, 23)), aspect: None, base_size: Some((19, 4)), win_gravity: Some(NORTH_WEST) }), transient_for: None, net_state: {279, 276, 275}, motif_hints: [0, 0, 0, 0, 0], window_type: [] }, poisoned: false, .. }, user_data: UserDataMap { list: AppendList(0x0) } }) [3mmods[0m[2m=[0mModifiersState { ctrl: false, alt: false, shift: false, caps_lock: false, logo: false, num_lock: false, iso_level3_shift: false, iso_level5_shift: false, serialized: SerializedMods { depressed: 0, latched: 0, locked: 0, layout_effective: 0 } }[1m}[0m[2m:[0m [2msmithay::input::keyboard[0m[2m:[0m [2m/home/christoph/.cargo/registry/src/index.crates.io-1949cf8c6b5b557f/smithay-0.7.0/src/input/keyboard/mod.rs[0m[2m:[0m[2m724:[0m new
[2m2026-09-25T18:33:55.527789Z[0m [32m INFO[0m ThreadId(01) [1minput_seat[0m[1m{[0m[3mname[0m[2m=[0m"wprs"[1m}[0m[2m:[0m[1madd_keyboard[0m[1m{[0m[3mxkb_config[0m[2m=[0mXkbConfig { rules: "", model: "", layout: "", variant: "", options: None } [3mrepeat_delay[0m[2m=[0m200 [3mrepeat_rate[0m[2m=[0m200[1m}[0m[2m:[0m[1minput_keyboard[0m[2m:[0m[1msend_keymap[0m[1m{[0m[3mfocus[0m[2m=[0mSome(X11Surface { xwm: Some(XwmId(0)), client_scale: Some(1.0), window: 4194322, conn: (Weak), atoms: Atoms { WL_SURFACE_ID: 240, WL_SURFACE_SERIAL: 241, _SMITHAY_CLOSE_CONNECTION: 242, UTF8_STRING: 243, TEXT: 244, WM_HINTS: 35, WM_PROTOCOLS: 245, WM_TAKE_FOCUS: 246, WM_DELETE_WINDOW: 247, WM_CHANGE_STATE: 248, _NET_WM_NAME: 249, _NET_WM_MOVERESIZE: 250, _NET_WM_PID: 251, _NET_WM_WINDOW_TYPE: 252, _NET_WM_WINDOW_TYPE_DROPDOWN_MENU: 253, _NET_WM_WINDOW_TYPE_DIALOG: 254, _NET_WM_WINDOW_TYPE_MENU: 255, _NET_WM_WINDOW_TYPE_NOTIFICATION: 256, _NET_WM_WINDOW_TYPE_NORMAL: 257, _NET_WM_WINDOW_TYPE_POPUP_MENU: 258, _NET_WM_WINDOW_TYPE_SPLASH: 259, _NET_WM_WINDOW_TYPE_TOOLBAR: 260, _NET_WM_WINDOW_TYPE_TOOLTIP: 261, _NET_WM_WINDOW_TYPE_UTILITY: 262, _NET_WM_STATE_MODAL: 263, _MOTIF_WM_HINTS: 264, _NET_STARTUP_ID: 265, WM_S0: 266, WM_STATE: 267, _NET_WM_CM_S0: 268, _NET_SUPPORTED: 269, _NET_ACTIVE_WINDOW: 270, _NET_CLIENT_LIST: 271, _NET_CLIENT_LIST_STACKING: 272, _NET_WM_PING: 273, _NET_WM_STATE: 274, _NET_WM_STATE_MAXIMIZED_VERT: 275, _NET_WM_STATE_MAXIMIZED_HORZ: 276, _NET_WM_STATE_HIDDEN: 277, _NET_WM_STATE_FULLSCREEN: 278, _NET_WM_STATE_FOCUSED: 279, _NET_SUPPORTING_WM_CHECK: 280, _XSETTINGS_SETTINGS: 281, _WL_SELECTION: 282, CLIPBOARD_MANAGER: 283, CLIPBOARD: 284, PRIMARY: 1, TARGETS: 285, TIMESTAMP: 286, INCR: 287, DELETE: 288, _XSETTINGS_S0: 289 }, state: Mutex { data: SharedSurfaceState { alive: true, wl_surface_id: None, wl_surface_serial: Some(1), mapped_onto: Some(2097158), geometry: Rectangle<smithay::utils::geometry::Logical> { x: 1280, y: 720, width: 1272, height: 688 }, override_redirect: false, wl_surface: Some(WlSurface { id: ObjectId(wl_surface@14[0], 17), version: 4, data: Some(Any { .. }), handle: WeakHandle { handle: WeakInnerHandle[rs] { .. } } }), title: "christoph@schleppi", class: "XTerm", instance: "xterm", startup_id: None, pid: Some(3117365), protocols: [DeleteWindow], hints: Some(WmHints { input: Some(true), initial_state: Some(Normal), icon_pixmap: Some(4194342), icon_window: None, icon_position: None, icon_mask: Some(4194344), window_group: None, urgent: false }), normal_hints: Some(WmSizeHints { position: None, size: Some((UserSpecified, 1272, 688)), min_size: Some((30, 27)), max_size: None, size_increment: Some((11, 23)), aspect: None, base_size: Some((19, 4)), win_gravity: Some(NORTH_WEST) }), transient_for: None, net_state: {279, 276, 275}, motif_hints: [0, 0, 0, 0, 0], window_type: [] }, poisoned: false, .. }, user_data: UserDataMap { list: AppendList(0x0) } }) [3mmods[0m[2m=[0mModifiersState { ctrl: false, alt: false, shift: false, caps_lock: false, logo: false, num_lock: false, iso_level3_shift: false, iso_level5_shift: false, serialized: SerializedMods { depressed: 0, latched: 0, locked: 0, layout_effective: 0 } }[1m}[0m[2m:[0m [2msmithay::input::keyboard[0m[2m:[0m [2m/home/christoph/.cargo/registry/src/index.crates.io-1949cf8c6b5b557f/smithay-0.7.0/src/input/keyboard/mod.rs[0m[2m:[0m[2m724:[0m close [3mtime.busy[0m[2m=[0m331ns [3mtime.idle[0m[2m=[0m18.9µs
[2m2026-09-25T18:33:55.527860Z[0m [32m INFO[0m ThreadId(01) [1minput_seat[0m[1m{[0m[3mname[0m[2m=[0m"wprs"[1m}[0m[2m:[0m[1madd_keyboard[0m[1m{[0m[3mxkb_config[0m[2m=[0mXkbConfig { rules: "", model: "", layout: "", variant: "", options: None } [3mrepeat_delay[0m[2m=[0m200 [3mrepeat_rate[0m[2m=[0m200[1m}[0m[2m:[0m[1minput_keyboard[0m[2m:[0m[1msend_keymap[0m[1m{[0m[3mfocus[0m[2m=[0mSome(X11Surface { xwm: Some(XwmId(0)), client_scale: Some(1.0), window: 4194322, conn: (Weak), atoms: Atoms { WL_SURFACE_ID: 240, WL_SURFACE_SERIAL: 241, _SMITHAY_CLOSE_CONNECTION: 242, UTF8_STRING: 243, TEXT: 244, WM_HINTS: 35, WM_PROTOCOLS: 245, WM_TAKE_FOCUS: 246, WM_DELETE_WINDOW: 247, WM_CHANGE_STATE: 248, _NET_WM_NAME: 249, _NET_WM_MOVERESIZE: 250, _NET_WM_PID: 251, _NET_WM_WINDOW_TYPE: 252, _NET_WM_WINDOW_TYPE_DROPDOWN_MENU: 253, _NET_WM_WINDOW_TYPE_DIALOG: 254, _NET_WM_WINDOW_TYPE_MENU: 255, _NET_WM_WINDOW_TYPE_NOTIFICATION: 256, _NET_WM_WINDOW_TYPE_NORMAL: 257, _NET_WM_WINDOW_TYPE_POPUP_MENU: 258, _NET_WM_WINDOW_TYPE_SPLASH: 259, _NET_WM_WINDOW_TYPE_TOOLBAR: 260, _NET_WM_WINDOW_TYPE_TOOLTIP: 261, _NET_WM_WINDOW_TYPE_UTILITY: 262, _NET_WM_STATE_MODAL: 263, _MOTIF_WM_HINTS: 264, _NET_STARTUP_ID: 265, WM_S0: 266, WM_STATE: 267, _NET_WM_CM_S0: 268, _NET_SUPPORTED: 269, _NET_ACTIVE_WINDOW: 270, _NET_CLIENT_LIST: 271, _NET_CLIENT_LIST_STACKING: 272, _NET_WM_PING: 273, _NET_WM_STATE: 274, _NET_WM_STATE_MAXIMIZED_VERT: 275, _NET_WM_STATE_MAXIMIZED_HORZ: 276, _NET_WM_STATE_HIDDEN: 277, _NET_WM_STATE_FULLSCREEN: 278, _NET_WM_STATE_FOCUSED: 279, _NET_SUPPORTING_WM_CHECK: 280, _XSETTINGS_SETTINGS: 281, _WL_SELECTION: 282, CLIPBOARD_MANAGER: 283, CLIPBOARD: 284, PRIMARY: 1, TARGETS: 285, TIMESTAMP: 286, INCR: 287, DELETE: 288, _XSETTINGS_S0: 289 }, state: Mutex { data: SharedSurfaceState { alive: true, wl_surface_id: None, wl_surface_serial: Some(1), mapped_onto: Some(2097158), geometry: Rectangle<smithay::utils::geometry::Logical> { x: 1280, y: 720, width: 1272, height: 688 }, override_redirect: false, wl_surface: Some(WlSurface { id: ObjectId(wl_surface@14[0], 17), version: 4, data: Some(Any { .. }), handle: WeakHandle { handle: WeakInnerHandle[rs] { .. } } }), title: "christoph@schleppi", class: "XTerm", instance: "xterm", startup_id: None, pid: Some(3117365), protocols: [DeleteWindow], hints: Some(WmHints { input: Some(true), initial_state: Some(Normal), icon_pixmap: Some(4194342), icon_window: None, icon_position: None, icon_mask: Some(4194344), window_group: None, urgent: false }), normal_hints: Some(WmSizeHints { position: None, size: Some((UserSpecified, 1272, 688)), min_size: Some((30, 27)), max_size: None, size_increment: Some((11, 23)), aspect: None, base_size: Some((19, 4)), win_gravity: Some(NORTH_WEST) }), transient_for: None, net_state: {279, 276, 275}, motif_hints: [0, 0, 0, 0, 0], window_type: [] }, poisoned: false, .. }, user_data: UserDataMap { list: AppendList(0x0) } }) [3mmods[0m[2m=[0mModifiersState { ctrl: false, alt: false, shift: false, caps_lock: false, logo: false, num_lock: false, iso_level3_shift: false, iso_level5_shift: false, serialized: SerializedMods { depressed: 0, latched: 0, locked: 0, layout_effective: 0 } }[1m}[0m[2m:[0m [2msmithay::input::keyboard[0m[2m:[0m [2m/home/christoph/.cargo/registry/src/index.crates.io-1949cf8c6b5b557f/smithay-0.7.0/src/input/keyboard/mod.rs[0m[2m:[0m[2m724:[0m new
[2m2026-09-25T18:33:55.527876Z[0m [32m INFO[0m ThreadId(01) [1minput_seat[0m[1m{[0m[3mname[0m[2m=[0m"wprs"[1m}[0m[2m:[0m[1madd_keyboard[0m[1m{[0m[3mxkb_config[0m[2m=[0mXkbConfig { rules: "", model: "", layout: "", variant: "", options: None } [3mrepeat_delay[0m[2m=[0m200 [3mrepeat_rate[0m[2m=[0m200[1m}[0m[2m:[0m[1minput_keyboard[0m[2m:[0m[1msend_keymap[0m[1m{[0m[3mfocus[0m[2m=[0mSome(X11Surface { xwm: Some(XwmId(0)), client_scale: Some(1.0), window: 4194322, conn: (Weak), atoms: Atoms { WL_SURFACE_ID: 240, WL_SURFACE_SERIAL: 241, _SMITHAY_CLOSE_CONNECTION: 242, UTF8_STRING: 243, TEXT: 244, WM_HINTS: 35, WM_PROTOCOLS: 245, WM_TAKE_FOCUS: 246, WM_DELETE_WINDOW: 247, WM_CHANGE_STATE: 248, _NET_WM_NAME: 249, _NET_WM_MOVERESIZE: 250, _NET_WM_PID: 251, _NET_WM_WINDOW_TYPE: 252, _NET_WM_WINDOW_TYPE_DROPDOWN_MENU: 253, _NET_WM_WINDOW_TYPE_DIALOG: 254, _NET_WM_WINDOW_TYPE_MENU: 255, _NET_WM_WINDOW_TYPE_NOTIFICATION: 256, _NET_WM_WINDOW_TYPE_NORMAL: 257, _NET_WM_WINDOW_TYPE_POPUP_MENU: 258, _NET_WM_WINDOW_TYPE_SPLASH: 259, _NET_WM_WINDOW_TYPE_TOOLBAR: 260, _NET_WM_WINDOW_TYPE_TOOLTIP: 261, _NET_WM_WINDOW_TYPE_UTILITY: 262, _NET_WM_STATE_MODAL: 263, _MOTIF_WM_HINTS: 264, _NET_STARTUP_ID: 265, WM_S0: 266, WM_STATE: 267, _NET_WM_CM_S0: 268, _NET_SUPPORTED: 269, _NET_ACTIVE_WINDOW: 270, _NET_CLIENT_LIST: 271, _NET_CLIENT_LIST_STACKING: 272, _NET_WM_PING: 273, _NET_WM_STATE: 274, _NET_WM_STATE_MAXIMIZED_VERT: 275, _NET_WM_STATE_MAXIMIZED_HORZ: 276, _NET_WM_STATE_HIDDEN: 277, _NET_WM_STATE_FULLSCREEN: 278, _NET_WM_STATE_FOCUSED: 279, _NET_SUPPORTING_WM_CHECK: 280, _XSETTINGS_SETTINGS: 281, _WL_SELECTION: 282, CLIPBOARD_MANAGER: 283, CLIPBOARD: 284, PRIMARY: 1, TARGETS: 285, TIMESTAMP: 286, INCR: 287, DELETE: 288, _XSETTINGS_S0: 289 }, state: Mutex { data: SharedSurfaceState { alive: true, wl_surface_id: None, wl_surface_serial: Some(1), mapped_onto: Some(2097158), geometry: Rectangle<smithay::utils::geometry::Logical> { x: 1280, y: 720, width: 1272, height: 688 }, override_redirect: false, wl_surface: Some(WlSurface { id: ObjectId(wl_surface@14[0], 17), version: 4, data: Some(Any { .. }), handle: WeakHandle { handle: WeakInnerHandle[rs] { .. } } }), title: "christoph@schleppi", class: "XTerm", instance: "xterm", startup_id: None, pid: Some(3117365), protocols: [DeleteWindow], hints: Some(WmHints { input: Some(true), initial_state: Some(Normal), icon_pixmap: Some(4194342), icon_window: None, icon_position: None, icon_mask: Some(4194344), window_group: None, urgent: false }), normal_hints: Some(WmSizeHints { position: None, size: Some((UserSpecified, 1272, 688)), min_size: Some((30, 27)), max_size: None, size_increment: Some((11, 23)), aspect: None, base_size: Some((19, 4)), win_gravity: Some(NORTH_WEST) }), transient_for: None, net_state: {279, 276, 275}, motif_hints: [0, 0, 0, 0, 0], window_type: [] }, poisoned: false, .. }, user_data: UserDataMap { list: AppendList(0x0) } }) [3mmods[0m[2m=[0mModifiersState { ctrl: false, alt: false, shift: false, caps_lock: false, logo: false, num_lock: false, iso_level3_shift: false, iso_level5_shift: false, serialized: SerializedMods { depressed: 0, latched: 0, locked: 0, layout_effective: 0 } }[1m}[0m[2m:[0m [2msmithay::input::keyboard[0m[2m:[0m [2m/home/christoph/.cargo/registry/src/index.crates.io-1949cf8c6b5b557f/smithay-0.7.0/src/input/keyboard/mod.rs[0m[2m:[0m[2m724:[0m close [3mtime.busy[0m[2m=[0m150ns [3mtime.idle[0m[2m=[0m15.4µs
[2m2026-09-25T18:33:55.527943Z[0m [32m INFO[0m ThreadId(01) [1minput_seat[0m[1m{[0m[3mname[0m[2m=[0m"wprs"[1m}[0m[2m:[0m[1madd_keyboard[0m[1m{[0m[3mxkb_config[0m[2m=[0mXkbConfig { rules: "", model: "", layout: "", variant: "", options: None } [3mrepeat_delay[0m[2m=[0m200 [3mrepeat_rate[0m[2m=[0m200[1m}[0m[2m:[0m[1minput_keyboard[0m[2m:[0m[1msend_keymap[0m[1m{[0m[3mfocus[0m[2m=[0mSome(X11Surface { xwm: Some(XwmId(0)), client_scale: Some(1.0), window: 4194322, conn: (Weak), atoms: Atoms { WL_SURFACE_ID: 240, WL_SURFACE_SERIAL: 241, _SMITHAY_CLOSE_CONNECTION: 242, UTF8_STRING: 243, TEXT: 244, WM_HINTS: 35, WM_PROTOCOLS: 245, WM_TAKE_FOCUS: 246, WM_DELETE_WINDOW: 247, WM_CHANGE_STATE: 248, _NET_WM_NAME: 249, _NET_WM_MOVERESIZE: 250, _NET_WM_PID: 251, _NET_WM_WINDOW_TYPE: 252, _NET_WM_WINDOW_TYPE_DROPDOWN_MENU: 253, _NET_WM_WINDOW_TYPE_DIALOG: 254, _NET_WM_WINDOW_TYPE_MENU: 255, _NET_WM_WINDOW_TYPE_NOTIFICATION: 256, _NET_WM_WINDOW_TYPE_NORMAL: 257, _NET_WM_WINDOW_TYPE_POPUP_MENU: 258, _NET_WM_WINDOW_TYPE_SPLASH: 259, _NET_WM_WINDOW_TYPE_TOOLBAR: 260, _NET_WM_WINDOW_TYPE_TOOLTIP: 261, _NET_WM_WINDOW_TYPE_UTILITY: 262, _NET_WM_STATE_MODAL: 263, _MOTIF_WM_HINTS: 264, _NET_STARTUP_ID: 265, WM_S0: 266, WM_STATE: 267, _NET_WM_CM_S0: 268, _NET_SUPPORTED: 269, _NET_ACTIVE_WINDOW: 270, _NET_CLIENT_LIST: 271, _NET_CLIENT_LIST_STACKING: 272, _NET_WM_PING: 273, _NET_WM_STATE: 274, _NET_WM_STATE_MAXIMIZED_VERT: 275, _NET_WM_STATE_MAXIMIZED_HORZ: 276, _NET_WM_STATE_HIDDEN: 277, _NET_WM_STATE_FULLSCREEN: 278, _NET_WM_STATE_FOCUSED: 279, _NET_SUPPORTING_WM_CHECK: 280, _XSETTINGS_SETTINGS: 281, _WL_SELECTION: 282, CLIPBOARD_MANAGER: 283, CLIPBOARD: 284, PRIMARY: 1, TARGETS: 285, TIMESTAMP: 286, INCR: 287, DELETE: 288, _XSETTINGS_S0: 289 }, state: Mutex { data: SharedSurfaceState { alive: true, wl_surface_id: None, wl_surface_serial: Some(1), mapped_onto: Some(2097158), geometry: Rectangle<smithay::utils::geometry::Logical> { x: 1280, y: 720, width: 1272, height: 688 }, override_redirect: false, wl_surface: Some(WlSurface { id: ObjectId(wl_surface@14[0], 17), version: 4, data: Some(Any { .. }), handle: WeakHandle { handle: WeakInnerHandle[rs] { .. } } }), title: "christoph@schleppi", class: "XTerm", instance: "xterm", startup_id: None, pid: Some(3117365), protocols: [DeleteWindow], hints: Some(WmHints { input: Some(true), initial_state: Some(Normal), icon_pixmap: Some(4194342), icon_window: None, icon_position: None, icon_mask: Some(4194344), window_group: None, urgent: false }), normal_hints: Some(WmSizeHints { position: None, size: Some((UserSpecified, 1272, 688)), min_size: Some((30, 27)), max_size: None, size_increment: Some((11, 23)), aspect: None, base_size: Some((19, 4)), win_gravity: Some(NORTH_WEST) }), transient_for: None, net_state: {279, 276, 275}, motif_hints: [0, 0, 0, 0, 0], window_type: [] }, poisoned: false, .. }, user_data: UserDataMap { list: AppendList(0x0) } }) [3mmods[0m[2m=[0mModifiersState { ctrl: false, alt: false, shift: false, caps_lock: false, logo: false, num_lock: false, iso_level3_shift: false, iso_level5_shift: false, serialized: SerializedMods { depressed: 0, latched: 0, locked: 0, layout_effective: 0 } }[1m}[0m[2m:[0m [2msmithay::input::keyboard[0m[2m:[0m [2m/home/christoph/.cargo/registry/src/index.crates.io-1949cf8c6b5b557f/smithay-0.7.0/src/input/keyboard/mod.rs[0m[2m:[0m[2m724:[0m new
[2m2026-09-25T18:33:55.527962Z[0m [32m INFO[0m ThreadId(01) [1minput_seat[0m[1m{[0m[3mname[0m[2m=[0m"wprs"[1m}[0m[2m:[0m[1madd_keyboard[0m[1m{[0m[3mxkb_config[0m[2m=[0mXkbConfig { rules: "", model: "", layout: "", variant: "", options: None } [3mrepeat_delay[0m[2m=[0m200 [3mrepeat_rate[0m[2m=[0m200[1m}[0m[2m:[0m[1minput_keyboard[0m[2m:[0m[1msend_keymap[0m[1m{[0m[3mfocus[0m[2m=[0mSome(X11Surface { xwm: Some(XwmId(0)), client_scale: Some(1.0), window: 4194322, conn: (Weak), atoms: Atoms { WL_SURFACE_ID: 240, WL_SURFACE_SERIAL: 241, _SMITHAY_CLOSE_CONNECTION: 242, UTF8_STRING: 243, TEXT: 244, WM_HINTS: 35, WM_PROTOCOLS: 245, WM_TAKE_FOCUS: 246, WM_DELETE_WINDOW: 247, WM_CHANGE_STATE: 248, _NET_WM_NAME: 249, _NET_WM_MOVERESIZE: 250, _NET_WM_PID: 251, _NET_WM_WINDOW_TYPE: 252, _NET_WM_WINDOW_TYPE_DROPDOWN_MENU: 253, _NET_WM_WINDOW_TYPE_DIALOG: 254, _NET_WM_WINDOW_TYPE_MENU: 255, _NET_WM_WINDOW_TYPE_NOTIFICATION: 256, _NET_WM_WINDOW_TYPE_NORMAL: 257, _NET_WM_WINDOW_TYPE_POPUP_MENU: 258, _NET_WM_WINDOW_TYPE_SPLASH: 259, _NET_WM_WINDOW_TYPE_TOOLBAR: 260, _NET_WM_WINDOW_TYPE_TOOLTIP: 261, _NET_WM_WINDOW_TYPE_UTILITY: 262, _NET_WM_STATE_MODAL: 263, _MOTIF_WM_HINTS: 264, _NET_STARTUP_ID: 265, WM_S0: 266, WM_STATE: 267, _NET_WM_CM_S0: 268, _NET_SUPPORTED: 269, _NET_ACTIVE_WINDOW: 270, _NET_CLIENT_LIST: 271, _NET_CLIENT_LIST_STACKING: 272, _NET_WM_PING: 273, _NET_WM_STATE: 274, _NET_WM_STATE_MAXIMIZED_VERT: 275, _NET_WM_STATE_MAXIMIZED_HORZ: 276, _NET_WM_STATE_HIDDEN: 277, _NET_WM_STATE_FULLSCREEN: 278, _NET_WM_STATE_FOCUSED: 279, _NET_SUPPORTING_WM_CHECK: 280, _XSETTINGS_SETTINGS: 281, _WL_SELECTION: 282, CLIPBOARD_MANAGER: 283, CLIPBOARD: 284, PRIMARY: 1, TARGETS: 285, TIMESTAMP: 286, INCR: 287, DELETE: 288, _XSETTINGS_S0: 289 }, state: Mutex { data: SharedSurfaceState { alive: true, wl_surface_id: None, wl_surface_serial: Some(1), mapped_onto: Some(2097158), geometry: Rectangle<smithay::utils::geometry::Logical> { x: 1280, y: 720, width: 1272, height: 688 }, override_redirect: false, wl_surface: Some(WlSurface { id: ObjectId(wl_surface@14[0], 17), version: 4, data: Some(Any { .. }), handle: WeakHandle { handle: WeakInnerHandle[rs] { .. } } }), title: "christoph@schleppi", class: "XTerm", instance: "xterm", startup_id: None, pid: Some(3117365), protocols: [DeleteWindow], hints: Some(WmHints { input: Some(true), initial_state: Some(Normal), icon_pixmap: Some(4194342), icon_window: None, icon_position: None, icon_mask: Some(4194344), window_group: None, urgent: false }), normal_hints: Some(WmSizeHints { position: None, size: Some((UserSpecified, 1272, 688)), min_size: Some((30, 27)), max_size: None, size_increment: Some((11, 23)), aspect: None, base_size: Some((19, 4)), win_gravity: Some(NORTH_WEST) }), transient_for: None, net_state: {279, 276, 275}, motif_hints: [0, 0, 0, 0, 0], window_type: [] }, poisoned: false, .. }, user_data: UserDataMap { list: AppendList(0x0) } }) [3mmods[0m[2m=[0mModifiersState { ctrl: false, alt: false, shift: false, caps_lock: false, logo: false, num_lock: false, iso_level3_shift: false, iso_level5_shift: false, serialized: SerializedMods { depressed: 0, latched: 0, locked: 0, layout_effective: 0 } }[1m}[0m[2m:[0m [2msmithay::input::keyboard[0m[2m:[0m [2m/home/christoph/.cargo/registry/src/index.crates.io-1949cf8c6b5b557f/smithay-0.7.0/src/input/keyboard/mod.rs[0m[2m:[0m[2m724:[0m close [3mtime.busy[0m[2m=[0m190ns [3mtime.idle[0m[2m=[0m19.4µs
[2m2026-09-25T18:33:55.528034Z[0m [32m INFO[0m ThreadId(01) [1minput_seat[0m[1m{[0m[3mname[0m[2m=[0m"wprs"[1m}[0m[2m:[0m[1madd_keyboard[0m[1m{[0m[3mxkb_config[0m[2m=[0mXkbConfig { rules: "", model: "", layout: "", variant: "", options: None } [3mrepeat_delay[0m[2m=[0m200 [3mrepeat_rate[0m[2m=[0m200[1m}[0m[2m:[0m[1minput_keyboard[0m[2m:[0m[1msend_keymap[0m[1m{[0m[3mfocus[0m[2m=[0mSome(X11Surface { xwm: Some(XwmId(0)), client_scale: Some(1.0), window: 4194322, conn: (Weak), atoms: Atoms { WL_SURFACE_ID: 240, WL_SURFACE_SERIAL: 241, _SMITHAY_CLOSE_CONNECTION: 242, UTF8_STRING: 243, TEXT: 244, WM_HINTS: 35, WM_PROTOCOLS: 245, WM_TAKE_FOCUS: 246, WM_DELETE_WINDOW: 247, WM_CHANGE_STATE: 248, _NET_WM_NAME: 249, _NET_WM_MOVERESIZE: 250, _NET_WM_PID: 251, _NET_WM_WINDOW_TYPE: 252, _NET_WM_WINDOW_TYPE_DROPDOWN_MENU: 253, _NET_WM_WINDOW_TYPE_DIALOG: 254, _NET_WM_WINDOW_TYPE_MENU: 255, _NET_WM_WINDOW_TYPE_NOTIFICATION: 256, _NET_WM_WINDOW_TYPE_NORMAL: 257, _NET_WM_WINDOW_TYPE_POPUP_MENU: 258, _NET_WM_WINDOW_TYPE_SPLASH: 259, _NET_WM_WINDOW_TYPE_TOOLBAR: 260, _NET_WM_WINDOW_TYPE_TOOLTIP: 261, _NET_WM_WINDOW_TYPE_UTILITY: 262, _NET_WM_STATE_MODAL: 263, _MOTIF_WM_HINTS: 264, _NET_STARTUP_ID: 265, WM_S0: 266, WM_STATE: 267, _NET_WM_CM_S0: 268, _NET_SUPPORTED: 269, _NET_ACTIVE_WINDOW: 270, _NET_CLIENT_LIST: 271, _NET_CLIENT_LIST_STACKING: 272, _NET_WM_PING: 273, _NET_WM_STATE: 274, _NET_WM_STATE_MAXIMIZED_VERT: 275, _NET_WM_STATE_MAXIMIZED_HORZ: 276, _NET_WM_STATE_HIDDEN: 277, _NET_WM_STATE_FULLSCREEN: 278, _NET_WM_STATE_FOCUSED: 279, _NET_SUPPORTING_WM_CHECK: 280, _XSETTINGS_SETTINGS: 281, _WL_SELECTION: 282, CLIPBOARD_MANAGER: 283, CLIPBOARD: 284, PRIMARY: 1, TARGETS: 285, TIMESTAMP: 286, INCR: 287, DELETE: 288, _XSETTINGS_S0: 289 }, state: Mutex { data: SharedSurfaceState { alive: true, wl_surface_id: None, wl_surface_serial: Some(1), mapped_onto: Some(2097158), geometry: Rectangle<smithay::utils::geometry::Logical> { x: 1280, y: 720, width: 1272, height: 688 }, override_redirect: false, wl_surface: Some(WlSurface { id: ObjectId(wl_surface@14[0], 17), version: 4, data: Some(Any { .. }), handle: WeakHandle { handle: WeakInnerHandle[rs] { .. } } }), title: "christoph@schleppi", class: "XTerm", instance: "xterm", startup_id: None, pid: Some(3117365), protocols: [DeleteWindow], hints: Some(WmHints { input: Some(true), initial_state: Some(Normal), icon_pixmap: Some(4194342), icon_window: None, icon_position: None, icon_mask: Some(4194344), window_group: None, urgent: false }), normal_hints: Some(WmSizeHints { position: None, size: Some((UserSpecified, 1272, 688)), min_size: Some((30, 27)), max_size: None, size_increment: Some((11, 23)), aspect: None, base_size: Some((19, 4)), win_gravity: Some(NORTH_WEST) }), transient_for: None, net_state: {279, 276, 275}, motif_hints: [0, 0, 0, 0, 0], window_type: [] }, poisoned: false, .. }, user_data: UserDataMap { list: AppendList(0x0) } }) [3mmods[0m[2m=[0mModifiersState { ctrl: false, alt: false, shift: false, caps_lock: false, logo: false, num_lock: false, iso_level3_shift: false, iso_level5_shift: false, serialized: SerializedMods { depressed: 0, latched: 0, locked: 0, layout_effective: 0 } }[1m}[0m[2m:[0m [2msmithay::input::keyboard[0m[2m:[0m [2m/home/christoph/.cargo/registry/src/index.crates.io-1949cf8c6b5b557f/smithay-0.7.0/src/input/keyboard/mod.rs[0m[2m:[0m[2m724:[0m new
[2m2026-09-25T18:33:55.528054Z[0m [32m INFO[0m ThreadId(01) [1minput_seat[0m[1m{[0m[3mname[0m[2m=[0m"wprs"[1m}[0m[2m:[0m[1madd_keyboard[0m[1m{[0m[3mxkb_config[0m[2m=[0mXkbConfig { rules: "", model: "", layout: "", variant: "", options: None } [3mrepeat_delay[0m[2m=[0m200 [3mrepeat_rate[0m[2m=[0m200[1m}[0m[2m:[0m[1minput_keyboard[0m[2m:[0m[1msend_keymap[0m[1m{[0m[3mfocus[0m[2m=[0mSome(X11Surface { xwm: Some(XwmId(0)), client_scale: Some(1.0), window: 4194322, conn: (Weak), atoms: Atoms { WL_SURFACE_ID: 240, WL_SURFACE_SERIAL: 241, _SMITHAY_CLOSE_CONNECTION: 242, UTF8_STRING: 243, TEXT: 244, WM_HINTS: 35, WM_PROTOCOLS: 245, WM_TAKE_FOCUS: 246, WM_DELETE_WINDOW: 247, WM_CHANGE_STATE: 248, _NET_WM_NAME: 249, _NET_WM_MOVERESIZE: 250, _NET_WM_PID: 251, _NET_WM_WINDOW_TYPE: 252, _NET_WM_WINDOW_TYPE_DROPDOWN_MENU: 253, _NET_WM_WINDOW_TYPE_DIALOG: 254, _NET_WM_WINDOW_TYPE_MENU: 255, _NET_WM_WINDOW_TYPE_NOTIFICATION: 256, _NET_WM_WINDOW_TYPE_NORMAL: 257, _NET_WM_WINDOW_TYPE_POPUP_MENU: 258, _NET_WM_WINDOW_TYPE_SPLASH: 259, _NET_WM_WINDOW_TYPE_TOOLBAR: 260, _NET_WM_WINDOW_TYPE_TOOLTIP: 261, _NET_WM_WINDOW_TYPE_UTILITY: 262, _NET_WM_STATE_MODAL: 263, _MOTIF_WM_HINTS: 264, _NET_STARTUP_ID: 265, WM_S0: 266, WM_STATE: 267, _NET_WM_CM_S0: 268, _NET_SUPPORTED: 269, _NET_ACTIVE_WINDOW: 270, _NET_CLIENT_LIST: 271, _NET_CLIENT_LIST_STACKING: 272, _NET_WM_PING: 273, _NET_WM_STATE: 274, _NET_WM_STATE_MAXIMIZED_VERT: 275, _NET_WM_STATE_MAXIMIZED_HORZ: 276, _NET_WM_STATE_HIDDEN: 277, _NET_WM_STATE_FULLSCREEN: 278, _NET_WM_STATE_FOCUSED: 279, _NET_SUPPORTING_WM_CHECK: 280, _XSETTINGS_SETTINGS: 281, _WL_SELECTION: 282, CLIPBOARD_MANAGER: 283, CLIPBOARD: 284, PRIMARY: 1, TARGETS: 285, TIMESTAMP: 286, INCR: 287, DELETE: 288, _XSETTINGS_S0: 289 }, state: Mutex { data: SharedSurfaceState { alive: true, wl_surface_id: None, wl_surface_serial: Some(1), mapped_onto: Some(2097158), geometry: Rectangle<smithay::utils::geometry::Logical> { x: 1280, y: 720, width: 1272, height: 688 }, override_redirect: false, wl_surface: Some(WlSurface { id: ObjectId(wl_surface@14[0], 17), version: 4, data: Some(Any { .. }), handle: WeakHandle { handle: WeakInnerHandle[rs] { .. } } }), title: "christoph@schleppi", class: "XTerm", instance: "xterm", startup_id: None, pid: Some(3117365), protocols: [DeleteWindow], hints: Some(WmHints { input: Some(true), initial_state: Some(Normal), icon_pixmap: Some(4194342), icon_window: None, icon_position: None, icon_mask: Some(4194344), window_group: None, urgent: false }), normal_hints: Some(WmSizeHints { position: None, size: Some((UserSpecified, 1272, 688)), min_size: Some((30, 27)), max_size: None, size_increment: Some((11, 23)), aspect: None, base_size: Some((19, 4)), win_gravity: Some(NORTH_WEST) }), transient_for: None, net_state: {279, 276, 275}, motif_hints: [0, 0, 0, 0, 0], window_type: [] }, poisoned: false, .. }, user_data: UserDataMap { list: AppendList(0x0) } }) [3mmods[0m[2m=[0mModifiersState { ctrl: false, alt: false, shift: false, caps_lock: false, logo: false, num_lock: false, iso_level3_shift: false, iso_level5_shift: false, serialized: SerializedMods { depressed: 0, latched: 0, locked: 0, layout_effective: 0 } }[1m}[0m[2m:[0m [2msmithay::input::keyboard[0m[2m:[0m [2m/home/christoph/.cargo/registry/src/index.crates.io-1949cf8c6b5b557f/smithay-0.7.0/src/input/keyboard/mod.rs[0m[2m:[0m[2m724:[0m close [3mtime.busy[0m[2m=[0m170ns [3mtime.idle[0m[2m=[0m19.4µs
[2m2026-09-25T18:33:55.528123Z[0m [32m INFO[0m ThreadId(01) [1minput_seat[0m[1m{[0m[3mname[0m[2m=[0m"wprs"[1m}[0m[2m:[0m[1madd_keyboard[0m[1m{[0m[3mxkb_config[0m[2m=[0mXkbConfig { rules: "", model: "", layout: "", variant: "", options: None } [3mrepeat_delay[0m[2m=[0m200 [3mrepeat_rate[0m[2m=[0m200[1m}[0m[2m:[0m[1minput_keyboard[0m[2m:[0m[1msend_keymap[0m[1m{[0m[3mfocus[0m[2m=[0mSome(X11Surface { xwm: Some(XwmId(0)), client_scale: Some(1.0), window: 4194322, conn: (Weak), atoms: Atoms { WL_SURFACE_ID: 240, WL_SURFACE_SERIAL: 241, _SMITHAY_CLOSE_CONNECTION: 242, UTF8_STRING: 243, TEXT: 244, WM_HINTS: 35, WM_PROTOCOLS: 245, WM_TAKE_FOCUS: 246, WM_DELETE_WINDOW: 247, WM_CHANGE_STATE: 248, _NET_WM_NAME: 249, _NET_WM_MOVERESIZE: 250, _NET_WM_PID: 251, _NET_WM_WINDOW_TYPE: 252, _NET_WM_WINDOW_TYPE_DROPDOWN_MENU: 253, _NET_WM_WINDOW_TYPE_DIALOG: 254, _NET_WM_WINDOW_TYPE_MENU: 255, _NET_WM_WINDOW_TYPE_NOTIFICATION: 256, _NET_WM_WINDOW_TYPE_NORMAL: 257, _NET_WM_WINDOW_TYPE_POPUP_MENU: 258, _NET_WM_WINDOW_TYPE_SPLASH: 259, _NET_WM_WINDOW_TYPE_TOOLBAR: 260, _NET_WM_WINDOW_TYPE_TOOLTIP: 261, _NET_WM_WINDOW_TYPE_UTILITY: 262, _NET_WM_STATE_MODAL: 263, _MOTIF_WM_HINTS: 264, _NET_STARTUP_ID: 265, WM_S0: 266, WM_STATE: 267, _NET_WM_CM_S0: 268, _NET_SUPPORTED: 269, _NET_ACTIVE_WINDOW: 270, _NET_CLIENT_LIST: 271, _NET_CLIENT_LIST_STACKING: 272, _NET_WM_PING: 273, _NET_WM_STATE: 274, _NET_WM_STATE_MAXIMIZED_VERT: 275, _NET_WM_STATE_MAXIMIZED_HORZ: 276, _NET_WM_STATE_HIDDEN: 277, _NET_WM_STATE_FULLSCREEN: 278, _NET_WM_STATE_FOCUSED: 279, _NET_SUPPORTING_WM_CHECK: 280, _XSETTINGS_SETTINGS: 281, _WL_SELECTION: 282, CLIPBOARD_MANAGER: 283, CLIPBOARD: 284, PRIMARY: 1, TARGETS: 285, TIMESTAMP: 286, INCR: 287, DELETE: 288, _XSETTINGS_S0: 289 }, state: Mutex { data: SharedSurfaceState { alive: true, wl_surface_id: None, wl_surface_serial: Some(1), mapped_onto: Some(2097158), geometry: Rectangle<smithay::utils::geometry::Logical> { x: 1280, y: 720, width: 1272, height: 688 }, override_redirect: false, wl_surface: Some(WlSurface { id: ObjectId(wl_surface@14[0], 17), version: 4, data: Some(Any { .. }), handle: WeakHandle { handle: WeakInnerHandle[rs] { .. } } }), title: "christoph@schleppi", class: "XTerm", instance: "xterm", startup_id: None, pid: Some(3117365), protocols: [DeleteWindow], hints: Some(WmHints { input: Some(true), initial_state: Some(Normal), icon_pixmap: Some(4194342), icon_window: None, icon_position: None, icon_mask: Some(4194344), window_group: None, urgent: false }), normal_hints: Some(WmSizeHints { position: None, size: Some((UserSpecified, 1272, 688)), min_size: Some((30, 27)), max_size: None, size_increment: Some((11, 23)), aspect: None, base_size: Some((19, 4)), win_gravity: Some(NORTH_WEST) }), transient_for: None, net_state: {279, 276, 275}, motif_hints: [0, 0, 0, 0, 0], window_type: [] }, poisoned: false, .. }, user_data: UserDataMap { list: AppendList(0x0) } }) [3mmods[0m[2m=[0mModifiersState { ctrl: false, alt: false, shift: false, caps_lock: false, logo: false, num_lock: false, iso_level3_shift: false, iso_level5_shift: false, serialized: SerializedMods { depressed: 0, latched: 0, locked: 0, layout_effective: 0 } }[1m}[0m[2m:[0m [2msmithay::input::keyboard[0m[2m:[0m [2m/home/christoph/.cargo/registry/src/index.crates.io-1949cf8c6b5b557f/smithay-0.7.0/src/input/keyboard/mod.rs[0m[2m:[0m[2m724:[0m new
[2m2026-09-25T18:33:55.528137Z[0m [32m INFO[0m ThreadId(01) [1minput_seat[0m[1m{[0m[3mname[0m[2m=[0m"wprs"[1m}[0m[2m:[0m[1madd_keyboard[0m[1m{[0m[3mxkb_config[0m[2m=[0mXkbConfig { rules: "", model: "", layout: "", variant: "", options: None } [3mrepeat_delay[0m[2m=[0m200 [3mrepeat_rate[0m[2m=[0m200[1m}[0m[2m:[0m[1minput_keyboard[0m[2m:[0m[1msend_keymap[0m[1m{[0m[3mfocus[0m[2m=[0mSome(X11Surface { xwm: Some(XwmId(0)), client_scale: Some(1.0), window: 4194322, conn: (Weak), atoms: Atoms { WL_SURFACE_ID: 240, WL_SURFACE_SERIAL: 241, _SMITHAY_CLOSE_CONNECTION: 242, UTF8_STRING: 243, TEXT: 244, WM_HINTS: 35, WM_PROTOCOLS: 245, WM_TAKE_FOCUS: 246, WM_DELETE_WINDOW: 247, WM_CHANGE_STATE: 248, _NET_WM_NAME: 249, _NET_WM_MOVERESIZE: 250, _NET_WM_PID: 251, _NET_WM_WINDOW_TYPE: 252, _NET_WM_WINDOW_TYPE_DROPDOWN_MENU: 253, _NET_WM_WINDOW_TYPE_DIALOG: 254, _NET_WM_WINDOW_TYPE_MENU: 255, _NET_WM_WINDOW_TYPE_NOTIFICATION: 256, _NET_WM_WINDOW_TYPE_NORMAL: 257, _NET_WM_WINDOW_TYPE_POPUP_MENU: 258, _NET_WM_WINDOW_TYPE_SPLASH: 259, _NET_WM_WINDOW_TYPE_TOOLBAR: 260, _NET_WM_WINDOW_TYPE_TOOLTIP: 261, _NET_WM_WINDOW_TYPE_UTILITY: 262, _NET_WM_STATE_MODAL: 263, _MOTIF_WM_HINTS: 264, _NET_STARTUP_ID: 265, WM_S0: 266, WM_STATE: 267, _NET_WM_CM_S0: 268, _NET_SUPPORTED: 269, _NET_ACTIVE_WINDOW: 270, _NET_CLIENT_LIST: 271, _NET_CLIENT_LIST_STACKING: 272, _NET_WM_PING: 273, _NET_WM_STATE: 274, _NET_WM_STATE_MAXIMIZED_VERT: 275, _NET_WM_STATE_MAXIMIZED_HORZ: 276, _NET_WM_STATE_HIDDEN: 277, _NET_WM_STATE_FULLSCREEN: 278, _NET_WM_STATE_FOCUSED: 279, _NET_SUPPORTING_WM_CHECK: 280, _XSETTINGS_SETTINGS: 281, _WL_SELECTION: 282, CLIPBOARD_MANAGER: 283, CLIPBOARD: 284, PRIMARY: 1, TARGETS: 285, TIMESTAMP: 286, INCR: 287, DELETE: 288, _XSETTINGS_S0: 289 }, state: Mutex { data: SharedSurfaceState { alive: true, wl_surface_id: None, wl_surface_serial: Some(1), mapped_onto: Some(2097158), geometry: Rectangle<smithay::utils::geometry::Logical> { x: 1280, y: 720, width: 1272, height: 688 }, override_redirect: false, wl_surface: Some(WlSurface { id: ObjectId(wl_surface@14[0], 17), version: 4, data: Some(Any { .. }), handle: WeakHandle { handle: WeakInnerHandle[rs] { .. } } }), title: "christoph@schleppi", class: "XTerm", instance: "xterm", startup_id: None, pid: Some(3117365), protocols: [DeleteWindow], hints: Some(WmHints { input: Some(true), initial_state: Some(Normal), icon_pixmap: Some(4194342), icon_window: None, icon_position: None, icon_mask: Some(4194344), window_group: None, urgent: false }), normal_hints: Some(WmSizeHints { position: None, size: Some((UserSpecified, 1272, 688)), min_size: Some((30, 27)), max_size: None, size_increment: Some((11, 23)), aspect: None, base_size: Some((19, 4)), win_gravity: Some(NORTH_WEST) }), transient_for: None, net_state: {279, 276, 275}, motif_hints: [0, 0, 0, 0, 0], window_type: [] }, poisoned: false, .. }, user_data: UserDataMap { list: AppendList(0x0) } }) [3mmods[0m[2m=[0mModifiersState { ctrl: false, alt: false, shift: false, caps_lock: false, logo: false, num_lock: false, iso_level3_shift: false, iso_level5_shift: false, serialized: SerializedMods { depressed: 0, latched: 0, locked: 0, layout_effective: 0 } }[1m}[0m[2m:[0m [2msmithay::input::keyboard[0m[2m:[0m [2m/home/christoph/.cargo/registry/src/index.crates.io-1949cf8c6b5b557f/smithay-0.7.0/src/input/keyboard/mod.rs[0m[2m:[0m[2m724:[0m close [3mtime.busy[0m[2m=[0m170ns [3mtime.idle[0m[2m=[0m14.4µs
[2m2026-09-25T18:33:55.528204Z[0m [32m INFO[0m ThreadId(01) [1minput_seat[0m[1m{[0m[3mname[0m[2m=[0m"wprs"[1m}[0m[2m:[0m[1madd_keyboard[0m[1m{[0m[3mxkb_config[0m[2m=[0mXkbConfig { rules: "", model: "", layout: "", variant: "", options: None } [3mrepeat_delay[0m[2m=[0m200 [3mrepeat_rate[0m[2m=[0m200[1m}[0m[2m:[0m[1minput_keyboard[0m[2m:[0m[1msend_keymap[0m[1m{[0m[3mfocus[0m[2m=[0mSome(X11Surface { xwm: Some(XwmId(0)), client_scale: Some(1.0), window: 4194322, conn: (Weak), atoms: Atoms { WL_SURFACE_ID: 240, WL_SURFACE_SERIAL: 241, _SMITHAY_CLOSE_CONNECTION: 242, UTF8_STRING: 243, TEXT: 244, WM_HINTS: 35, WM_PROTOCOLS: 245, WM_TAKE_FOCUS: 246, WM_DELETE_WINDOW: 247, WM_CHANGE_STATE: 248, _NET_WM_NAME: 249, _NET_WM_MOVERESIZE: 250, _NET_WM_PID: 251, _NET_WM_WINDOW_TYPE: 252, _NET_WM_WINDOW_TYPE_DROPDOWN_MENU: 253, _NET_WM_WINDOW_TYPE_DIALOG: 254, _NET_WM_WINDOW_TYPE_MENU: 255, _NET_WM_WINDOW_TYPE_NOTIFICATION: 256, _NET_WM_WINDOW_TYPE_NORMAL: 257, _NET_WM_WINDOW_TYPE_POPUP_MENU: 258, _NET_WM_WINDOW_TYPE_SPLASH: 259, _NET_WM_WINDOW_TYPE_TOOLBAR: 260, _NET_WM_WINDOW_TYPE_TOOLTIP: 261, _NET_WM_WINDOW_TYPE_UTILITY: 262, _NET_WM_STATE_MODAL: 263, _MOTIF_WM_HINTS: 264, _NET_STARTUP_ID: 265, WM_S0: 266, WM_STATE: 267, _NET_WM_CM_S0: 268, _NET_SUPPORTED: 269, _NET_ACTIVE_WINDOW: 270, _NET_CLIENT_LIST: 271, _NET_CLIENT_LIST_STACKING: 272, _NET_WM_PING: 273, _NET_WM_STATE: 274, _NET_WM_STATE_MAXIMIZED_VERT: 275, _NET_WM_STATE_MAXIMIZED_HORZ: 276, _NET_WM_STATE_HIDDEN: 277, _NET_WM_STATE_FULLSCREEN: 278, _NET_WM_STATE_FOCUSED: 279, _NET_SUPPORTING_WM_CHECK: 280, _XSETTINGS_SETTINGS: 281, _WL_SELECTION: 282, CLIPBOARD_MANAGER: 283, CLIPBOARD: 284, PRIMARY: 1, TARGETS: 285, TIMESTAMP: 286, INCR: 287, DELETE: 288, _XSETTINGS_S0: 289 }, state: Mutex { data: SharedSurfaceState { alive: true, wl_surface_id: None, wl_surface_serial: Some(1), mapped_onto: Some(2097158), geometry: Rectangle<smithay::utils::geometry::Logical> { x: 1280, y: 720, width: 1272, height: 688 }, override_redirect: false, wl_surface: Some(WlSurface { id: ObjectId(wl_surface@14[0], 17), version: 4, data: Some(Any { .. }), handle: WeakHandle { handle: WeakInnerHandle[rs] { .. } } }), title: "christoph@schleppi", class: "XTerm", instance: "xterm", startup_id: None, pid: Some(3117365), protocols: [DeleteWindow], hints: Some(WmHints { input: Some(true), initial_state: Some(Normal), icon_pixmap: Some(4194342), icon_window: None, icon_position: None, icon_mask: Some(4194344), window_group: None, urgent: false }), normal_hints: Some(WmSizeHints { position: None, size: Some((UserSpecified, 1272, 688)), min_size: Some((30, 27)), max_size: None, size_increment: Some((11, 23)), aspect: None, base_size: Some((19, 4)), win_gravity: Some(NORTH_WEST) }), transient_for: None, net_state: {279, 276, 275}, motif_hints: [0, 0, 0, 0, 0], window_type: [] }, poisoned: false, .. }, user_data: UserDataMap { list: AppendList(0x0) } }) [3mmods[0m[2m=[0mModifiersState { ctrl: false, alt: false, shift: false, caps_lock: false, logo: false, num_lock: false, iso_level3_shift: false, iso_level5_shift: false, serialized: SerializedMods { depressed: 0, latched: 0, locked: 0, layout_effective: 0 } }[1m}[0m[2m:[0m [2msmithay::input::keyboard[0m[2m:[0m [2m/home/christoph/.cargo/registry/src/index.crates.io-1949cf8c6b5b557f/smithay-0.7.0/src/input/keyboard/mod.rs[0m[2m:[0m[2m724:[0m new
[2m2026-09-25T18:33:55.528225Z[0m [32m INFO[0m ThreadId(01) [1minput_seat[0m[1m{[0m[3mname[0m[2m=[0m"wprs"[1m}[0m[2m:[0m[1madd_keyboard[0m[1m{[0m[3mxkb_config[0m[2m=[0mXkbConfig { rules: "", model: "", layout: "", variant: "", options: None } [3mrepeat_delay[0m[2m=[0m200 [3mrepeat_rate[0m[2m=[0m200[1m}[0m[2m:[0m[1minput_keyboard[0m[2m:[0m[1msend_keymap[0m[1m{[0m[3mfocus[0m[2m=[0mSome(X11Surface { xwm: Some(XwmId(0)), client_scale: Some(1.0), window: 4194322, conn: (Weak), atoms: Atoms { WL_SURFACE_ID: 240, WL_SURFACE_SERIAL: 241, _SMITHAY_CLOSE_CONNECTION: 242, UTF8_STRING: 243, TEXT: 244, WM_HINTS: 35, WM_PROTOCOLS: 245, WM_TAKE_FOCUS: 246, WM_DELETE_WINDOW: 247, WM_CHANGE_STATE: 248, _NET_WM_NAME: 249, _NET_WM_MOVERESIZE: 250, _NET_WM_PID: 251, _NET_WM_WINDOW_TYPE: 252, _NET_WM_WINDOW_TYPE_DROPDOWN_MENU: 253, _NET_WM_WINDOW_TYPE_DIALOG: 254, _NET_WM_WINDOW_TYPE_MENU: 255, _NET_WM_WINDOW_TYPE_NOTIFICATION: 256, _NET_WM_WINDOW_TYPE_NORMAL: 257, _NET_WM_WINDOW_TYPE_POPUP_MENU: 258, _NET_WM_WINDOW_TYPE_SPLASH: 259, _NET_WM_WINDOW_TYPE_TOOLBAR: 260, _NET_WM_WINDOW_TYPE_TOOLTIP: 261, _NET_WM_WINDOW_TYPE_UTILITY: 262, _NET_WM_STATE_MODAL: 263, _MOTIF_WM_HINTS: 264, _NET_STARTUP_ID: 265, WM_S0: 266, WM_STATE: 267, _NET_WM_CM_S0: 268, _NET_SUPPORTED: 269, _NET_ACTIVE_WINDOW: 270, _NET_CLIENT_LIST: 271, _NET_CLIENT_LIST_STACKING: 272, _NET_WM_PING: 273, _NET_WM_STATE: 274, _NET_WM_STATE_MAXIMIZED_VERT: 275, _NET_WM_STATE_MAXIMIZED_HORZ: 276, _NET_WM_STATE_HIDDEN: 277, _NET_WM_STATE_FULLSCREEN: 278, _NET_WM_STATE_FOCUSED: 279, _NET_SUPPORTING_WM_CHECK: 280, _XSETTINGS_SETTINGS: 281, _WL_SELECTION: 282, CLIPBOARD_MANAGER: 283, CLIPBOARD: 284, PRIMARY: 1, TARGETS: 285, TIMESTAMP: 286, INCR: 287, DELETE: 288, _XSETTINGS_S0: 289 }, state: Mutex { data: SharedSurfaceState { alive: true, wl_surface_id: None, wl_surface_serial: Some(1), mapped_onto: Some(2097158), geometry: Rectangle<smithay::utils::geometry::Logical> { x: 1280, y: 720, width: 1272, height: 688 }, override_redirect: false, wl_surface: Some(WlSurface { id: ObjectId(wl_surface@14[0], 17), version: 4, data: Some(Any { .. }), handle: WeakHandle { handle: WeakInnerHandle[rs] { .. } } }), title: "christoph@schleppi", class: "XTerm", instance: "xterm", startup_id: None, pid: Some(3117365), protocols: [DeleteWindow], hints: Some(WmHints { input: Some(true), initial_state: Some(Normal), icon_pixmap: Some(4194342), icon_window: None, icon_position: None, icon_mask: Some(4194344), window_group: None, urgent: false }), normal_hints: Some(WmSizeHints { position: None, size: Some((UserSpecified, 1272, 688)), min_size: Some((30, 27)), max_size: None, size_increment: Some((11, 23)), aspect: None, base_size: Some((19, 4)), win_gravity: Some(NORTH_WEST) }), transient_for: None, net_state: {279, 276, 275}, motif_hints: [0, 0, 0, 0, 0], window_type: [] }, poisoned: false, .. }, user_data: UserDataMap { list: AppendList(0x0) } }) [3mmods[0m[2m=[0mModifiersState { ctrl: false, alt: false, shift: false, caps_lock: false, logo: false, num_lock: false, iso_level3_shift: false, iso_level5_shift: false, serialized: SerializedMods { depressed: 0, latched: 0, locked: 0, layout_effective: 0 } }[1m}[0m[2m:[0m [2msmithay::input::keyboard[0m[2m:[0m [2m/home/christoph/.cargo/registry/src/index.crates.io-1949cf8c6b5b557f/smithay-0.7.0/src/input/keyboard/mod.rs[0m[2m:[0m[2m724:[0m close [3mtime.busy[0m[2m=[0m170ns [3mtime.idle[0m[2m=[0m20.8µs
[2m2026-09-25T18:33:55.528294Z[0m [32m INFO[0m ThreadId(01) [1minput_seat[0m[1m{[0m[3mname[0m[2m=[0m"wprs"[1m}[0m[2m:[0m[1madd_keyboard[0m[1m{[0m[3mxkb_config[0m[2m=[0mXkbConfig { rules: "", model: "", layout: "", variant: "", options: None } [3mrepeat_delay[0m[2m=[0m200 [3mrepeat_rate[0m[2m=[0m200[1m}[0m[2m:[0m[1minput_keyboard[0m[2m:[0m[1msend_keymap[0m[1m{[0m[3mfocus[0m[2m=[0mSome(X11Surface { xwm: Some(XwmId(0)), client_scale: Some(1.0), window: 4194322, conn: (Weak), atoms: Atoms { WL_SURFACE_ID: 240, WL_SURFACE_SERIAL: 241, _SMITHAY_CLOSE_CONNECTION: 242, UTF8_STRING: 243, TEXT: 244, WM_HINTS: 35, WM_PROTOCOLS: 245, WM_TAKE_FOCUS: 246, WM_DELETE_WINDOW: 247, WM_CHANGE_STATE: 248, _NET_WM_NAME: 249, _NET_WM_MOVERESIZE: 250, _NET_WM_PID: 251, _NET_WM_WINDOW_TYPE: 252, _NET_WM_WINDOW_TYPE_DROPDOWN_MENU: 253, _NET_WM_WINDOW_TYPE_DIALOG: 254, _NET_WM_WINDOW_TYPE_MENU: 255, _NET_WM_WINDOW_TYPE_NOTIFICATION: 256, _NET_WM_WINDOW_TYPE_NORMAL: 257, _NET_WM_WINDOW_TYPE_POPUP_MENU: 258, _NET_WM_WINDOW_TYPE_SPLASH: 259, _NET_WM_WINDOW_TYPE_TOOLBAR: 260, _NET_WM_WINDOW_TYPE_TOOLTIP: 261, _NET_WM_WINDOW_TYPE_UTILITY: 262, _NET_WM_STATE_MODAL: 263, _MOTIF_WM_HINTS: 264, _NET_STARTUP_ID: 265, WM_S0: 266, WM_STATE: 267, _NET_WM_CM_S0: 268, _NET_SUPPORTED: 269, _NET_ACTIVE_WINDOW: 270, _NET_CLIENT_LIST: 271, _NET_CLIENT_LIST_STACKING: 272, _NET_WM_PING: 273, _NET_WM_STATE: 274, _NET_WM_STATE_MAXIMIZED_VERT: 275, _NET_WM_STATE_MAXIMIZED_HORZ: 276, _NET_WM_STATE_HIDDEN: 277, _NET_WM_STATE_FULLSCREEN: 278, _NET_WM_STATE_FOCUSED: 279, _NET_SUPPORTING_WM_CHECK: 280, _XSETTINGS_SETTINGS: 281, _WL_SELECTION: 282, CLIPBOARD_MANAGER: 283, CLIPBOARD: 284, PRIMARY: 1, TARGETS: 285, TIMESTAMP: 286, INCR: 287, DELETE: 288, _XSETTINGS_S0: 289 }, state: Mutex { data: SharedSurfaceState { alive: true, wl_surface_id: None, wl_surface_serial: Some(1), mapped_onto: Some(2097158), geometry: Rectangle<smithay::utils::geometry::Logical> { x: 1280, y: 720, width: 1272, height: 688 }, override_redirect: false, wl_surface: Some(WlSurface { id: ObjectId(wl_surface@14[0], 17), version: 4, data: Some(Any { .. }), handle: WeakHandle { handle: WeakInnerHandle[rs] { .. } } }), title: "christoph@schleppi", class: "XTerm", instance: "xterm", startup_id: None, pid: Some(3117365), protocols: [DeleteWindow], hints: Some(WmHints { input: Some(true), initial_state: Some(Normal), icon_pixmap: Some(4194342), icon_window: None, icon_position: None, icon_mask: Some(4194344), window_group: None, urgent: false }), normal_hints: Some(WmSizeHints { position: None, size: Some((UserSpecified, 1272, 688)), min_size: Some((30, 27)), max_size: None, size_increment: Some((11, 23)), aspect: None, base_size: Some((19, 4)), win_gravity: Some(NORTH_WEST) }), transient_for: None, net_state: {279, 276, 275}, motif_hints: [0, 0, 0, 0, 0], window_type: [] }, poisoned: false, .. }, user_data: UserDataMap { list: AppendList(0x0) } }) [3mmods[0m[2m=[0mModifiersState { ctrl: false, alt: false, shift: false, caps_lock: false, logo: false, num_lock: false, iso_level3_shift: false, iso_level5_shift: false, serialized: SerializedMods { depressed: 0, latched: 0, locked: 0, layout_effective: 0 } }[1m}[0m[2m:[0m [2msmithay::input::keyboard[0m[2m:[0m [2m/home/christoph/.cargo/registry/src/index.crates.io-1949cf8c6b5b557f/smithay-0.7.0/src/input/keyboard/mod.rs[0m[2m:[0m[2m724:[0m new
[2m2026-09-25T18:33:55.528320Z[0m [32m INFO[0m ThreadId(01) [1minput_seat[0m[1m{[0m[3mname[0m[2m=[0m"wprs"[1m}[0m[2m:[0m[1madd_keyboard[0m[1m{[0m[3mxkb_config[0m[2m=[0mXkbConfig { rules: "", model: "", layout: "", variant: "", options: None } [3mrepeat_delay[0m[2m=[0m200 [3mrepeat_rate[0m[2m=[0m200[1m}[0m[2m:[0m[1minput_keyboard[0m[2m:[0m[1msend_keymap[0m[1m{[0m[3mfocus[0m[2m=[0mSome(X11Surface { xwm: Some(XwmId(0)), client_scale: Some(1.0), window: 4194322, conn: (Weak), atoms: Atoms { WL_SURFACE_ID: 240, WL_SURFACE_SERIAL: 241, _SMITHAY_CLOSE_CONNECTION: 242, UTF8_STRING: 243, TEXT: 244, WM_HINTS: 35, WM_PROTOCOLS: 245, WM_TAKE_FOCUS: 246, WM_DELETE_WINDOW: 247, WM_CHANGE_STATE: 248, _NET_WM_NAME: 249, _NET_WM_MOVERESIZE: 250, _NET_WM_PID: 251, _NET_WM_WINDOW_TYPE: 252, _NET_WM_WINDOW_TYPE_DROPDOWN_MENU: 253, _NET_WM_WINDOW_TYPE_DIALOG: 254, _NET_WM_WINDOW_TYPE_MENU: 255, _NET_WM_WINDOW_TYPE_NOTIFICATION: 256, _NET_WM_WINDOW_TYPE_NORMAL: 257, _NET_WM_WINDOW_TYPE_POPUP_MENU: 258, _NET_WM_WINDOW_TYPE_SPLASH: 259, _NET_WM_WINDOW_TYPE_TOOLBAR: 260, _NET_WM_WINDOW_TYPE_TOOLTIP: 261, _NET_WM_WINDOW_TYPE_UTILITY: 262, _NET_WM_STATE_MODAL: 263, _MOTIF_WM_HINTS: 264, _NET_STARTUP_ID: 265, WM_S0: 266, WM_STATE: 267, _NET_WM_CM_S0: 268, _NET_SUPPORTED: 269, _NET_ACTIVE_WINDOW: 270, _NET_CLIENT_LIST: 271, _NET_CLIENT_LIST_STACKING: 272, _NET_WM_PING: 273, _NET_WM_STATE: 274, _NET_WM_STATE_MAXIMIZED_VERT: 275, _NET_WM_STATE_MAXIMIZED_HORZ: 276, _NET_WM_STATE_HIDDEN: 277, _NET_WM_STATE_FULLSCREEN: 278, _NET_WM_STATE_FOCUSED: 279, _NET_SUPPORTING_WM_CHECK: 280, _XSETTINGS_SETTINGS: 281, _WL_SELECTION: 282, CLIPBOARD_MANAGER: 283, CLIPBOARD: 284, PRIMARY: 1, TARGETS: 285, TIMESTAMP: 286, INCR: 287, DELETE: 288, _XSETTINGS_S0: 289 }, state: Mutex { data: SharedSurfaceState { alive: true, wl_surface_id: None, wl_surface_serial: Some(1), mapped_onto: Some(2097158), geometry: Rectangle<smithay::utils::geometry::Logical> { x: 1280, y: 720, width: 1272, height: 688 }, override_redirect: false, wl_surface: Some(WlSurface { id: ObjectId(wl_surface@14[0], 17), version: 4, data: Some(Any { .. }), handle: WeakHandle { handle: WeakInnerHandle[rs] { .. } } }), title: "christoph@schleppi", class: "XTerm", instance: "xterm", startup_id: None, pid: Some(3117365), protocols: [DeleteWindow], hints: Some(WmHints { input: Some(true), initial_state: Some(Normal), icon_pixmap: Some(4194342), icon_window: None, icon_position: None, icon_mask: Some(4194344), window_group: None, urgent: false }), normal_hints: Some(WmSizeHints { position: None, size: Some((UserSpecified, 1272, 688)), min_size: Some((30, 27)), max_size: None, size_increment: Some((11, 23)), aspect: None, base_size: Some((19, 4)), win_gravity: Some(NORTH_WEST) }), transient_for: None, net_state: {279, 276, 275}, motif_hints: [0, 0, 0, 0, 0], window_type: [] }, poisoned: false, .. }, user_data: UserDataMap { list: AppendList(0x0) } }) [3mmods[0m[2m=[0mModifiersState { ctrl: false, alt: false, shift: false, caps_lock: false, logo: false, num_lock: false, iso_level3_shift: false, iso_level5_shift: false, serialized: SerializedMods { depressed: 0, latched: 0, locked: 0, layout_effective: 0 } }[1m}[0m[2m:[0m [2msmithay::input::keyboard[0m[2m:[0m [2m/home/christoph/.cargo/registry/src/index.crates.io-1949cf8c6b5b557f/smithay-0.7.0/src/input/keyboard/mod.rs[0m[2m:[0m[2m724:[0m close [3mtime.busy[0m[2m=[0m210ns [3mtime.idle[0m[2m=[0m25.7µs
[2m2026-09-25T18:33:55.528389Z[0m [32m INFO[0m ThreadId(01) [1minput_seat[0m[1m{[0m[3mname[0m[2m=[0m"wprs"[1m}[0m[2m:[0m[1madd_keyboard[0m[1m{[0m[3mxkb_config[0m[2m=[0mXkbConfig { rules: "", model: "", layout: "", variant: "", options: None } [3mrepeat_delay[0m[2m=[0m200 [3mrepeat_rate[0m[2m=[0m200[1m}[0m[2m:[0m[1minput_keyboard[0m[2m:[0m[1msend_keymap[0m[1m{[0m[3mfocus[0m[2m=[0mSome(X11Surface { xwm: Some(XwmId(0)), client_scale: Some(1.0), window: 4194322, conn: (Weak), atoms: Atoms { WL_SURFACE_ID: 240, WL_SURFACE_SERIAL: 241, _SMITHAY_CLOSE_CONNECTION: 242, UTF8_STRING: 243, TEXT: 244, WM_HINTS: 35, WM_PROTOCOLS: 245, WM_TAKE_FOCUS: 246, WM_DELETE_WINDOW: 247, WM_CHANGE_STATE: 248, _NET_WM_NAME: 249, _NET_WM_MOVERESIZE: 250, _NET_WM_PID: 251, _NET_WM_WINDOW_TYPE: 252, _NET_WM_WINDOW_TYPE_DROPDOWN_MENU: 253, _NET_WM_WINDOW_TYPE_DIALOG: 254, _NET_WM_WINDOW_TYPE_MENU: 255, _NET_WM_WINDOW_TYPE_NOTIFICATION: 256, _NET_WM_WINDOW_TYPE_NORMAL: 257, _NET_WM_WINDOW_TYPE_POPUP_MENU: 258, _NET_WM_WINDOW_TYPE_SPLASH: 259, _NET_WM_WINDOW_TYPE_TOOLBAR: 260, _NET_WM_WINDOW_TYPE_TOOLTIP: 261, _NET_WM_WINDOW_TYPE_UTILITY: 262, _NET_WM_STATE_MODAL: 263, _MOTIF_WM_HINTS: 264, _NET_STARTUP_ID: 265, WM_S0: 266, WM_STATE: 267, _NET_WM_CM_S0: 268, _NET_SUPPORTED: 269, _NET_ACTIVE_WINDOW: 270, _NET_CLIENT_LIST: 271, _NET_CLIENT_LIST_STACKING: 272, _NET_WM_PING: 273, _NET_WM_STATE: 274, _NET_WM_STATE_MAXIMIZED_VERT: 275, _NET_WM_STATE_MAXIMIZED_HORZ: 276, _NET_WM_STATE_HIDDEN: 277, _NET_WM_STATE_FULLSCREEN: 278, _NET_WM_STATE_FOCUSED: 279, _NET_SUPPORTING_WM_CHECK: 280, _XSETTINGS_SETTINGS: 281, _WL_SELECTION: 282, CLIPBOARD_MANAGER: 283, CLIPBOARD: 284, PRIMARY: 1, TARGETS: 285, TIMESTAMP: 286, INCR: 287, DELETE: 288, _XSETTINGS_S0: 289 }, state: Mutex { data: SharedSurfaceState { alive: true, wl_surface_id: None, wl_surface_serial: Some(1), mapped_onto: Some(2097158), geometry: Rectangle<smithay::utils::geometry::Logical> { x: 1280, y: 720, width: 1272, height: 688 }, override_redirect: false, wl_surface: Some(WlSurface { id: ObjectId(wl_surface@14[0], 17), version: 4, data: Some(Any { .. }), handle: WeakHandle { handle: WeakInnerHandle[rs] { .. } } }), title: "christoph@schleppi", class: "XTerm", instance: "xterm", startup_id: None, pid: Some(3117365), protocols: [DeleteWindow], hints: Some(WmHints { input: Some(true), initial_state: Some(Normal), icon_pixmap: Some(4194342), icon_window: None, icon_position: None, icon_mask: Some(4194344), window_group: None, urgent: false }), normal_hints: Some(WmSizeHints { position: None, size: Some((UserSpecified, 1272, 688)), min_size: Some((30, 27)), max_size: None, size_increment: Some((11, 23)), aspect: None, base_size: Some((19, 4)), win_gravity: Some(NORTH_WEST) }), transient_for: None, net_state: {279, 276, 275}, motif_hints: [0, 0, 0, 0, 0], window_type: [] }, poisoned: false, .. }, user_data: UserDataMap { list: AppendList(0x0) } }) [3mmods[0m[2m=[0mModifiersState { ctrl: false, alt: false, shift: false, caps_lock: false, logo: false, num_lock: false, iso_level3_shift: false, iso_level5_shift: false, serialized: SerializedMods { depressed: 0, latched: 0, locked: 0, layout_effective: 0 } }[1m}[0m[2m:[0m [2msmithay::input::keyboard[0m[2m:[0m [2m/home/christoph/.cargo/registry/src/index.crates.io-1949cf8c6b5b557f/smithay-0.7.0/src/input/keyboard/mod.rs[0m[2m:[0m[2m724:[0m new
[2m2026-09-25T18:33:55.528409Z[0m [32m INFO[0m ThreadId(01) [1minput_seat[0m[1m{[0m[3mname[0m[2m=[0m"wprs"[1m}[0m[2m:[0m[1madd_keyboard[0m[1m{[0m[3mxkb_config[0m[2m=[0mXkbConfig { rules: "", model: "", layout: "", variant: "", options: None } [3mrepeat_delay[0m[2m=[0m200 [3mrepeat_rate[0m[2m=[0m200[1m}[0m[2m:[0m[1minput_keyboard[0m[2m:[0m[1msend_keymap[0m[1m{[0m[3mfocus[0m[2m=[0mSome(X11Surface { xwm: Some(XwmId(0)), client_scale: Some(1.0), window: 4194322, conn: (Weak), atoms: Atoms { WL_SURFACE_ID: 240, WL_SURFACE_SERIAL: 241, _SMITHAY_CLOSE_CONNECTION: 242, UTF8_STRING: 243, TEXT: 244, WM_HINTS: 35, WM_PROTOCOLS: 245, WM_TAKE_FOCUS: 246, WM_DELETE_WINDOW: 247, WM_CHANGE_STATE: 248, _NET_WM_NAME: 249, _NET_WM_MOVERESIZE: 250, _NET_WM_PID: 251, _NET_WM_WINDOW_TYPE: 252, _NET_WM_WINDOW_TYPE_DROPDOWN_MENU: 253, _NET_WM_WINDOW_TYPE_DIALOG: 254, _NET_WM_WINDOW_TYPE_MENU: 255, _NET_WM_WINDOW_TYPE_NOTIFICATION: 256, _NET_WM_WINDOW_TYPE_NORMAL: 257, _NET_WM_WINDOW_TYPE_POPUP_MENU: 258, _NET_WM_WINDOW_TYPE_SPLASH: 259, _NET_WM_WINDOW_TYPE_TOOLBAR: 260, _NET_WM_WINDOW_TYPE_TOOLTIP: 261, _NET_WM_WINDOW_TYPE_UTILITY: 262, _NET_WM_STATE_MODAL: 263, _MOTIF_WM_HINTS: 264, _NET_STARTUP_ID: 265, WM_S0: 266, WM_STATE: 267, _NET_WM_CM_S0: 268, _NET_SUPPORTED: 269, _NET_ACTIVE_WINDOW: 270, _NET_CLIENT_LIST: 271, _NET_CLIENT_LIST_STACKING: 272, _NET_WM_PING: 273, _NET_WM_STATE: 274, _NET_WM_STATE_MAXIMIZED_VERT: 275, _NET_WM_STATE_MAXIMIZED_HORZ: 276, _NET_WM_STATE_HIDDEN: 277, _NET_WM_STATE_FULLSCREEN: 278, _NET_WM_STATE_FOCUSED: 279, _NET_SUPPORTING_WM_CHECK: 280, _XSETTINGS_SETTINGS: 281, _WL_SELECTION: 282, CLIPBOARD_MANAGER: 283, CLIPBOARD: 284, PRIMARY: 1, TARGETS: 285, TIMESTAMP: 286, INCR: 287, DELETE: 288, _XSETTINGS_S0: 289 }, state: Mutex { data: SharedSurfaceState { alive: true, wl_surface_id: None, wl_surface_serial: Some(1), mapped_onto: Some(2097158), geometry: Rectangle<smithay::utils::geometry::Logical> { x: 1280, y: 720, width: 1272, height: 688 }, override_redirect: false, wl_surface: Some(WlSurface { id: ObjectId(wl_surface@14[0], 17), version: 4, data: Some(Any { .. }), handle: WeakHandle { handle: WeakInnerHandle[rs] { .. } } }), title: "christoph@schleppi", class: "XTerm", instance: "xterm", startup_id: None, pid: Some(3117365), protocols: [DeleteWindow], hints: Some(WmHints { input: Some(true), initial_state: Some(Normal), icon_pixmap: Some(4194342), icon_window: None, icon_position: None, icon_mask: Some(4194344), window_group: None, urgent: false }), normal_hints: Some(WmSizeHints { position: None, size: Some((UserSpecified, 1272, 688)), min_size: Some((30, 27)), max_size: None, size_increment: Some((11, 23)), aspect: None, base_size: Some((19, 4)), win_gravity: Some(NORTH_WEST) }), transient_for: None, net_state: {279, 276, 275}, motif_hints: [0, 0, 0, 0, 0], window_type: [] }, poisoned: false, .. }, user_data: UserDataMap { list: AppendList(0x0) } }) [3mmods[0m[2m=[0mModifiersState { ctrl: false, alt: false, shift: false, caps_lock: false, logo: false, num_lock: false, iso_level3_shift: false, iso_level5_shift: false, serialized: SerializedMods { depressed: 0, latched: 0, locked: 0, layout_effective: 0 } }[1m}[0m[2m:[0m [2msmithay::input::keyboard[0m[2m:[0m [2m/home/christoph/.cargo/registry/src/index.crates.io-1949cf8c6b5b557f/smithay-0.7.0/src/input/keyboard/mod.rs[0m[2m:[0m[2m724:[0m close [3mtime.busy[0m[2m=[0m191ns [3mtime.idle[0m[2m=[0m20.0µs
[2m2026-09-25T18:33:55.528473Z[0m [32m INFO[0m ThreadId(01) [1minput_seat[0m[1m{[0m[3mname[0m[2m=[0m"wprs"[1m}[0m[2m:[0m[1madd_keyboard[0m[1m{[0m[3mxkb_config[0m[2m=[0mXkbConfig { rules: "", model: "", layout: "", variant: "", options: None } [3mrepeat_delay[0m[2m=[0m200 [3mrepeat_rate[0m[2m=[0m200[1m}[0m[2m:[0m[1minput_keyboard[0m[2m:[0m[1msend_keymap[0m[1m{[0m[3mfocus[0m[2m=[0mSome(X11Surface { xwm: Some(XwmId(0)), client_scale: Some(1.0), window: 4194322, conn: (Weak), atoms: Atoms { WL_SURFACE_ID: 240, WL_SURFACE_SERIAL: 241, _SMITHAY_CLOSE_CONNECTION: 242, UTF8_STRING: 243, TEXT: 244, WM_HINTS: 35, WM_PROTOCOLS: 245, WM_TAKE_FOCUS: 246, WM_DELETE_WINDOW: 247, WM_CHANGE_STATE: 248, _NET_WM_NAME: 249, _NET_WM_MOVERESIZE: 250, _NET_WM_PID: 251, _NET_WM_WINDOW_TYPE: 252, _NET_WM_WINDOW_TYPE_DROPDOWN_MENU: 253, _NET_WM_WINDOW_TYPE_DIALOG: 254, _NET_WM_WINDOW_TYPE_MENU: 255, _NET_WM_WINDOW_TYPE_NOTIFICATION: 256, _NET_WM_WINDOW_TYPE_NORMAL: 257, _NET_WM_WINDOW_TYPE_POPUP_MENU: 258, _NET_WM_WINDOW_TYPE_SPLASH: 259, _NET_WM_WINDOW_TYPE_TOOLBAR: 260, _NET_WM_WINDOW_TYPE_TOOLTIP: 261, _NET_WM_WINDOW_TYPE_UTILITY: 262, _NET_WM_STATE_MODAL: 263, _MOTIF_WM_HINTS: 264, _NET_STARTUP_ID: 265, WM_S0: 266, WM_STATE: 267, _NET_WM_CM_S0: 268, _NET_SUPPORTED: 269, _NET_ACTIVE_WINDOW: 270, _NET_CLIENT_LIST: 271, _NET_CLIENT_LIST_STACKING: 272, _NET_WM_PING: 273, _NET_WM_STATE: 274, _NET_WM_STATE_MAXIMIZED_VERT: 275, _NET_WM_STATE_MAXIMIZED_HORZ: 276, _NET_WM_STATE_HIDDEN: 277, _NET_WM_STATE_FULLSCREEN: 278, _NET_WM_STATE_FOCUSED: 279, _NET_SUPPORTING_WM_CHECK: 280, _XSETTINGS_SETTINGS: 281, _WL_SELECTION: 282, CLIPBOARD_MANAGER: 283, CLIPBOARD: 284, PRIMARY: 1, TARGETS: 285, TIMESTAMP: 286, INCR: 287, DELETE: 288, _XSETTINGS_S0: 289 }, state: Mutex { data: SharedSurfaceState { alive: true, wl_surface_id: None, wl_surface_serial: Some(1), mapped_onto: Some(2097158), geometry: Rectangle<smithay::utils::geometry::Logical> { x: 1280, y: 720, width: 1272, height: 688 }, override_redirect: false, wl_surface: Some(WlSurface { id: ObjectId(wl_surface@14[0], 17), version: 4, data: Some(Any { .. }), handle: WeakHandle { handle: WeakInnerHandle[rs] { .. } } }), title: "christoph@schleppi", class: "XTerm", instance: "xterm", startup_id: None, pid: Some(3117365), protocols: [DeleteWindow], hints: Some(WmHints { input: Some(true), initial_state: Some(Normal), icon_pixmap: Some(4194342), icon_window: None, icon_position: None, icon_mask: Some(4194344), window_group: None, urgent: false }), normal_hints: Some(WmSizeHints { position: None, size: Some((UserSpecified, 1272, 688)), min_size: Some((30, 27)), max_size: None, size_increment: Some((11, 23)), aspect: None, base_size: Some((19, 4)), win_gravity: Some(NORTH_WEST) }), transient_for: None, net_state: {279, 276, 275}, motif_hints: [0, 0, 0, 0, 0], window_type: [] }, poisoned: false, .. }, user_data: UserDataMap { list: AppendList(0x0) } }) [3mmods[0m[2m=[0mModifiersState { ctrl: false, alt: false, shift: false, caps_lock: false, logo: false, num_lock: false, iso_level3_shift: false, iso_level5_shift: false, serialized: SerializedMods { depressed: 0, latched: 0, locked: 0, layout_effective: 0 } }[1m}[0m[2m:[0m [2msmithay::input::keyboard[0m[2m:[0m [2m/home/christoph/.cargo/registry/src/index.crates.io-1949cf8c6b5b557f/smithay-0.7.0/src/input/keyboard/mod.rs[0m[2m:[0m[2m724:[0m new
[2m2026-09-25T18:33:55.528490Z[0m [32m INFO[0m ThreadId(01) [1minput_seat[0m[1m{[0m[3mname[0m[2m=[0m"wprs"[1m}[0m[2m:[0m[1madd_keyboard[0m[1m{[0m[3mxkb_config[0m[2m=[0mXkbConfig { rules: "", model: "", layout: "", variant: "", options: None } [3mrepeat_delay[0m[2m=[0m200 [3mrepeat_rate[0m[2m=[0m200[1m}[0m[2m:[0m[1minput_keyboard[0m[2m:[0m[1msend_keymap[0m[1m{[0m[3mfocus[0m[2m=[0mSome(X11Surface { xwm: Some(XwmId(0)), client_scale: Some(1.0), window: 4194322, conn: (Weak), atoms: Atoms { WL_SURFACE_ID: 240, WL_SURFACE_SERIAL: 241, _SMITHAY_CLOSE_CONNECTION: 242, UTF8_STRING: 243, TEXT: 244, WM_HINTS: 35, WM_PROTOCOLS: 245, WM_TAKE_FOCUS: 246, WM_DELETE_WINDOW: 247, WM_CHANGE_STATE: 248, _NET_WM_NAME: 249, _NET_WM_MOVERESIZE: 250, _NET_WM_PID: 251, _NET_WM_WINDOW_TYPE: 252, _NET_WM_WINDOW_TYPE_DROPDOWN_MENU: 253, _NET_WM_WINDOW_TYPE_DIALOG: 254, _NET_WM_WINDOW_TYPE_MENU: 255, _NET_WM_WINDOW_TYPE_NOTIFICATION: 256, _NET_WM_WINDOW_TYPE_NORMAL: 257, _NET_WM_WINDOW_TYPE_POPUP_MENU: 258, _NET_WM_WINDOW_TYPE_SPLASH: 259, _NET_WM_WINDOW_TYPE_TOOLBAR: 260, _NET_WM_WINDOW_TYPE_TOOLTIP: 261, _NET_WM_WINDOW_TYPE_UTILITY: 262, _NET_WM_STATE_MODAL: 263, _MOTIF_WM_HINTS: 264, _NET_STARTUP_ID: 265, WM_S0: 266, WM_STATE: 267, _NET_WM_CM_S0: 268, _NET_SUPPORTED: 269, _NET_ACTIVE_WINDOW: 270, _NET_CLIENT_LIST: 271, _NET_CLIENT_LIST_STACKING: 272, _NET_WM_PING: 273, _NET_WM_STATE: 274, _NET_WM_STATE_MAXIMIZED_VERT: 275, _NET_WM_STATE_MAXIMIZED_HORZ: 276, _NET_WM_STATE_HIDDEN: 277, _NET_WM_STATE_FULLSCREEN: 278, _NET_WM_STATE_FOCUSED: 279, _NET_SUPPORTING_WM_CHECK: 280, _XSETTINGS_SETTINGS: 281, _WL_SELECTION: 282, CLIPBOARD_MANAGER: 283, CLIPBOARD: 284, PRIMARY: 1, TARGETS: 285, TIMESTAMP: 286, INCR: 287, DELETE: 288, _XSETTINGS_S0: 289 }, state: Mutex { data: SharedSurfaceState { alive: true, wl_surface_id: None, wl_surface_serial: Some(1), mapped_onto: Some(2097158), geometry: Rectangle<smithay::utils::geometry::Logical> { x: 1280, y: 720, width: 1272, height: 688 }, override_redirect: false, wl_surface: Some(WlSurface { id: ObjectId(wl_surface@14[0], 17), version: 4, data: Some(Any { .. }), handle: WeakHandle { handle: WeakInnerHandle[rs] { .. } } }), title: "christoph@schleppi", class: "XTerm", instance: "xterm", startup_id: None, pid: Some(3117365), protocols: [DeleteWindow], hints: Some(WmHints { input: Some(true), initial_state: Some(Normal), icon_pixmap: Some(4194342), icon_window: None, icon_position: None, icon_mask: Some(4194344), window_group: None, urgent: false }), normal_hints: Some(WmSizeHints { position: None, size: Some((UserSpecified, 1272, 688)), min_size: Some((30, 27)), max_size: None, size_increment: Some((11, 23)), aspect: None, base_size: Some((19, 4)), win_gravity: Some(NORTH_WEST) }), transient_for: None, net_state: {279, 276, 275}, motif_hints: [0, 0, 0, 0, 0], window_type: [] }, poisoned: false, .. }, user_data: UserDataMap { list: AppendList(0x0) } }) [3mmods[0m[2m=[0mModifiersState { ctrl: false, alt: false, shift: false, caps_lock: false, logo: false, num_lock: false, iso_level3_shift: false, iso_level5_shift: false, serialized: SerializedMods { depressed: 0, latched: 0, locked: 0, layout_effective: 0 } }[1m}[0m[2m:[0m [2msmithay::input::keyboard[0m[2m:[0m [2m/home/christoph/.cargo/registry/src/index.crates.io-1949cf8c6b5b557f/smithay-0.7.0/src/input/keyboard/mod.rs[0m[2m:[0m[2m724:[0m close [3mtime.busy[0m[2m=[0m200ns [3mtime.idle[0m[2m=[0m17.3µs
[2m2026-09-25T18:33:55.528563Z[0m [32m INFO[0m ThreadId(01) [1minput_seat[0m[1m{[0m[3mname[0m[2m=[0m"wprs"[1m}[0m[2m:[0m[1madd_keyboard[0m[1m{[0m[3mxkb_config[0m[2m=[0mXkbConfig { rules: "", model: "", layout: "", variant: "", options: None } [3mrepeat_delay[0m[2m=[0m200 [3mrepeat_rate[0m[2m=[0m200[1m}[0m[2m:[0m[1minput_keyboard[0m[2m:[0m[1msend_keymap[0m[1m{[0m[3mfocus[0m[2m=[0mSome(X11Surface { xwm: Some(XwmId(0)), client_scale: Some(1.0), window: 4194322, conn: (Weak), atoms: Atoms { WL_SURFACE_ID: 240, WL_SURFACE_SERIAL: 241, _SMITHAY_CLOSE_CONNECTION: 242, UTF8_STRING: 243, TEXT: 244, WM_HINTS: 35, WM_PROTOCOLS: 245, WM_TAKE_FOCUS: 246, WM_DELETE_WINDOW: 247, WM_CHANGE_STATE: 248, _NET_WM_NAME: 249, _NET_WM_MOVERESIZE: 250, _NET_WM_PID: 251, _NET_WM_WINDOW_TYPE: 252, _NET_WM_WINDOW_TYPE_DROPDOWN_MENU: 253, _NET_WM_WINDOW_TYPE_DIALOG: 254, _NET_WM_WINDOW_TYPE_MENU: 255, _NET_WM_WINDOW_TYPE_NOTIFICATION: 256, _NET_WM_WINDOW_TYPE_NORMAL: 257, _NET_WM_WINDOW_TYPE_POPUP_MENU: 258, _NET_WM_WINDOW_TYPE_SPLASH: 259, _NET_WM_WINDOW_TYPE_TOOLBAR: 260, _NET_WM_WINDOW_TYPE_TOOLTIP: 261, _NET_WM_WINDOW_TYPE_UTILITY: 262, _NET_WM_STATE_MODAL: 263, _MOTIF_WM_HINTS: 264, _NET_STARTUP_ID: 265, WM_S0: 266, WM_STATE: 267, _NET_WM_CM_S0: 268, _NET_SUPPORTED: 269, _NET_ACTIVE_WINDOW: 270, _NET_CLIENT_LIST: 271, _NET_CLIENT_LIST_STACKING: 272, _NET_WM_PING: 273, _NET_WM_STATE: 274, _NET_WM_STATE_MAXIMIZED_VERT: 275, _NET_WM_STATE_MAXIMIZED_HORZ: 276, _NET_WM_STATE_HIDDEN: 277, _NET_WM_STATE_FULLSCREEN: 278, _NET_WM_STATE_FOCUSED: 279, _NET_SUPPORTING_WM_CHECK: 280, _XSETTINGS_SETTINGS: 281, _WL_SELECTION: 282, CLIPBOARD_MANAGER: 283, CLIPBOARD: 284, PRIMARY: 1, TARGETS: 285, TIMESTAMP: 286, INCR: 287, DELETE: 288, _XSETTINGS_S0: 289 }, state: Mutex { data: SharedSurfaceState { alive: true, wl_surface_id: None, wl_surface_serial: Some(1), mapped_onto: Some(2097158), geometry: Rectangle<smithay::utils::geometry::Logical> { x: 1280, y: 720, width: 1272, height: 688 }, override_redirect: false, wl_surface: Some(WlSurface { id: ObjectId(wl_surface@14[0], 17), version: 4, data: Some(Any { .. }), handle: WeakHandle { handle: WeakInnerHandle[rs] { .. } } }), title: "christoph@schleppi", class: "XTerm", instance: "xterm", startup_id: None, pid: Some(3117365), protocols: [DeleteWindow], hints: Some(WmHints { input: Some(true), initial_state: Some(Normal), icon_pixmap: Some(4194342), icon_window: None, icon_position: None, icon_mask: Some(4194344), window_group: None, urgent: false }), normal_hints: Some(WmSizeHints { position: None, size: Some((UserSpecified, 1272, 688)), min_size: Some((30, 27)), max_size: None, size_increment: Some((11, 23)), aspect: None, base_size: Some((19, 4)), win_gravity: Some(NORTH_WEST) }), transient_for: None, net_state: {279, 276, 275}, motif_hints: [0, 0, 0, 0, 0], window_type: [] }, poisoned: false, .. }, user_data: UserDataMap { list: AppendList(0x0) } }) [3mmods[0m[2m=[0mModifiersState { ctrl: false, alt: false, shift: false, caps_lock: false, logo: false, num_lock: false, iso_level3_shift: false, iso_level5_shift: false, serialized: SerializedMods { depressed: 0, latched: 0, locked: 0, layout_effective: 0 } }[1m}[0m[2m:[0m [2msmithay::input::keyboard[0m[2m:[0m [2m/home/christoph/.cargo/registry/src/index.crates.io-1949cf8c6b5b557f/smithay-0.7.0/src/input/keyboard/mod.rs[0m[2m:[0m[2m724:[0m new
[2m2026-09-25T18:33:55.528586Z[0m [32m INFO[0m ThreadId(01) [1minput_seat[0m[1m{[0m[3mname[0m[2m=[0m"wprs"[1m}[0m[2m:[0m[1madd_keyboard[0m[1m{[0m[3mxkb_config[0m[2m=[0mXkbConfig { rules: "", model: "", layout: "", variant: "", options: None } [3mrepeat_delay[0m[2m=[0m200 [3mrepeat_rate[0m[2m=[0m200[1m}[0m[2m:[0m[1minput_keyboard[0m[2m:[0m[1msend_keymap[0m[1m{[0m[3mfocus[0m[2m=[0mSome(X11Surface { xwm: Some(XwmId(0)), client_scale: Some(1.0), window: 4194322, conn: (Weak), atoms: Atoms { WL_SURFACE_ID: 240, WL_SURFACE_SERIAL: 241, _SMITHAY_CLOSE_CONNECTION: 242, UTF8_STRING: 243, TEXT: 244, WM_HINTS: 35, WM_PROTOCOLS: 245, WM_TAKE_FOCUS: 246, WM_DELETE_WINDOW: 247, WM_CHANGE_STATE: 248, _NET_WM_NAME: 249, _NET_WM_MOVERESIZE: 250, _NET_WM_PID: 251, _NET_WM_WINDOW_TYPE: 252, _NET_WM_WINDOW_TYPE_DROPDOWN_MENU: 253, _NET_WM_WINDOW_TYPE_DIALOG: 254, _NET_WM_WINDOW_TYPE_MENU: 255, _NET_WM_WINDOW_TYPE_NOTIFICATION: 256, _NET_WM_WINDOW_TYPE_NORMAL: 257, _NET_WM_WINDOW_TYPE_POPUP_MENU: 258, _NET_WM_WINDOW_TYPE_SPLASH: 259, _NET_WM_WINDOW_TYPE_TOOLBAR: 260, _NET_WM_WINDOW_TYPE_TOOLTIP: 261, _NET_WM_WINDOW_TYPE_UTILITY: 262, _NET_WM_STATE_MODAL: 263, _MOTIF_WM_HINTS: 264, _NET_STARTUP_ID: 265, WM_S0: 266, WM_STATE: 267, _NET_WM_CM_S0: 268, _NET_SUPPORTED: 269, _NET_ACTIVE_WINDOW: 270, _NET_CLIENT_LIST: 271, _NET_CLIENT_LIST_STACKING: 272, _NET_WM_PING: 273, _NET_WM_STATE: 274, _NET_WM_STATE_MAXIMIZED_VERT: 275, _NET_WM_STATE_MAXIMIZED_HORZ: 276, _NET_WM_STATE_HIDDEN: 277, _NET_WM_STATE_FULLSCREEN: 278, _NET_WM_STATE_FOCUSED: 279, _NET_SUPPORTING_WM_CHECK: 280, _XSETTINGS_SETTINGS: 281, _WL_SELECTION: 282, CLIPBOARD_MANAGER: 283, CLIPBOARD: 284, PRIMARY: 1, TARGETS: 285, TIMESTAMP: 286, INCR: 287, DELETE: 288, _XSETTINGS_S0: 289 }, state: Mutex { data: SharedSurfaceState { alive: true, wl_surface_id: None, wl_surface_serial: Some(1), mapped_onto: Some(2097158), geometry: Rectangle<smithay::utils::geometry::Logical> { x: 1280, y: 720, width: 1272, height: 688 }, override_redirect: false, wl_surface: Some(WlSurface { id: ObjectId(wl_surface@14[0], 17), version: 4, data: Some(Any { .. }), handle: WeakHandle { handle: WeakInnerHandle[rs] { .. } } }), title: "christoph@schleppi", class: "XTerm", instance: "xterm", startup_id: None, pid: Some(3117365), protocols: [DeleteWindow], hints: Some(WmHints { input: Some(true), initial_state: Some(Normal), icon_pixmap: Some(4194342), icon_window: None, icon_position: None, icon_mask: Some(4194344), window_group: None, urgent: false }), normal_hints: Some(WmSizeHints { position: None, size: Some((UserSpecified, 1272, 688)), min_size: Some((30, 27)), max_size: None, size_increment: Some((11, 23)), aspect: None, base_size: Some((19, 4)), win_gravity: Some(NORTH_WEST) }), transient_for: None, net_state: {279, 276, 275}, motif_hints: [0, 0, 0, 0, 0], window_type: [] }, poisoned: false, .. }, user_data: UserDataMap { list: AppendList(0x0) } }) [3mmods[0m[2m=[0mModifiersState { ctrl: false, alt: false, shift: false, caps_lock: false, logo: false, num_lock: false, iso_level3_shift: false, iso_level5_shift: false, serialized: SerializedMods { depressed: 0, latched: 0, locked: 0, layout_effective: 0 } }[1m}[0m[2m:[0m [2msmithay::input::keyboard[0m[2m:[0m [2m/home/christoph/.cargo/registry/src/index.crates.io-1949cf8c6b5b557f/smithay-0.7.0/src/input/keyboard/mod.rs[0m[2m:[0m[2m724:[0m close [3mtime.busy[0m[2m=[0m230ns [3mtime.idle[0m[2m=[0m22.9µs
[2m2026-09-25T18:33:55.528661Z[0m [32m INFO[0m ThreadId(01) [1minput_seat[0m[1m{[0m[3mname[0m[2m=[0m"wprs"[1m}[0m[2m:[0m[1madd_keyboard[0m[1m{[0m[3mxkb_config[0m[2m=[0mXkbConfig { rules: "", model: "", layout: "", variant: "", options: None } [3mrepeat_delay[0m[2m=[0m200 [3mrepeat_rate[0m[2m=[0m200[1m}[0m[2m:[0m[1minput_keyboard[0m[2m:[0m[1msend_keymap[0m[1m{[0m[3mfocus[0m[2m=[0mSome(X11Surface { xwm: Some(XwmId(0)), client_scale: Some(1.0), window: 4194322, conn: (Weak), atoms: Atoms { WL_SURFACE_ID: 240, WL_SURFACE_SERIAL: 241, _SMITHAY_CLOSE_CONNECTION: 242, UTF8_STRING: 243, TEXT: 244, WM_HINTS: 35, WM_PROTOCOLS: 245, WM_TAKE_FOCUS: 246, WM_DELETE_WINDOW: 247, WM_CHANGE_STATE: 248, _NET_WM_NAME: 249, _NET_WM_MOVERESIZE: 250, _NET_WM_PID: 251, _NET_WM_WINDOW_TYPE: 252, _NET_WM_WINDOW_TYPE_DROPDOWN_MENU: 253, _NET_WM_WINDOW_TYPE_DIALOG: 254, _NET_WM_WINDOW_TYPE_MENU: 255, _NET_WM_WINDOW_TYPE_NOTIFICATION: 256, _NET_WM_WINDOW_TYPE_NORMAL: 257, _NET_WM_WINDOW_TYPE_POPUP_MENU: 258, _NET_WM_WINDOW_TYPE_SPLASH: 259, _NET_WM_WINDOW_TYPE_TOOLBAR: 260, _NET_WM_WINDOW_TYPE_TOOLTIP: 261, _NET_WM_WINDOW_TYPE_UTILITY: 262, _NET_WM_STATE_MODAL: 263, _MOTIF_WM_HINTS: 264, _NET_STARTUP_ID: 265, WM_S0: 266, WM_STATE: 267, _NET_WM_CM_S0: 268, _NET_SUPPORTED: 269, _NET_ACTIVE_WINDOW: 270, _NET_CLIENT_LIST: 271, _NET_CLIENT_LIST_STACKING: 272, _NET_WM_PING: 273, _NET_WM_STATE: 274, _NET_WM_STATE_MAXIMIZED_VERT: 275, _NET_WM_STATE_MAXIMIZED_HORZ: 276, _NET_WM_STATE_HIDDEN: 277, _NET_WM_STATE_FULLSCREEN: 278, _NET_WM_STATE_FOCUSED: 279, _NET_SUPPORTING_WM_CHECK: 280, _XSETTINGS_SETTINGS: 281, _WL_SELECTION: 282, CLIPBOARD_MANAGER: 283, CLIPBOARD: 284, PRIMARY: 1, TARGETS: 285, TIMESTAMP: 286, INCR: 287, DELETE: 288, _XSETTINGS_S0: 289 }, state: Mutex { data: SharedSurfaceState { alive: true, wl_surface_id: None, wl_surface_serial: Some(1), mapped_onto: Some(2097158), geometry: Rectangle<smithay::utils::geometry::Logical> { x: 1280, y: 720, width: 1272, height: 688 }, override_redirect: false, wl_surface: Some(WlSurface { id: ObjectId(wl_surface@14[0], 17), version: 4, data: Some(Any { .. }), handle: WeakHandle { handle: WeakInnerHandle[rs] { .. } } }), title: "christoph@schleppi", class: "XTerm", instance: "xterm", startup_id: None, pid: Some(3117365), protocols: [DeleteWindow], hints: Some(WmHints { input: Some(true), initial_state: Some(Normal), icon_pixmap: Some(4194342), icon_window: None, icon_position: None, icon_mask: Some(4194344), window_group: None, urgent: false }), normal_hints: Some(WmSizeHints { position: None, size: Some((UserSpecified, 1272, 688)), min_size: Some((30, 27)), max_size: None, size_increment: Some((11, 23)), aspect: None, base_size: Some((19, 4)), win_gravity: Some(NORTH_WEST) }), transient_for: None, net_state: {279, 276, 275}, motif_hints: [0, 0, 0, 0, 0], window_type: [] }, poisoned: false, .. }, user_data: UserDataMap { list: AppendList(0x0) } }) [3mmods[0m[2m=[0mModifiersState { ctrl: false, alt: false, shift: false, caps_lock: false, logo: false, num_lock: false, iso_level3_shift: false, iso_level5_shift: false, serialized: SerializedMods { depressed: 0, latched: 0, locked: 0, layout_effective: 0 } }[1m}[0m[2m:[0m [2msmithay::input::keyboard[0m[2m:[0m [2m/home/christoph/.cargo/registry/src/index.crates.io-1949cf8c6b5b557f/smithay-0.7.0/src/input/keyboard/mod.rs[0m[2m:[0m[2m724:[0m new
[2m2026-09-25T18:33:55.528694Z[0m [32m INFO[0m ThreadId(01) [1minput_seat[0m[1m{[0m[3mname[0m[2m=[0m"wprs"[1m}[0m[2m:[0m[1madd_keyboard[0m[1m{[0m[3mxkb_config[0m[2m=[0mXkbConfig { rules: "", model: "", layout: "", variant: "", options: None } [3mrepeat_delay[0m[2m=[0m200 [3mrepeat_rate[0m[2m=[0m200[1m}[0m[2m:[0m[1minput_keyboard[0m[2m:[0m[1msend_keymap[0m[1m{[0m[3mfocus[0m[2m=[0mSome(X11Surface { xwm: Some(XwmId(0)), client_scale: Some(1.0), window: 4194322, conn: (Weak), atoms: Atoms { WL_SURFACE_ID: 240, WL_SURFACE_SERIAL: 241, _SMITHAY_CLOSE_CONNECTION: 242, UTF8_STRING: 243, TEXT: 244, WM_HINTS: 35, WM_PROTOCOLS: 245, WM_TAKE_FOCUS: 246, WM_DELETE_WINDOW: 247, WM_CHANGE_STATE: 248, _NET_WM_NAME: 249, _NET_WM_MOVERESIZE: 250, _NET_WM_PID: 251, _NET_WM_WINDOW_TYPE: 252, _NET_WM_WINDOW_TYPE_DROPDOWN_MENU: 253, _NET_WM_WINDOW_TYPE_DIALOG: 254, _NET_WM_WINDOW_TYPE_MENU: 255, _NET_WM_WINDOW_TYPE_NOTIFICATION: 256, _NET_WM_WINDOW_TYPE_NORMAL: 257, _NET_WM_WINDOW_TYPE_POPUP_MENU: 258, _NET_WM_WINDOW_TYPE_SPLASH: 259, _NET_WM_WINDOW_TYPE_TOOLBAR: 260, _NET_WM_WINDOW_TYPE_TOOLTIP: 261, _NET_WM_WINDOW_TYPE_UTILITY: 262, _NET_WM_STATE_MODAL: 263, _MOTIF_WM_HINTS: 264, _NET_STARTUP_ID: 265, WM_S0: 266, WM_STATE: 267, _NET_WM_CM_S0: 268, _NET_SUPPORTED: 269, _NET_ACTIVE_WINDOW: 270, _NET_CLIENT_LIST: 271, _NET_CLIENT_LIST_STACKING: 272, _NET_WM_PING: 273, _NET_WM_STATE: 274, _NET_WM_STATE_MAXIMIZED_VERT: 275, _NET_WM_STATE_MAXIMIZED_HORZ: 276, _NET_WM_STATE_HIDDEN: 277, _NET_WM_STATE_FULLSCREEN: 278, _NET_WM_STATE_FOCUSED: 279, _NET_SUPPORTING_WM_CHECK: 280, _XSETTINGS_SETTINGS: 281, _WL_SELECTION: 282, CLIPBOARD_MANAGER: 283, CLIPBOARD: 284, PRIMARY: 1, TARGETS: 285, TIMESTAMP: 286, INCR: 287, DELETE: 288, _XSETTINGS_S0: 289 }, state: Mutex { data: SharedSurfaceState { alive: true, wl_surface_id: None, wl_surface_serial: Some(1), mapped_onto: Some(2097158), geometry: Rectangle<smithay::utils::geometry::Logical> { x: 1280, y: 720, width: 1272, height: 688 }, override_redirect: false, wl_surface: Some(WlSurface { id: ObjectId(wl_surface@14[0], 17), version: 4, data: Some(Any { .. }), handle: WeakHandle { handle: WeakInnerHandle[rs] { .. } } }), title: "christoph@schleppi", class: "XTerm", instance: "xterm", startup_id: None, pid: Some(3117365), protocols: [DeleteWindow], hints: Some(WmHints { input: Some(true), initial_state: Some(Normal), icon_pixmap: Some(4194342), icon_window: None, icon_position: None, icon_mask: Some(4194344), window_group: None, urgent: false }), normal_hints: Some(WmSizeHints { position: None, size: Some((UserSpecified, 1272, 688)), min_size: Some((30, 27)), max_size: None, size_increment: Some((11, 23)), aspect: None, base_size: Some((19, 4)), win_gravity: Some(NORTH_WEST) }), transient_for: None, net_state: {279, 276, 275}, motif_hints: [0, 0, 0, 0, 0], window_type: [] }, poisoned: false, .. }, user_data: UserDataMap { list: AppendList(0x0) } }) [3mmods[0m[2m=[0mModifiersState { ctrl: false, alt: false, shift: false, caps_lock: false, logo: false, num_lock: false, iso_level3_shift: false, iso_level5_shift: false, serialized: SerializedMods { depressed: 0, latched: 0, locked: 0, layout_effective: 0 } }[1m}[0m[2m:[0m [2msmithay::input::keyboard[0m[2m:[0m [2m/home/christoph/.cargo/registry/src/index.crates.io-1949cf8c6b5b557f/smithay-0.7.0/src/input/keyboard/mod.rs[0m[2m:[0m[2m724:[0m close [3mtime.busy[0m[2m=[0m170ns [3mtime.idle[0m[2m=[0m32.2µs
[2m2026-09-25T18:33:55.528760Z[0m [32m INFO[0m ThreadId(01) [1minput_seat[0m[1m{[0m[3mname[0m[2m=[0m"wprs"[1m}[0m[2m:[0m[1madd_keyboard[0m[1m{[0m[3mxkb_config[0m[2m=[0mXkbConfig { rules: "", model: "", layout: "", variant: "", options: None } [3mrepeat_delay[0m[2m=[0m200 [3mrepeat_rate[0m[2m=[0m200[1m}[0m[2m:[0m[1minput_keyboard[0m[2m:[0m[1msend_keymap[0m[1m{[0m[3mfocus[0m[2m=[0mSome(X11Surface { xwm: Some(XwmId(0)), client_scale: Some(1.0), window: 4194322, conn: (Weak), atoms: Atoms { WL_SURFACE_ID: 240, WL_SURFACE_SERIAL: 241, _SMITHAY_CLOSE_CONNECTION: 242, UTF8_STRING: 243, TEXT: 244, WM_HINTS: 35, WM_PROTOCOLS: 245, WM_TAKE_FOCUS: 246, WM_DELETE_WINDOW: 247, WM_CHANGE_STATE: 248, _NET_WM_NAME: 249, _NET_WM_MOVERESIZE: 250, _NET_WM_PID: 251, _NET_WM_WINDOW_TYPE: 252, _NET_WM_WINDOW_TYPE_DROPDOWN_MENU: 253, _NET_WM_WINDOW_TYPE_DIALOG: 254, _NET_WM_WINDOW_TYPE_MENU: 255, _NET_WM_WINDOW_TYPE_NOTIFICATION: 256, _NET_WM_WINDOW_TYPE_NORMAL: 257, _NET_WM_WINDOW_TYPE_POPUP_MENU: 258, _NET_WM_WINDOW_TYPE_SPLASH: 259, _NET_WM_WINDOW_TYPE_TOOLBAR: 260, _NET_WM_WINDOW_TYPE_TOOLTIP: 261, _NET_WM_WINDOW_TYPE_UTILITY: 262, _NET_WM_STATE_MODAL: 263, _MOTIF_WM_HINTS: 264, _NET_STARTUP_ID: 265, WM_S0: 266, WM_STATE: 267, _NET_WM_CM_S0: 268, _NET_SUPPORTED: 269, _NET_ACTIVE_WINDOW: 270, _NET_CLIENT_LIST: 271, _NET_CLIENT_LIST_STACKING: 272, _NET_WM_PING: 273, _NET_WM_STATE: 274, _NET_WM_STATE_MAXIMIZED_VERT: 275, _NET_WM_STATE_MAXIMIZED_HORZ: 276, _NET_WM_STATE_HIDDEN: 277, _NET_WM_STATE_FULLSCREEN: 278, _NET_WM_STATE_FOCUSED: 279, _NET_SUPPORTING_WM_CHECK: 280, _XSETTINGS_SETTINGS: 281, _WL_SELECTION: 282, CLIPBOARD_MANAGER: 283, CLIPBOARD: 284, PRIMARY: 1, TARGETS: 285, TIMESTAMP: 286, INCR: 287, DELETE: 288, _XSETTINGS_S0: 289 }, state: Mutex { data: SharedSurfaceState { alive: true, wl_surface_id: None, wl_surface_serial: Some(1), mapped_onto: Some(2097158), geometry: Rectangle<smithay::utils::geometry::Logical> { x: 1280, y: 720, width: 1272, height: 688 }, override_redirect: false, wl_surface: Some(WlSurface { id: ObjectId(wl_surface@14[0], 17), version: 4, data: Some(Any { .. }), handle: WeakHandle { handle: WeakInnerHandle[rs] { .. } } }), title: "christoph@schleppi", class: "XTerm", instance: "xterm", startup_id: None, pid: Some(3117365), protocols: [DeleteWindow], hints: Some(WmHints { input: Some(true), initial_state: Some(Normal), icon_pixmap: Some(4194342), icon_window: None, icon_position: None, icon_mask: Some(4194344), window_group: None, urgent: false }), normal_hints: Some(WmSizeHints { position: None, size: Some((UserSpecified, 1272, 688)), min_size: Some((30, 27)), max_size: None, size_increment: Some((11, 23)), aspect: None, base_size: Some((19, 4)), win_gravity: Some(NORTH_WEST) }), transient_for: None, net_state: {279, 276, 275}, motif_hints: [0, 0, 0, 0, 0], window_type: [] }, poisoned: false, .. }, user_data: UserDataMap { list: AppendList(0x0) } }) [3mmods[0m[2m=[0mModifiersState { ctrl: false, alt: false, shift: false, caps_lock: false, logo: false, num_lock: false, iso_level3_shift: false, iso_level5_shift: false, serialized: SerializedMods { depressed: 0, latched: 0, locked: 0, layout_effective: 0 } }[1m}[0m[2m:[0m [2msmithay::input::keyboard[0m[2m:[0m [2m/home/christoph/.cargo/registry/src/index.crates.io-1949cf8c6b5b557f/smithay-0.7.0/src/input/keyboard/mod.rs[0m[2m:[0m[2m724:[0m new
[2m2026-09-25T18:33:55.528777Z[0m [32m INFO[0m ThreadId(01) [1minput_seat[0m[1m{[0m[3mname[0m[2m=[0m"wprs"[1m}[0m[2m:[0m[1madd_keyboard[0m[1m{[0m[3mxkb_config[0m[2m=[0mXkbConfig { rules: "", model: "", layout: "", variant: "", options: None } [3mrepeat_delay[0m[2m=[0m200 [3mrepeat_rate[0m[2m=[0m200[1m}[0m[2m:[0m[1minput_keyboard[0m[2m:[0m[1msend_keymap[0m[1m{[0m[3mfocus[0m[2m=[0mSome(X11Surface { xwm: Some(XwmId(0)), client_scale: Some(1.0), window: 4194322, conn: (Weak), atoms: Atoms { WL_SURFACE_ID: 240, WL_SURFACE_SERIAL: 241, _SMITHAY_CLOSE_CONNECTION: 242, UTF8_STRING: 243, TEXT: 244, WM_HINTS: 35, WM_PROTOCOLS: 245, WM_TAKE_FOCUS: 246, WM_DELETE_WINDOW: 247, WM_CHANGE_STATE: 248, _NET_WM_NAME: 249, _NET_WM_MOVERESIZE: 250, _NET_WM_PID: 251, _NET_WM_WINDOW_TYPE: 252, _NET_WM_WINDOW_TYPE_DROPDOWN_MENU: 253, _NET_WM_WINDOW_TYPE_DIALOG: 254, _NET_WM_WINDOW_TYPE_MENU: 255, _NET_WM_WINDOW_TYPE_NOTIFICATION: 256, _NET_WM_WINDOW_TYPE_NORMAL: 257, _NET_WM_WINDOW_TYPE_POPUP_MENU: 258, _NET_WM_WINDOW_TYPE_SPLASH: 259, _NET_WM_WINDOW_TYPE_TOOLBAR: 260, _NET_WM_WINDOW_TYPE_TOOLTIP: 261, _NET_WM_WINDOW_TYPE_UTILITY: 262, _NET_WM_STATE_MODAL: 263, _MOTIF_WM_HINTS: 264, _NET_STARTUP_ID: 265, WM_S0: 266, WM_STATE: 267, _NET_WM_CM_S0: 268, _NET_SUPPORTED: 269, _NET_ACTIVE_WINDOW: 270, _NET_CLIENT_LIST: 271, _NET_CLIENT_LIST_STACKING: 272, _NET_WM_PING: 273, _NET_WM_STATE: 274, _NET_WM_STATE_MAXIMIZED_VERT: 275, _NET_WM_STATE_MAXIMIZED_HORZ: 276, _NET_WM_STATE_HIDDEN: 277, _NET_WM_STATE_FULLSCREEN: 278, _NET_WM_STATE_FOCUSED: 279, _NET_SUPPORTING_WM_CHECK: 280, _XSETTINGS_SETTINGS: 281, _WL_SELECTION: 282, CLIPBOARD_MANAGER: 283, CLIPBOARD: 284, PRIMARY: 1, TARGETS: 285, TIMESTAMP: 286, INCR: 287, DELETE: 288, _XSETTINGS_S0: 289 }, state: Mutex { data: SharedSurfaceState { alive: true, wl_surface_id: None, wl_surface_serial: Some(1), mapped_onto: Some(2097158), geometry: Rectangle<smithay::utils::geometry::Logical> { x: 1280, y: 720, width: 1272, height: 688 }, override_redirect: false, wl_surface: Some(WlSurface { id: ObjectId(wl_surface@14[0], 17), version: 4, data: Some(Any { .. }), handle: WeakHandle { handle: WeakInnerHandle[rs] { .. } } }), title: "christoph@schleppi", class: "XTerm", instance: "xterm", startup_id: None, pid: Some(3117365), protocols: [DeleteWindow], hints: Some(WmHints { input: Some(true), initial_state: Some(Normal), icon_pixmap: Some(4194342), icon_window: None, icon_position: None, icon_mask: Some(4194344), window_group: None, urgent: false }), normal_hints: Some(WmSizeHints { position: None, size: Some((UserSpecified, 1272, 688)), min_size: Some((30, 27)), max_size: None, size_increment: Some((11, 23)), aspect: None, base_size: Some((19, 4)), win_gravity: Some(NORTH_WEST) }), transient_for: None, net_state: {279, 276, 275}, motif_hints: [0, 0, 0, 0, 0], window_type: [] }, poisoned: false, .. }, user_data: UserDataMap { list: AppendList(0x0) } }) [3mmods[0m[2m=[0mModifiersState { ctrl: false, alt: false, shift: false, caps_lock: false, logo: false, num_lock: false, iso_level3_shift: false, iso_level5_shift: false, serialized: SerializedMods { depressed: 0, latched: 0, locked: 0, layout_effective: 0 } }[1m}[0m[2m:[0m [2msmithay::input::keyboard[0m[2m:[0m [2m/home/christoph/.cargo/registry/src/index.crates.io-1949cf8c6b5b557f/smithay-0.7.0/src/input/keyboard/mod.rs[0m[2m:[0m[2m724:[0m close [3mtime.busy[0m[2m=[0m190ns [3mtime.idle[0m[2m=[0m16.8µs
[2m2026-09-25T18:33:55.528847Z[0m [32m INFO[0m ThreadId(01) [1minput_seat[0m[1m{[0m[3mname[0m[2m=[0m"wprs"[1m}[0m[2m:[0m[1madd_keyboard[0m[1m{[0m[3mxkb_config[0m[2m=[0mXkbConfig { rules: "", model: "", layout: "", variant: "", options: None } [3mrepeat_delay[0m[2m=[0m200 [3mrepeat_rate[0m[2m=[0m200[1m}[0m[2m:[0m[1minput_keyboard[0m[2m:[0m[1msend_keymap[0m[1m{[0m[3mfocus[0m[2m=[0mSome(X11Surface { xwm: Some(XwmId(0)), client_scale: Some(1.0), window: 4194322, conn: (Weak), atoms: Atoms { WL_SURFACE_ID: 240, WL_SURFACE_SERIAL: 241, _SMITHAY_CLOSE_CONNECTION: 242, UTF8_STRING: 243, TEXT: 244, WM_HINTS: 35, WM_PROTOCOLS: 245, WM_TAKE_FOCUS: 246, WM_DELETE_WINDOW: 247, WM_CHANGE_STATE: 248, _NET_WM_NAME: 249, _NET_WM_MOVERESIZE: 250, _NET_WM_PID: 251, _NET_WM_WINDOW_TYPE: 252, _NET_WM_WINDOW_TYPE_DROPDOWN_MENU: 253, _NET_WM_WINDOW_TYPE_DIALOG: 254, _NET_WM_WINDOW_TYPE_MENU: 255, _NET_WM_WINDOW_TYPE_NOTIFICATION: 256, _NET_WM_WINDOW_TYPE_NORMAL: 257, _NET_WM_WINDOW_TYPE_POPUP_MENU: 258, _NET_WM_WINDOW_TYPE_SPLASH: 259, _NET_WM_WINDOW_TYPE_TOOLBAR: 260, _NET_WM_WINDOW_TYPE_TOOLTIP: 261, _NET_WM_WINDOW_TYPE_UTILITY: 262, _NET_WM_STATE_MODAL: 263, _MOTIF_WM_HINTS: 264, _NET_STARTUP_ID: 265, WM_S0: 266, WM_STATE: 267, _NET_WM_CM_S0: 268, _NET_SUPPORTED: 269, _NET_ACTIVE_WINDOW: 270, _NET_CLIENT_LIST: 271, _NET_CLIENT_LIST_STACKING: 272, _NET_WM_PING: 273, _NET_WM_STATE: 274, _NET_WM_STATE_MAXIMIZED_VERT: 275, _NET_WM_STATE_MAXIMIZED_HORZ: 276, _NET_WM_STATE_HIDDEN: 277, _NET_WM_STATE_FULLSCREEN: 278, _NET_WM_STATE_FOCUSED: 279, _NET_SUPPORTING_WM_CHECK: 280, _XSETTINGS_SETTINGS: 281, _WL_SELECTION: 282, CLIPBOARD_MANAGER: 283, CLIPBOARD: 284, PRIMARY: 1, TARGETS: 285, TIMESTAMP: 286, INCR: 287, DELETE: 288, _XSETTINGS_S0: 289 }, state: Mutex { data: SharedSurfaceState { alive: true, wl_surface_id: None, wl_surface_serial: Some(1), mapped_onto: Some(2097158), geometry: Rectangle<smithay::utils::geometry::Logical> { x: 1280, y: 720, width: 1272, height: 688 }, override_redirect: false, wl_surface: Some(WlSurface { id: ObjectId(wl_surface@14[0], 17), version: 4, data: Some(Any { .. }), handle: WeakHandle { handle: WeakInnerHandle[rs] { .. } } }), title: "christoph@schleppi", class: "XTerm", instance: "xterm", startup_id: None, pid: Some(3117365), protocols: [DeleteWindow], hints: Some(WmHints { input: Some(true), initial_state: Some(Normal), icon_pixmap: Some(4194342), icon_window: None, icon_position: None, icon_mask: Some(4194344), window_group: None, urgent: false }), normal_hints: Some(WmSizeHints { position: None, size: Some((UserSpecified, 1272, 688)), min_size: Some((30, 27)), max_size: None, size_increment: Some((11, 23)), aspect: None, base_size: Some((19, 4)), win_gravity: Some(NORTH_WEST) }), transient_for: None, net_state: {279, 276, 275}, motif_hints: [0, 0, 0, 0, 0], window_type: [] }, poisoned: false, .. }, user_data: UserDataMap { list: AppendList(0x0) } }) [3mmods[0m[2m=[0mModifiersState { ctrl: false, alt: false, shift: false, caps_lock: false, logo: false, num_lock: false, iso_level3_shift: false, iso_level5_shift: false, serialized: SerializedMods { depressed: 0, latched: 0, locked: 0, layout_effective: 0 } }[1m}[0m[2m:[0m [2msmithay::input::keyboard[0m[2m:[0m [2m/home/christoph/.cargo/registry/src/index.crates.io-1949cf8c6b5b557f/smithay-0.7.0/src/input/keyboard/mod.rs[0m[2m:[0m[2m724:[0m new
[2m2026-09-25T18:33:55.528867Z[0m [32m INFO[0m ThreadId(01) [1minput_seat[0m[1m{[0m[3mname[0m[2m=[0m"wprs"[1m}[0m[2m:[0m[1madd_keyboard[0m[1m{[0m[3mxkb_config[0m[2m=[0mXkbConfig { rules: "", model: "", layout: "", variant: "", options: None } [3mrepeat_delay[0m[2m=[0m200 [3mrepeat_rate[0m[2m=[0m200[1m}[0m[2m:[0m[1minput_keyboard[0m[2m:[0m[1msend_keymap[0m[1m{[0m[3mfocus[0m[2m=[0mSome(X11Surface { xwm: Some(XwmId(0)), client_scale: Some(1.0), window: 4194322, conn: (Weak), atoms: Atoms { WL_SURFACE_ID: 240, WL_SURFACE_SERIAL: 241, _SMITHAY_CLOSE_CONNECTION: 242, UTF8_STRING: 243, TEXT: 244, WM_HINTS: 35, WM_PROTOCOLS: 245, WM_TAKE_FOCUS: 246, WM_DELETE_WINDOW: 247, WM_CHANGE_STATE: 248, _NET_WM_NAME: 249, _NET_WM_MOVERESIZE: 250, _NET_WM_PID: 251, _NET_WM_WINDOW_TYPE: 252, _NET_WM_WINDOW_TYPE_DROPDOWN_MENU: 253, _NET_WM_WINDOW_TYPE_DIALOG: 254, _NET_WM_WINDOW_TYPE_MENU: 255, _NET_WM_WINDOW_TYPE_NOTIFICATION: 256, _NET_WM_WINDOW_TYPE_NORMAL: 257, _NET_WM_WINDOW_TYPE_POPUP_MENU: 258, _NET_WM_WINDOW_TYPE_SPLASH: 259, _NET_WM_WINDOW_TYPE_TOOLBAR: 260, _NET_WM_WINDOW_TYPE_TOOLTIP: 261, _NET_WM_WINDOW_TYPE_UTILITY: 262, _NET_WM_STATE_MODAL: 263, _MOTIF_WM_HINTS: 264, _NET_STARTUP_ID: 265, WM_S0: 266, WM_STATE: 267, _NET_WM_CM_S0: 268, _NET_SUPPORTED: 269, _NET_ACTIVE_WINDOW: 270, _NET_CLIENT_LIST: 271, _NET_CLIENT_LIST_STACKING: 272, _NET_WM_PING: 273, _NET_WM_STATE: 274, _NET_WM_STATE_MAXIMIZED_VERT: 275, _NET_WM_STATE_MAXIMIZED_HORZ: 276, _NET_WM_STATE_HIDDEN: 277, _NET_WM_STATE_FULLSCREEN: 278, _NET_WM_STATE_FOCUSED: 279, _NET_SUPPORTING_WM_CHECK: 280, _XSETTINGS_SETTINGS: 281, _WL_SELECTION: 282, CLIPBOARD_MANAGER: 283, CLIPBOARD: 284, PRIMARY: 1, TARGETS: 285, TIMESTAMP: 286, INCR: 287, DELETE: 288, _XSETTINGS_S0: 289 }, state: Mutex { data: SharedSurfaceState { alive: true, wl_surface_id: None, wl_surface_serial: Some(1), mapped_onto: Some(2097158), geometry: Rectangle<smithay::utils::geometry::Logical> { x: 1280, y: 720, width: 1272, height: 688 }, override_redirect: false, wl_surface: Some(WlSurface { id: ObjectId(wl_surface@14[0], 17), version: 4, data: Some(Any { .. }), handle: WeakHandle { handle: WeakInnerHandle[rs] { .. } } }), title: "christoph@schleppi", class: "XTerm", instance: "xterm", startup_id: None, pid: Some(3117365), protocols: [DeleteWindow], hints: Some(WmHints { input: Some(true), initial_state: Some(Normal), icon_pixmap: Some(4194342), icon_window: None, icon_position: None, icon_mask: Some(4194344), window_group: None, urgent: false }), normal_hints: Some(WmSizeHints { position: None, size: Some((UserSpecified, 1272, 688)), min_size: Some((30, 27)), max_size: None, size_increment: Some((11, 23)), aspect: None, base_size: Some((19, 4)), win_gravity: Some(NORTH_WEST) }), transient_for: None, net_state: {279, 276, 275}, motif_hints: [0, 0, 0, 0, 0], window_type: [] }, poisoned: false, .. }, user_data: UserDataMap { list: AppendList(0x0) } }) [3mmods[0m[2m=[0mModifiersState { ctrl: false, alt: false, shift: false, caps_lock: false, logo: false, num_lock: false, iso_level3_shift: false, iso_level5_shift: false, serialized: SerializedMods { depressed: 0, latched: 0, locked: 0, layout_effective: 0 } }[1m}[0m[2m:[0m [2msmithay::input::keyboard[0m[2m:[0m [2m/home/christoph/.cargo/registry/src/index.crates.io-1949cf8c6b5b557f/smithay-0.7.0/src/input/keyboard/mod.rs[0m[2m:[0m[2m724:[0m close [3mtime.busy[0m[2m=[0m170ns [3mtime.idle[0m[2m=[0m19.5µs
[2m2026-09-25T18:33:55.528936Z[0m [32m INFO[0m ThreadId(01) [1minput_seat[0m[1m{[0m[3mname[0m[2m=[0m"wprs"[1m}[0m[2m:[0m[1madd_keyboard[0m[1m{[0m[3mxkb_config[0m[2m=[0mXkbConfig { rules: "", model: "", layout: "", variant: "", options: None } [3mrepeat_delay[0m[2m=[0m200 [3mrepeat_rate[0m[2m=[0m200[1m}[0m[2m:[0m[1minput_keyboard[0m[2m:[0m[1msend_keymap[0m[1m{[0m[3mfocus[0m[2m=[0mSome(X11Surface { xwm: Some(XwmId(0)), client_scale: Some(1.0), window: 4194322, conn: (Weak), atoms: Atoms { WL_SURFACE_ID: 240, WL_SURFACE_SERIAL: 241, _SMITHAY_CLOSE_CONNECTION: 242, UTF8_STRING: 243, TEXT: 244, WM_HINTS: 35, WM_PROTOCOLS: 245, WM_TAKE_FOCUS: 246, WM_DELETE_WINDOW: 247, WM_CHANGE_STATE: 248, _NET_WM_NAME: 249, _NET_WM_MOVERESIZE: 250, _NET_WM_PID: 251, _NET_WM_WINDOW_TYPE: 252, _NET_WM_WINDOW_TYPE_DROPDOWN_MENU: 253, _NET_WM_WINDOW_TYPE_DIALOG: 254, _NET_WM_WINDOW_TYPE_MENU: 255, _NET_WM_WINDOW_TYPE_NOTIFICATION: 256, _NET_WM_WINDOW_TYPE_NORMAL: 257, _NET_WM_WINDOW_TYPE_POPUP_MENU: 258, _NET_WM_WINDOW_TYPE_SPLASH: 259, _NET_WM_WINDOW_TYPE_TOOLBAR: 260, _NET_WM_WINDOW_TYPE_TOOLTIP: 261, _NET_WM_WINDOW_TYPE_UTILITY: 262, _NET_WM_STATE_MODAL: 263, _MOTIF_WM_HINTS: 264, _NET_STARTUP_ID: 265, WM_S0: 266, WM_STATE: 267, _NET_WM_CM_S0: 268, _NET_SUPPORTED: 269, _NET_ACTIVE_WINDOW: 270, _NET_CLIENT_LIST: 271, _NET_CLIENT_LIST_STACKING: 272, _NET_WM_PING: 273, _NET_WM_STATE: 274, _NET_WM_STATE_MAXIMIZED_VERT: 275, _NET_WM_STATE_MAXIMIZED_HORZ: 276, _NET_WM_STATE_HIDDEN: 277, _NET_WM_STATE_FULLSCREEN: 278, _NET_WM_STATE_FOCUSED: 279, _NET_SUPPORTING_WM_CHECK: 280, _XSETTINGS_SETTINGS: 281, _WL_SELECTION: 282, CLIPBOARD_MANAGER: 283, CLIPBOARD: 284, PRIMARY: 1, TARGETS: 285, TIMESTAMP: 286, INCR: 287, DELETE: 288, _XSETTINGS_S0: 289 }, state: Mutex { data: SharedSurfaceState { alive: true, wl_surface_id: None, wl_surface_serial: Some(1), mapped_onto: Some(2097158), geometry: Rectangle<smithay::utils::geometry::Logical> { x: 1280, y: 720, width: 1272, height: 688 }, override_redirect: false, wl_surface: Some(WlSurface { id: ObjectId(wl_surface@14[0], 17), version: 4, data: Some(Any { .. }), handle: WeakHandle { handle: WeakInnerHandle[rs] { .. } } }), title: "christoph@schleppi", class: "XTerm", instance: "xterm", startup_id: None, pid: Some(3117365), protocols: [DeleteWindow], hints: Some(WmHints { input: Some(true), initial_state: Some(Normal), icon_pixmap: Some(4194342), icon_window: None, icon_position: None, icon_mask: Some(4194344), window_group: None, urgent: false }), normal_hints: Some(WmSizeHints { position: None, size: Some((UserSpecified, 1272, 688)), min_size: Some((30, 27)), max_size: None, size_increment: Some((11, 23)), aspect: None, base_size: Some((19, 4)), win_gravity: Some(NORTH_WEST) }), transient_for: None, net_state: {279, 276, 275}, motif_hints: [0, 0, 0, 0, 0], window_type: [] }, poisoned: false, .. }, user_data: UserDataMap { list: AppendList(0x0) } }) [3mmods[0m[2m=[0mModifiersState { ctrl: false, alt: false, shift: false, caps_lock: false, logo: false, num_lock: false, iso_level3_shift: false, iso_level5_shift: false, serialized: SerializedMods { depressed: 0, latched: 0, locked: 0, layout_effective: 0 } }[1m}[0m[2m:[0m [2msmithay::input::keyboard[0m[2m:[0m [2m/home/christoph/.cargo/registry/src/index.crates.io-1949cf8c6b5b557f/smithay-0.7.0/src/input/keyboard/mod.rs[0m[2m:[0m[2m724:[0m new
[2m2026-09-25T18:33:55.528956Z[0m [32m INFO[0m ThreadId(01) [1minput_seat[0m[1m{[0m[3mname[0m[2m=[0m"wprs"[1m}[0m[2m:[0m[1madd_keyboard[0m[1m{[0m[3mxkb_config[0m[2m=[0mXkbConfig { rules: "", model: "", layout: "", variant: "", options: None } [3mrepeat_delay[0m[2m=[0m200 [3mrepeat_rate[0m[2m=[0m200[1m}[0m[2m:[0m[1minput_keyboard[0m[2m:[0m[1msend_keymap[0m[1m{[0m[3mfocus[0m[2m=[0mSome(X11Surface { xwm: Some(XwmId(0)), client_scale: Some(1.0), window: 4194322, conn: (Weak), atoms: Atoms { WL_SURFACE_ID: 240, WL_SURFACE_SERIAL: 241, _SMITHAY_CLOSE_CONNECTION: 242, UTF8_STRING: 243, TEXT: 244, WM_HINTS: 35, WM_PROTOCOLS: 245, WM_TAKE_FOCUS: 246, WM_DELETE_WINDOW: 247, WM_CHANGE_STATE: 248, _NET_WM_NAME: 249, _NET_WM_MOVERESIZE: 250, _NET_WM_PID: 251, _NET_WM_WINDOW_TYPE: 252, _NET_WM_WINDOW_TYPE_DROPDOWN_MENU: 253, _NET_WM_WINDOW_TYPE_DIALOG: 254, _NET_WM_WINDOW_TYPE_MENU: 255, _NET_WM_WINDOW_TYPE_NOTIFICATION: 256, _NET_WM_WINDOW_TYPE_NORMAL: 257, _NET_WM_WINDOW_TYPE_POPUP_MENU: 258, _NET_WM_WINDOW_TYPE_SPLASH: 259, _NET_WM_WINDOW_TYPE_TOOLBAR: 260, _NET_WM_WINDOW_TYPE_TOOLTIP: 261, _NET_WM_WINDOW_TYPE_UTILITY: 262, _NET_WM_STATE_MODAL: 263, _MOTIF_WM_HINTS: 264, _NET_STARTUP_ID: 265, WM_S0: 266, WM_STATE: 267, _NET_WM_CM_S0: 268, _NET_SUPPORTED: 269, _NET_ACTIVE_WINDOW: 270, _NET_CLIENT_LIST: 271, _NET_CLIENT_LIST_STACKING: 272, _NET_WM_PING: 273, _NET_WM_STATE: 274, _NET_WM_STATE_MAXIMIZED_VERT: 275, _NET_WM_STATE_MAXIMIZED_HORZ: 276, _NET_WM_STATE_HIDDEN: 277, _NET_WM_STATE_FULLSCREEN: 278, _NET_WM_STATE_FOCUSED: 279, _NET_SUPPORTING_WM_CHECK: 280, _XSETTINGS_SETTINGS: 281, _WL_SELECTION: 282, CLIPBOARD_MANAGER: 283, CLIPBOARD: 284, PRIMARY: 1, TARGETS: 285, TIMESTAMP: 286, INCR: 287, DELETE: 288, _XSETTINGS_S0: 289 }, state: Mutex { data: SharedSurfaceState { alive: true, wl_surface_id: None, wl_surface_serial: Some(1), mapped_onto: Some(2097158), geometry: Rectangle<smithay::utils::geometry::Logical> { x: 1280, y: 720, width: 1272, height: 688 }, override_redirect: false, wl_surface: Some(WlSurface { id: ObjectId(wl_surface@14[0], 17), version: 4, data: Some(Any { .. }), handle: WeakHandle { handle: WeakInnerHandle[rs] { .. } } }), title: "christoph@schleppi", class: "XTerm", instance: "xterm", startup_id: None, pid: Some(3117365), protocols: [DeleteWindow], hints: Some(WmHints { input: Some(true), initial_state: Some(Normal), icon_pixmap: Some(4194342), icon_window: None, icon_position: None, icon_mask: Some(4194344), window_group: None, urgent: false }), normal_hints: Some(WmSizeHints { position: None, size: Some((UserSpecified, 1272, 688)), min_size: Some((30, 27)), max_size: None, size_increment: Some((11, 23)), aspect: None, base_size: Some((19, 4)), win_gravity: Some(NORTH_WEST) }), transient_for: None, net_state: {279, 276, 275}, motif_hints: [0, 0, 0, 0, 0], window_type: [] }, poisoned: false, .. }, user_data: UserDataMap { list: AppendList(0x0) } }) [3mmods[0m[2m=[0mModifiersState { ctrl: false, alt: false, shift: false, caps_lock: false, logo: false, num_lock: false, iso_level3_shift: false, iso_level5_shift: false, serialized: SerializedMods { depressed: 0, latched: 0, locked: 0, layout_effective: 0 } }[1m}[0m[2m:[0m [2msmithay::input::keyboard[0m[2m:[0m [2m/home/christoph/.cargo/registry/src/index.crates.io-1949cf8c6b5b557f/smithay-0.7.0/src/input/keyboard/mod.rs[0m[2m:[0m[2m724:[0m close [3mtime.busy[0m[2m=[0m221ns [3mtime.idle[0m[2m=[0m19.3µs
[2m2026-09-25T18:33:55.529026Z[0m [32m INFO[0m ThreadId(01) [1minput_seat[0m[1m{[0m[3mname[0m[2m=[0m"wprs"[1m}[0m[2m:[0m[1madd_keyboard[0m[1m{[0m[3mxkb_config[0m[2m=[0mXkbConfig { rules: "", model: "", layout: "", variant: "", options: None } [3mrepeat_delay[0m[2m=[0m200 [3mrepeat_rate[0m[2m=[0m200[1m}[0m[2m:[0m[1minput_keyboard[0m[2m:[0m[1msend_keymap[0m[1m{[0m[3mfocus[0m[2m=[0mSome(X11Surface { xwm: Some(XwmId(0)), client_scale: Some(1.0), window: 4194322, conn: (Weak), atoms: Atoms { WL_SURFACE_ID: 240, WL_SURFACE_SERIAL: 241, _SMITHAY_CLOSE_CONNECTION: 242, UTF8_STRING: 243, TEXT: 244, WM_HINTS: 35, WM_PROTOCOLS: 245, WM_TAKE_FOCUS: 246, WM_DELETE_WINDOW: 247, WM_CHANGE_STATE: 248, _NET_WM_NAME: 249, _NET_WM_MOVERESIZE: 250, _NET_WM_PID: 251, _NET_WM_WINDOW_TYPE: 252, _NET_WM_WINDOW_TYPE_DROPDOWN_MENU: 253, _NET_WM_WINDOW_TYPE_DIALOG: 254, _NET_WM_WINDOW_TYPE_MENU: 255, _NET_WM_WINDOW_TYPE_NOTIFICATION: 256, _NET_WM_WINDOW_TYPE_NORMAL: 257, _NET_WM_WINDOW_TYPE_POPUP_MENU: 258, _NET_WM_WINDOW_TYPE_SPLASH: 259, _NET_WM_WINDOW_TYPE_TOOLBAR: 260, _NET_WM_WINDOW_TYPE_TOOLTIP: 261, _NET_WM_WINDOW_TYPE_UTILITY: 262, _NET_WM_STATE_MODAL: 263, _MOTIF_WM_HINTS: 264, _NET_STARTUP_ID: 265, WM_S0: 266, WM_STATE: 267, _NET_WM_CM_S0: 268, _NET_SUPPORTED: 269, _NET_ACTIVE_WINDOW: 270, _NET_CLIENT_LIST: 271, _NET_CLIENT_LIST_STACKING: 272, _NET_WM_PING: 273, _NET_WM_STATE: 274, _NET_WM_STATE_MAXIMIZED_VERT: 275, _NET_WM_STATE_MAXIMIZED_HORZ: 276, _NET_WM_STATE_HIDDEN: 277, _NET_WM_STATE_FULLSCREEN: 278, _NET_WM_STATE_FOCUSED: 279, _NET_SUPPORTING_WM_CHECK: 280, _XSETTINGS_SETTINGS: 281, _WL_SELECTION: 282, CLIPBOARD_MANAGER: 283, CLIPBOARD: 284, PRIMARY: 1, TARGETS: 285, TIMESTAMP: 286, INCR: 287, DELETE: 288, _XSETTINGS_S0: 289 }, state: Mutex { data: SharedSurfaceState { alive: true, wl_surface_id: None, wl_surface_serial: Some(1), mapped_onto: Some(2097158), geometry: Rectangle<smithay::utils::geometry::Logical> { x: 1280, y: 720, width: 1272, height: 688 }, override_redirect: false, wl_surface: Some(WlSurface { id: ObjectId(wl_surface@14[0], 17), version: 4, data: Some(Any { .. }), handle: WeakHandle { handle: WeakInnerHandle[rs] { .. } } }), title: "christoph@schleppi", class: "XTerm", instance: "xterm", startup_id: None, pid: Some(3117365), protocols: [DeleteWindow], hints: Some(WmHints { input: Some(true), initial_state: Some(Normal), icon_pixmap: Some(4194342), icon_window: None, icon_position: None, icon_mask: Some(4194344), window_group: None, urgent: false }), normal_hints: Some(WmSizeHints { position: None, size: Some((UserSpecified, 1272, 688)), min_size: Some((30, 27)), max_size: None, size_increment: Some((11, 23)), aspect: None, base_size: Some((19, 4)), win_gravity: Some(NORTH_WEST) }), transient_for: None, net_state: {279, 276, 275}, motif_hints: [0, 0, 0, 0, 0], window_type: [] }, poisoned: false, .. }, user_data: UserDataMap { list: AppendList(0x0) } }) [3mmods[0m[2m=[0mModifiersState { ctrl: false, alt: false, shift: false, caps_lock: false, logo: false, num_lock: false, iso_level3_shift: false, iso_level5_shift: false, serialized: SerializedMods { depressed: 0, latched: 0, locked: 0, layout_effective: 0 } }[1m}[0m[2m:[0m [2msmithay::input::keyboard[0m[2m:[0m [2m/home/christoph/.cargo/registry/src/index.crates.io-1949cf8c6b5b557f/smithay-0.7.0/src/input/keyboard/mod.rs[0m[2m:[0m[2m724:[0m new
[2m2026-09-25T18:33:55.529041Z[0m [32m INFO[0m ThreadId(01) [1minput_seat[0m[1m{[0m[3mname[0m[2m=[0m"wprs"[1m}[0m[2m:[0m[1madd_keyboard[0m[1m{[0m[3mxkb_config[0m[2m=[0mXkbConfig { rules: "", model: "", layout: "", variant: "", options: None } [3mrepeat_delay[0m[2m=[0m200 [3mrepeat_rate[0m[2m=[0m200[1m}[0m[2m:[0m[1minput_keyboard[0m[2m:[0m[1msend_keymap[0m[1m{[0m[3mfocus[0m[2m=[0mSome(X11Surface { xwm: Some(XwmId(0)), client_scale: Some(1.0), window: 4194322, conn: (Weak), atoms: Atoms { WL_SURFACE_ID: 240, WL_SURFACE_SERIAL: 241, _SMITHAY_CLOSE_CONNECTION: 242, UTF8_STRING: 243, TEXT: 244, WM_HINTS: 35, WM_PROTOCOLS: 245, WM_TAKE_FOCUS: 246, WM_DELETE_WINDOW: 247, WM_CHANGE_STATE: 248, _NET_WM_NAME: 249, _NET_WM_MOVERESIZE: 250, _NET_WM_PID: 251, _NET_WM_WINDOW_TYPE: 252, _NET_WM_WINDOW_TYPE_DROPDOWN_MENU: 253, _NET_WM_WINDOW_TYPE_DIALOG: 254, _NET_WM_WINDOW_TYPE_MENU: 255, _NET_WM_WINDOW_TYPE_NOTIFICATION: 256, _NET_WM_WINDOW_TYPE_NORMAL: 257, _NET_WM_WINDOW_TYPE_POPUP_MENU: 258, _NET_WM_WINDOW_TYPE_SPLASH: 259, _NET_WM_WINDOW_TYPE_TOOLBAR: 260, _NET_WM_WINDOW_TYPE_TOOLTIP: 261, _NET_WM_WINDOW_TYPE_UTILITY: 262, _NET_WM_STATE_MODAL: 263, _MOTIF_WM_HINTS: 264, _NET_STARTUP_ID: 265, WM_S0: 266, WM_STATE: 267, _NET_WM_CM_S0: 268, _NET_SUPPORTED: 269, _NET_ACTIVE_WINDOW: 270, _NET_CLIENT_LIST: 271, _NET_CLIENT_LIST_STACKING: 272, _NET_WM_PING: 273, _NET_WM_STATE: 274, _NET_WM_STATE_MAXIMIZED_VERT: 275, _NET_WM_STATE_MAXIMIZED_HORZ: 276, _NET_WM_STATE_HIDDEN: 277, _NET_WM_STATE_FULLSCREEN: 278, _NET_WM_STATE_FOCUSED: 279, _NET_SUPPORTING_WM_CHECK: 280, _XSETTINGS_SETTINGS: 281, _WL_SELECTION: 282, CLIPBOARD_MANAGER: 283, CLIPBOARD: 284, PRIMARY: 1, TARGETS: 285, TIMESTAMP: 286, INCR: 287, DELETE: 288, _XSETTINGS_S0: 289 }, state: Mutex { data: SharedSurfaceState { alive: true, wl_surface_id: None, wl_surface_serial: Some(1), mapped_onto: Some(2097158), geometry: Rectangle<smithay::utils::geometry::Logical> { x: 1280, y: 720, width: 1272, height: 688 }, override_redirect: false, wl_surface: Some(WlSurface { id: ObjectId(wl_surface@14[0], 17), version: 4, data: Some(Any { .. }), handle: WeakHandle { handle: WeakInnerHandle[rs] { .. } } }), title: "christoph@schleppi", class: "XTerm", instance: "xterm", startup_id: None, pid: Some(3117365), protocols: [DeleteWindow], hints: Some(WmHints { input: Some(true), initial_state: Some(Normal), icon_pixmap: Some(4194342), icon_window: None, icon_position: None, icon_mask: Some(4194344), window_group: None, urgent: false }), normal_hints: Some(WmSizeHints { position: None, size: Some((UserSpecified, 1272, 688)), min_size: Some((30, 27)), max_size: None, size_increment: Some((11, 23)), aspect: None, base_size: Some((19, 4)), win_gravity: Some(NORTH_WEST) }), transient_for: None, net_state: {279, 276, 275}, motif_hints: [0, 0, 0, 0, 0], window_type: [] }, poisoned: false, .. }, user_data: UserDataMap { list: AppendList(0x0) } }) [3mmods[0m[2m=[0mModifiersState { ctrl: false, alt: false, shift: false, caps_lock: false, logo: false, num_lock: false, iso_level3_shift: false, iso_level5_shift: false, serialized: SerializedMods { depressed: 0, latched: 0, locked: 0, layout_effective: 0 } }[1m}[0m[2m:[0m [2msmithay::input::keyboard[0m[2m:[0m [2m/home/christoph/.cargo/registry/src/index.crates.io-1949cf8c6b5b557f/smithay-0.7.0/src/input/keyboard/mod.rs[0m[2m:[0m[2m724:[0m close [3mtime.busy[0m[2m=[0m180ns [3mtime.idle[0m[2m=[0m15.4µs
[2m2026-09-25T18:33:55.529110Z[0m [32m INFO[0m ThreadId(01) [1minput_seat[0m[1m{[0m[3mname[0m[2m=[0m"wprs"[1m}[0m[2m:[0m[1madd_keyboard[0m[1m{[0m[3mxkb_config[0m[2m=[0mXkbConfig { rules: "", model: "", layout: "", variant: "", options: None } [3mrepeat_delay[0m[2m=[0m200 [3mrepeat_rate[0m[2m=[0m200[1m}[0m[2m:[0m[1minput_keyboard[0m[2m:[0m[1msend_keymap[0m[1m{[0m[3mfocus[0m[2m=[0mSome(X11Surface { xwm: Some(XwmId(0)), client_scale: Some(1.0), window: 4194322, conn: (Weak), atoms: Atoms { WL_SURFACE_ID: 240, WL_SURFACE_SERIAL: 241, _SMITHAY_CLOSE_CONNECTION: 242, UTF8_STRING: 243, TEXT: 244, WM_HINTS: 35, WM_PROTOCOLS: 245, WM_TAKE_FOCUS: 246, WM_DELETE_WINDOW: 247, WM_CHANGE_STATE: 248, _NET_WM_NAME: 249, _NET_WM_MOVERESIZE: 250, _NET_WM_PID: 251, _NET_WM_WINDOW_TYPE: 252, _NET_WM_WINDOW_TYPE_DROPDOWN_MENU: 253, _NET_WM_WINDOW_TYPE_DIALOG: 254, _NET_WM_WINDOW_TYPE_MENU: 255, _NET_WM_WINDOW_TYPE_NOTIFICATION: 256, _NET_WM_WINDOW_TYPE_NORMAL: 257, _NET_WM_WINDOW_TYPE_POPUP_MENU: 258, _NET_WM_WINDOW_TYPE_SPLASH: 259, _NET_WM_WINDOW_TYPE_TOOLBAR: 260, _NET_WM_WINDOW_TYPE_TOOLTIP: 261, _NET_WM_WINDOW_TYPE_UTILITY: 262, _NET_WM_STATE_MODAL: 263, _MOTIF_WM_HINTS: 264, _NET_STARTUP_ID: 265, WM_S0: 266, WM_STATE: 267, _NET_WM_CM_S0: 268, _NET_SUPPORTED: 269, _NET_ACTIVE_WINDOW: 270, _NET_CLIENT_LIST: 271, _NET_CLIENT_LIST_STACKING: 272, _NET_WM_PING: 273, _NET_WM_STATE: 274, _NET_WM_STATE_MAXIMIZED_VERT: 275, _NET_WM_STATE_MAXIMIZED_HORZ: 276, _NET_WM_STATE_HIDDEN: 277, _NET_WM_STATE_FULLSCREEN: 278, _NET_WM_STATE_FOCUSED: 279, _NET_SUPPORTING_WM_CHECK: 280, _XSETTINGS_SETTINGS: 281, _WL_SELECTION: 282, CLIPBOARD_MANAGER: 283, CLIPBOARD: 284, PRIMARY: 1, TARGETS: 285, TIMESTAMP: 286, INCR: 287, DELETE: 288, _XSETTINGS_S0: 289 }, state: Mutex { data: SharedSurfaceState { alive: true, wl_surface_id: None, wl_surface_serial: Some(1), mapped_onto: Some(2097158), geometry: Rectangle<smithay::utils::geometry::Logical> { x: 1280, y: 720, width: 1272, height: 688 }, override_redirect: false, wl_surface: Some(WlSurface { id: ObjectId(wl_surface@14[0], 17), version: 4, data: Some(Any { .. }), handle: WeakHandle { handle: WeakInnerHandle[rs] { .. } } }), title: "christoph@schleppi", class: "XTerm", instance: "xterm", startup_id: None, pid: Some(3117365), protocols: [DeleteWindow], hints: Some(WmHints { input: Some(true), initial_state: Some(Normal), icon_pixmap: Some(4194342), icon_window: None, icon_position: None, icon_mask: Some(4194344), window_group: None, urgent: false }), normal_hints: Some(WmSizeHints { position: None, size: Some((UserSpecified, 1272, 688)), min_size: Some((30, 27)), max_size: None, size_increment: Some((11, 23)), aspect: None, base_size: Some((19, 4)), win_gravity: Some(NORTH_WEST) }), transient_for: None, net_state: {279, 276, 275}, motif_hints: [0, 0, 0, 0, 0], window_type: [] }, poisoned: false, .. }, user_data: UserDataMap { list: AppendList(0x0) } }) [3mmods[0m[2m=[0mModifiersState { ctrl: false, alt: false, shift: false, caps_lock: false, logo: false, num_lock: false, iso_level3_shift: false, iso_level5_shift: false, serialized: SerializedMods { depressed: 0, latched: 0, locked: 0, layout_effective: 0 } }[1m}[0m[2m:[0m [2msmithay::input::keyboard[0m[2m:[0m [2m/home/christoph/.cargo/registry/src/index.crates.io-1949cf8c6b5b557f/smithay-0.7.0/src/input/keyboard/mod.rs[0m[2m:[0m[2m724:[0m new
[2m2026-09-25T18:33:55.529130Z[0m [32m INFO[0m ThreadId(01) [1minput_seat[0m[1m{[0m[3mname[0m[2m=[0m"wprs"[1m}[0m[2m:[0m[1madd_keyboard[0m[1m{[0m[3mxkb_config[0m[2m=[0mXkbConfig { rules: "", model: "", layout: "", variant: "", options: None } [3mrepeat_delay[0m[2m=[0m200 [3mrepeat_rate[0m[2m=[0m200[1m}[0m[2m:[0m[1minput_keyboard[0m[2m:[0m[1msend_keymap[0m[1m{[0m[3mfocus[0m[2m=[0mSome(X11Surface { xwm: Some(XwmId(0)), client_scale: Some(1.0), window: 4194322, conn: (Weak), atoms: Atoms { WL_SURFACE_ID: 240, WL_SURFACE_SERIAL: 241, _SMITHAY_CLOSE_CONNECTION: 242, UTF8_STRING: 243, TEXT: 244, WM_HINTS: 35, WM_PROTOCOLS: 245, WM_TAKE_FOCUS: 246, WM_DELETE_WINDOW: 247, WM_CHANGE_STATE: 248, _NET_WM_NAME: 249, _NET_WM_MOVERESIZE: 250, _NET_WM_PID: 251, _NET_WM_WINDOW_TYPE: 252, _NET_WM_WINDOW_TYPE_DROPDOWN_MENU: 253, _NET_WM_WINDOW_TYPE_DIALOG: 254, _NET_WM_WINDOW_TYPE_MENU: 255, _NET_WM_WINDOW_TYPE_NOTIFICATION: 256, _NET_WM_WINDOW_TYPE_NORMAL: 257, _NET_WM_WINDOW_TYPE_POPUP_MENU: 258, _NET_WM_WINDOW_TYPE_SPLASH: 259, _NET_WM_WINDOW_TYPE_TOOLBAR: 260, _NET_WM_WINDOW_TYPE_TOOLTIP: 261, _NET_WM_WINDOW_TYPE_UTILITY: 262, _NET_WM_STATE_MODAL: 263, _MOTIF_WM_HINTS: 264, _NET_STARTUP_ID: 265, WM_S0: 266, WM_STATE: 267, _NET_WM_CM_S0: 268, _NET_SUPPORTED: 269, _NET_ACTIVE_WINDOW: 270, _NET_CLIENT_LIST: 271, _NET_CLIENT_LIST_STACKING: 272, _NET_WM_PING: 273, _NET_WM_STATE: 274, _NET_WM_STATE_MAXIMIZED_VERT: 275, _NET_WM_STATE_MAXIMIZED_HORZ: 276, _NET_WM_STATE_HIDDEN: 277, _NET_WM_STATE_FULLSCREEN: 278, _NET_WM_STATE_FOCUSED: 279, _NET_SUPPORTING_WM_CHECK: 280, _XSETTINGS_SETTINGS: 281, _WL_SELECTION: 282, CLIPBOARD_MANAGER: 283, CLIPBOARD: 284, PRIMARY: 1, TARGETS: 285, TIMESTAMP: 286, INCR: 287, DELETE: 288, _XSETTINGS_S0: 289 }, state: Mutex { data: SharedSurfaceState { alive: true, wl_surface_id: None, wl_surface_serial: Some(1), mapped_onto: Some(2097158), geometry: Rectangle<smithay::utils::geometry::Logical> { x: 1280, y: 720, width: 1272, height: 688 }, override_redirect: false, wl_surface: Some(WlSurface { id: ObjectId(wl_surface@14[0], 17), version: 4, data: Some(Any { .. }), handle: WeakHandle { handle: WeakInnerHandle[rs] { .. } } }), title: "christoph@schleppi", class: "XTerm", instance: "xterm", startup_id: None, pid: Some(3117365), protocols: [DeleteWindow], hints: Some(WmHints { input: Some(true), initial_state: Some(Normal), icon_pixmap: Some(4194342), icon_window: None, icon_position: None, icon_mask: Some(4194344), window_group: None, urgent: false }), normal_hints: Some(WmSizeHints { position: None, size: Some((UserSpecified, 1272, 688)), min_size: Some((30, 27)), max_size: None, size_increment: Some((11, 23)), aspect: None, base_size: Some((19, 4)), win_gravity: Some(NORTH_WEST) }), transient_for: None, net_state: {279, 276, 275}, motif_hints: [0, 0, 0, 0, 0], window_type: [] }, poisoned: false, .. }, user_data: UserDataMap { list: AppendList(0x0) } }) [3mmods[0m[2m=[0mModifiersState { ctrl: false, alt: false, shift: false, caps_lock: false, logo: false, num_lock: false, iso_level3_shift: false, iso_level5_shift: false, serialized: SerializedMods { depressed: 0, latched: 0, locked: 0, layout_effective: 0 } }[1m}[0m[2m:[0m [2msmithay::input::keyboard[0m[2m:[0m [2m/home/christoph/.cargo/registry/src/index.crates.io-1949cf8c6b5b557f/smithay-0.7.0/src/input/keyboard/mod.rs[0m[2m:[0m[2m724:[0m close [3mtime.busy[0m[2m=[0m160ns [3mtime.idle[0m[2m=[0m19.8µs
[2m2026-09-25T18:33:55.529201Z[0m [32m INFO[0m ThreadId(01) [1minput_seat[0m[1m{[0m[3mname[0m[2m=[0m"wprs"[1m}[0m[2m:[0m[1madd_keyboard[0m[1m{[0m[3mxkb_config[0m[2m=[0mXkbConfig { rules: "", model: "", layout: "", variant: "", options: None } [3mrepeat_delay[0m[2m=[0m200 [3mrepeat_rate[0m[2m=[0m200[1m}[0m[2m:[0m[1minput_keyboard[0m[2m:[0m[1msend_keymap[0m[1m{[0m[3mfocus[0m[2m=[0mSome(X11Surface { xwm: Some(XwmId(0)), client_scale: Some(1.0), window: 4194322, conn: (Weak), atoms: Atoms { WL_SURFACE_ID: 240, WL_SURFACE_SERIAL: 241, _SMITHAY_CLOSE_CONNECTION: 242, UTF8_STRING: 243, TEXT: 244, WM_HINTS: 35, WM_PROTOCOLS: 245, WM_TAKE_FOCUS: 246, WM_DELETE_WINDOW: 247, WM_CHANGE_STATE: 248, _NET_WM_NAME: 249, _NET_WM_MOVERESIZE: 250, _NET_WM_PID: 251, _NET_WM_WINDOW_TYPE: 252, _NET_WM_WINDOW_TYPE_DROPDOWN_MENU: 253, _NET_WM_WINDOW_TYPE_DIALOG: 254, _NET_WM_WINDOW_TYPE_MENU: 255, _NET_WM_WINDOW_TYPE_NOTIFICATION: 256, _NET_WM_WINDOW_TYPE_NORMAL: 257, _NET_WM_WINDOW_TYPE_POPUP_MENU: 258, _NET_WM_WINDOW_TYPE_SPLASH: 259, _NET_WM_WINDOW_TYPE_TOOLBAR: 260, _NET_WM_WINDOW_TYPE_TOOLTIP: 261, _NET_WM_WINDOW_TYPE_UTILITY: 262, _NET_WM_STATE_MODAL: 263, _MOTIF_WM_HINTS: 264, _NET_STARTUP_ID: 265, WM_S0: 266, WM_STATE: 267, _NET_WM_CM_S0: 268, _NET_SUPPORTED: 269, _NET_ACTIVE_WINDOW: 270, _NET_CLIENT_LIST: 271, _NET_CLIENT_LIST_STACKING: 272, _NET_WM_PING: 273, _NET_WM_STATE: 274, _NET_WM_STATE_MAXIMIZED_VERT: 275, _NET_WM_STATE_MAXIMIZED_HORZ: 276, _NET_WM_STATE_HIDDEN: 277, _NET_WM_STATE_FULLSCREEN: 278, _NET_WM_STATE_FOCUSED: 279, _NET_SUPPORTING_WM_CHECK: 280, _XSETTINGS_SETTINGS: 281, _WL_SELECTION: 282, CLIPBOARD_MANAGER: 283, CLIPBOARD: 284, PRIMARY: 1, TARGETS: 285, TIMESTAMP: 286, INCR: 287, DELETE: 288, _XSETTINGS_S0: 289 }, state: Mutex { data: SharedSurfaceState { alive: true, wl_surface_id: None, wl_surface_serial: Some(1), mapped_onto: Some(2097158), geometry: Rectangle<smithay::utils::geometry::Logical> { x: 1280, y: 720, width: 1272, height: 688 }, override_redirect: false, wl_surface: Some(WlSurface { id: ObjectId(wl_surface@14[0], 17), version: 4, data: Some(Any { .. }), handle: WeakHandle { handle: WeakInnerHandle[rs] { .. } } }), title: "christoph@schleppi", class: "XTerm", instance: "xterm", startup_id: None, pid: Some(3117365), protocols: [DeleteWindow], hints: Some(WmHints { input: Some(true), initial_state: Some(Normal), icon_pixmap: Some(4194342), icon_window: None, icon_position: None, icon_mask: Some(4194344), window_group: None, urgent: false }), normal_hints: Some(WmSizeHints { position: None, size: Some((UserSpecified, 1272, 688)), min_size: Some((30, 27)), max_size: None, size_increment: Some((11, 23)), aspect: None, base_size: Some((19, 4)), win_gravity: Some(NORTH_WEST) }), transient_for: None, net_state: {279, 276, 275}, motif_hints: [0, 0, 0, 0, 0], window_type: [] }, poisoned: false, .. }, user_data: UserDataMap { list: AppendList(0x0) } }) [3mmods[0m[2m=[0mModifiersState { ctrl: false, alt: false, shift: false, caps_lock: false, logo: false, num_lock: false, iso_level3_shift: false, iso_level5_shift: false, serialized: SerializedMods { depressed: 0, latched: 0, locked: 0, layout_effective: 0 } }[1m}[0m[2m:[0m [2msmithay::input::keyboard[0m[2m:[0m [2m/home/christoph/.cargo/registry/src/index.crates.io-1949cf8c6b5b557f/smithay-0.7.0/src/input/keyboard/mod.rs[0m[2m:[0m[2m724:[0m new
[2m2026-09-25T18:33:55.529220Z[0m [32m INFO[0m ThreadId(01) [1minput_seat[0m[1m{[0m[3mname[0m[2m=[0m"wprs"[1m}[0m[2m:[0m[1madd_keyboard[0m[1m{[0m[3mxkb_config[0m[2m=[0mXkbConfig { rules: "", model: "", layout: "", variant: "", options: None } [3mrepeat_delay[0m[2m=[0m200 [3mrepeat_rate[0m[2m=[0m200[1m}[0m[2m:[0m[1minput_keyboard[0m[2m:[0m[1msend_keymap[0m[1m{[0m[3mfocus[0m[2m=[0mSome(X11Surface { xwm: Some(XwmId(0)), client_scale: Some(1.0), window: 4194322, conn: (Weak), atoms: Atoms { WL_SURFACE_ID: 240, WL_SURFACE_SERIAL: 241, _SMITHAY_CLOSE_CONNECTION: 242, UTF8_STRING: 243, TEXT: 244, WM_HINTS: 35, WM_PROTOCOLS: 245, WM_TAKE_FOCUS: 246, WM_DELETE_WINDOW: 247, WM_CHANGE_STATE: 248, _NET_WM_NAME: 249, _NET_WM_MOVERESIZE: 250, _NET_WM_PID: 251, _NET_WM_WINDOW_TYPE: 252, _NET_WM_WINDOW_TYPE_DROPDOWN_MENU: 253, _NET_WM_WINDOW_TYPE_DIALOG: 254, _NET_WM_WINDOW_TYPE_MENU: 255, _NET_WM_WINDOW_TYPE_NOTIFICATION: 256, _NET_WM_WINDOW_TYPE_NORMAL: 257, _NET_WM_WINDOW_TYPE_POPUP_MENU: 258, _NET_WM_WINDOW_TYPE_SPLASH: 259, _NET_WM_WINDOW_TYPE_TOOLBAR: 260, _NET_WM_WINDOW_TYPE_TOOLTIP: 261, _NET_WM_WINDOW_TYPE_UTILITY: 262, _NET_WM_STATE_MODAL: 263, _MOTIF_WM_HINTS: 264, _NET_STARTUP_ID: 265, WM_S0: 266, WM_STATE: 267, _NET_WM_CM_S0: 268, _NET_SUPPORTED: 269, _NET_ACTIVE_WINDOW: 270, _NET_CLIENT_LIST: 271, _NET_CLIENT_LIST_STACKING: 272, _NET_WM_PING: 273, _NET_WM_STATE: 274, _NET_WM_STATE_MAXIMIZED_VERT: 275, _NET_WM_STATE_MAXIMIZED_HORZ: 276, _NET_WM_STATE_HIDDEN: 277, _NET_WM_STATE_FULLSCREEN: 278, _NET_WM_STATE_FOCUSED: 279, _NET_SUPPORTING_WM_CHECK: 280, _XSETTINGS_SETTINGS: 281, _WL_SELECTION: 282, CLIPBOARD_MANAGER: 283, CLIPBOARD: 284, PRIMARY: 1, TARGETS: 285, TIMESTAMP: 286, INCR: 287, DELETE: 288, _XSETTINGS_S0: 289 }, state: Mutex { data: SharedSurfaceState { alive: true, wl_surface_id: None, wl_surface_serial: Some(1), mapped_onto: Some(2097158), geometry: Rectangle<smithay::utils::geometry::Logical> { x: 1280, y: 720, width: 1272, height: 688 }, override_redirect: false, wl_surface: Some(WlSurface { id: ObjectId(wl_surface@14[0], 17), version: 4, data: Some(Any { .. }), handle: WeakHandle { handle: WeakInnerHandle[rs] { .. } } }), title: "christoph@schleppi", class: "XTerm", instance: "xterm", startup_id: None, pid: Some(3117365), protocols: [DeleteWindow], hints: Some(WmHints { input: Some(true), initial_state: Some(Normal), icon_pixmap: Some(4194342), icon_window: None, icon_position: None, icon_mask: Some(4194344), window_group: None, urgent: false }), normal_hints: Some(WmSizeHints { position: None, size: Some((UserSpecified, 1272, 688)), min_size: Some((30, 27)), max_size: None, size_increment: Some((11, 23)), aspect: None, base_size: Some((19, 4)), win_gravity: Some(NORTH_WEST) }), transient_for: None, net_state: {279, 276, 275}, motif_hints: [0, 0, 0, 0, 0], window_type: [] }, poisoned: false, .. }, user_data: UserDataMap { list: AppendList(0x0) } }) [3mmods[0m[2m=[0mModifiersState { ctrl: false, alt: false, shift: false, caps_lock: false, logo: false, num_lock: false, iso_level3_shift: false, iso_level5_shift: false, serialized: SerializedMods { depressed: 0, latched: 0, locked: 0, layout_effective: 0 } }[1m}[0m[2m:[0m [2msmithay::input::keyboard[0m[2m:[0m [2m/home/christoph/.cargo/registry/src/index.crates.io-1949cf8c6b5b557f/smithay-0.7.0/src/input/keyboard/mod.rs[0m[2m:[0m[2m724:[0m close [3mtime.busy[0m[2m=[0m201ns [3mtime.idle[0m[2m=[0m19.3µs
[2m2026-09-25T18:33:55.529291Z[0m [32m INFO[0m ThreadId(01) [1minput_seat[0m[1m{[0m[3mname[0m[2m=[0m"wprs"[1m}[0m[2m:[0m[1madd_keyboard[0m[1m{[0m[3mxkb_config[0m[2m=[0mXkbConfig { rules: "", model: "", layout: "", variant: "", options: None } [3mrepeat_delay[0m[2m=[0m200 [3mrepeat_rate[0m[2m=[0m200[1m}[0m[2m:[0m[1minput_keyboard[0m[2m:[0m[1msend_keymap[0m[1m{[0m[3mfocus[0m[2m=[0mSome(X11Surface { xwm: Some(XwmId(0)), client_scale: Some(1.0), window: 4194322, conn: (Weak), atoms: Atoms { WL_SURFACE_ID: 240, WL_SURFACE_SERIAL: 241, _SMITHAY_CLOSE_CONNECTION: 242, UTF8_STRING: 243, TEXT: 244, WM_HINTS: 35, WM_PROTOCOLS: 245, WM_TAKE_FOCUS: 246, WM_DELETE_WINDOW: 247, WM_CHANGE_STATE: 248, _NET_WM_NAME: 249, _NET_WM_MOVERESIZE: 250, _NET_WM_PID: 251, _NET_WM_WINDOW_TYPE: 252, _NET_WM_WINDOW_TYPE_DROPDOWN_MENU: 253, _NET_WM_WINDOW_TYPE_DIALOG: 254, _NET_WM_WINDOW_TYPE_MENU: 255, _NET_WM_WINDOW_TYPE_NOTIFICATION: 256, _NET_WM_WINDOW_TYPE_NORMAL: 257, _NET_WM_WINDOW_TYPE_POPUP_MENU: 258, _NET_WM_WINDOW_TYPE_SPLASH: 259, _NET_WM_WINDOW_TYPE_TOOLBAR: 260, _NET_WM_WINDOW_TYPE_TOOLTIP: 261, _NET_WM_WINDOW_TYPE_UTILITY: 262, _NET_WM_STATE_MODAL: 263, _MOTIF_WM_HINTS: 264, _NET_STARTUP_ID: 265, WM_S0: 266, WM_STATE: 267, _NET_WM_CM_S0: 268, _NET_SUPPORTED: 269, _NET_ACTIVE_WINDOW: 270, _NET_CLIENT_LIST: 271, _NET_CLIENT_LIST_STACKING: 272, _NET_WM_PING: 273, _NET_WM_STATE: 274, _NET_WM_STATE_MAXIMIZED_VERT: 275, _NET_WM_STATE_MAXIMIZED_HORZ: 276, _NET_WM_STATE_HIDDEN: 277, _NET_WM_STATE_FULLSCREEN: 278, _NET_WM_STATE_FOCUSED: 279, _NET_SUPPORTING_WM_CHECK: 280, _XSETTINGS_SETTINGS: 281, _WL_SELECTION: 282, CLIPBOARD_MANAGER: 283, CLIPBOARD: 284, PRIMARY: 1, TARGETS: 285, TIMESTAMP: 286, INCR: 287, DELETE: 288, _XSETTINGS_S0: 289 }, state: Mutex { data: SharedSurfaceState { alive: true, wl_surface_id: None, wl_surface_serial: Some(1), mapped_onto: Some(2097158), geometry: Rectangle<smithay::utils::geometry::Logical> { x: 1280, y: 720, width: 1272, height: 688 }, override_redirect: false, wl_surface: Some(WlSurface { id: ObjectId(wl_surface@14[0], 17), version: 4, data: Some(Any { .. }), handle: WeakHandle { handle: WeakInnerHandle[rs] { .. } } }), title: "christoph@schleppi", class: "XTerm", instance: "xterm", startup_id: None, pid: Some(3117365), protocols: [DeleteWindow], hints: Some(WmHints { input: Some(true), initial_state: Some(Normal), icon_pixmap: Some(4194342), icon_window: None, icon_position: None, icon_mask: Some(4194344), window_group: None, urgent: false }), normal_hints: Some(WmSizeHints { position: None, size: Some((UserSpecified, 1272, 688)), min_size: Some((30, 27)), max_size: None, size_increment: Some((11, 23)), aspect: None, base_size: Some((19, 4)), win_gravity: Some(NORTH_WEST) }), transient_for: None, net_state: {279, 276, 275}, motif_hints: [0, 0, 0, 0, 0], window_type: [] }, poisoned: false, .. }, user_data: UserDataMap { list: AppendList(0x0) } }) [3mmods[0m[2m=[0mModifiersState { ctrl: false, alt: false, shift: false, caps_lock: false, logo: false, num_lock: false, iso_level3_shift: false, iso_level5_shift: false, serialized: SerializedMods { depressed: 0, latched: 0, locked: 0, layout_effective: 0 } }[1m}[0m[2m:[0m [2msmithay::input::keyboard[0m[2m:[0m [2m/home/christoph/.cargo/registry/src/index.crates.io-1949cf8c6b5b557f/smithay-0.7.0/src/input/keyboard/mod.rs[0m[2m:[0m[2m724:[0m new
[2m2026-09-25T18:33:55.529305Z[0m [32m INFO[0m ThreadId(01) [1minput_seat[0m[1m{[0m[3mname[0m[2m=[0m"wprs"[1m}[0m[2m:[0m[1madd_keyboard[0m[1m{[0m[3mxkb_config[0m[2m=[0mXkbConfig { rules: "", model: "", layout: "", variant: "", options: None } [3mrepeat_delay[0m[2m=[0m200 [3mrepeat_rate[0m[2m=[0m200[1m}[0m[2m:[0m[1minput_keyboard[0m[2m:[0m[1msend_keymap[0m[1m{[0m[3mfocus[0m[2m=[0mSome(X11Surface { xwm: Some(XwmId(0)), client_scale: Some(1.0), window: 4194322, conn: (Weak), atoms: Atoms { WL_SURFACE_ID: 240, WL_SURFACE_SERIAL: 241, _SMITHAY_CLOSE_CONNECTION: 242, UTF8_STRING: 243, TEXT: 244, WM_HINTS: 35, WM_PROTOCOLS: 245, WM_TAKE_FOCUS: 246, WM_DELETE_WINDOW: 247, WM_CHANGE_STATE: 248, _NET_WM_NAME: 249, _NET_WM_MOVERESIZE: 250, _NET_WM_PID: 251, _NET_WM_WINDOW_TYPE: 252, _NET_WM_WINDOW_TYPE_DROPDOWN_MENU: 253, _NET_WM_WINDOW_TYPE_DIALOG: 254, _NET_WM_WINDOW_TYPE_MENU: 255, _NET_WM_WINDOW_TYPE_NOTIFICATION: 256, _NET_WM_WINDOW_TYPE_NORMAL: 257, _NET_WM_WINDOW_TYPE_POPUP_MENU: 258, _NET_WM_WINDOW_TYPE_SPLASH: 259, _NET_WM_WINDOW_TYPE_TOOLBAR: 260, _NET_WM_WINDOW_TYPE_TOOLTIP: 261, _NET_WM_WINDOW_TYPE_UTILITY: 262, _NET_WM_STATE_MODAL: 263, _MOTIF_WM_HINTS: 264, _NET_STARTUP_ID: 265, WM_S0: 266, WM_STATE: 267, _NET_WM_CM_S0: 268, _NET_SUPPORTED: 269, _NET_ACTIVE_WINDOW: 270, _NET_CLIENT_LIST: 271, _NET_CLIENT_LIST_STACKING: 272, _NET_WM_PING: 273, _NET_WM_STATE: 274, _NET_WM_STATE_MAXIMIZED_VERT: 275, _NET_WM_STATE_MAXIMIZED_HORZ: 276, _NET_WM_STATE_HIDDEN: 277, _NET_WM_STATE_FULLSCREEN: 278, _NET_WM_STATE_FOCUSED: 279, _NET_SUPPORTING_WM_CHECK: 280, _XSETTINGS_SETTINGS: 281, _WL_SELECTION: 282, CLIPBOARD_MANAGER: 283, CLIPBOARD: 284, PRIMARY: 1, TARGETS: 285, TIMESTAMP: 286, INCR: 287, DELETE: 288, _XSETTINGS_S0: 289 }, state: Mutex { data: SharedSurfaceState { alive: true, wl_surface_id: None, wl_surface_serial: Some(1), mapped_onto: Some(2097158), geometry: Rectangle<smithay::utils::geometry::Logical> { x: 1280, y: 720, width: 1272, height: 688 }, override_redirect: false, wl_surface: Some(WlSurface { id: ObjectId(wl_surface@14[0], 17), version: 4, data: Some(Any { .. }), handle: WeakHandle { handle: WeakInnerHandle[rs] { .. } } }), title: "christoph@schleppi", class: "XTerm", instance: "xterm", startup_id: None, pid: Some(3117365), protocols: [DeleteWindow], hints: Some(WmHints { input: Some(true), initial_state: Some(Normal), icon_pixmap: Some(4194342), icon_window: None, icon_position: None, icon_mask: Some(4194344), window_group: None, urgent: false }), normal_hints: Some(WmSizeHints { position: None, size: Some((UserSpecified, 1272, 688)), min_size: Some((30, 27)), max_size: None, size_increment: Some((11, 23)), aspect: None, base_size: Some((19, 4)), win_gravity: Some(NORTH_WEST) }), transient_for: None, net_state: {279, 276, 275}, motif_hints: [0, 0, 0, 0, 0], window_type: [] }, poisoned: false, .. }, user_data: UserDataMap { list: AppendList(0x0) } }) [3mmods[0m[2m=[0mModifiersState { ctrl: false, alt: false, shift: false, caps_lock: false, logo: false, num_lock: false, iso_level3_shift: false, iso_level5_shift: false, serialized: SerializedMods { depressed: 0, latched: 0, locked: 0, layout_effective: 0 } }[1m}[0m[2m:[0m [2msmithay::input::keyboard[0m[2m:[0m [2m/home/christoph/.cargo/registry/src/index.crates.io-1949cf8c6b5b557f/smithay-0.7.0/src/input/keyboard/mod.rs[0m[2m:[0m[2m724:[0m close [3mtime.busy[0m[2m=[0m170ns [3mtime.idle[0m[2m=[0m14.3µs
[2m2026-09-25T18:33:55.529373Z[0m [32m INFO[0m ThreadId(01) [1minput_seat[0m[1m{[0m[3mname[0m[2m=[0m"wprs"[1m}[0m[2m:[0m[1madd_keyboard[0m[1m{[0m[3mxkb_config[0m[2m=[0mXkbConfig { rules: "", model: "", layout: "", variant: "", options: None } [3mrepeat_delay[0m[2m=[0m200 [3mrepeat_rate[0m[2m=[0m200[1m}[0m[2m:[0m[1minput_keyboard[0m[2m:[0m[1msend_keymap[0m[1m{[0m[3mfocus[0m[2m=[0mSome(X11Surface { xwm: Some(XwmId(0)), client_scale: Some(1.0), window: 4194322, conn: (Weak), atoms: Atoms { WL_SURFACE_ID: 240, WL_SURFACE_SERIAL: 241, _SMITHAY_CLOSE_CONNECTION: 242, UTF8_STRING: 243, TEXT: 244, WM_HINTS: 35, WM_PROTOCOLS: 245, WM_TAKE_FOCUS: 246, WM_DELETE_WINDOW: 247, WM_CHANGE_STATE: 248, _NET_WM_NAME: 249, _NET_WM_MOVERESIZE: 250, _NET_WM_PID: 251, _NET_WM_WINDOW_TYPE: 252, _NET_WM_WINDOW_TYPE_DROPDOWN_MENU: 253, _NET_WM_WINDOW_TYPE_DIALOG: 254, _NET_WM_WINDOW_TYPE_MENU: 255, _NET_WM_WINDOW_TYPE_NOTIFICATION: 256, _NET_WM_WINDOW_TYPE_NORMAL: 257, _NET_WM_WINDOW_TYPE_POPUP_MENU: 258, _NET_WM_WINDOW_TYPE_SPLASH: 259, _NET_WM_WINDOW_TYPE_TOOLBAR: 260, _NET_WM_WINDOW_TYPE_TOOLTIP: 261, _NET_WM_WINDOW_TYPE_UTILITY: 262, _NET_WM_STATE_MODAL: 263, _MOTIF_WM_HINTS: 264, _NET_STARTUP_ID: 265, WM_S0: 266, WM_STATE: 267, _NET_WM_CM_S0: 268, _NET_SUPPORTED: 269, _NET_ACTIVE_WINDOW: 270, _NET_CLIENT_LIST: 271, _NET_CLIENT_LIST_STACKING: 272, _NET_WM_PING: 273, _NET_WM_STATE: 274, _NET_WM_STATE_MAXIMIZED_VERT: 275, _NET_WM_STATE_MAXIMIZED_HORZ: 276, _NET_WM_STATE_HIDDEN: 277, _NET_WM_STATE_FULLSCREEN: 278, _NET_WM_STATE_FOCUSED: 279, _NET_SUPPORTING_WM_CHECK: 280, _XSETTINGS_SETTINGS: 281, _WL_SELECTION: 282, CLIPBOARD_MANAGER: 283, CLIPBOARD: 284, PRIMARY: 1, TARGETS: 285, TIMESTAMP: 286, INCR: 287, DELETE: 288, _XSETTINGS_S0: 289 }, state: Mutex { data: SharedSurfaceState { alive: true, wl_surface_id: None, wl_surface_serial: Some(1), mapped_onto: Some(2097158), geometry: Rectangle<smithay::utils::geometry::Logical> { x: 1280, y: 720, width: 1272, height: 688 }, override_redirect: false, wl_surface: Some(WlSurface { id: ObjectId(wl_surface@14[0], 17), version: 4, data: Some(Any { .. }), handle: WeakHandle { handle: WeakInnerHandle[rs] { .. } } }), title: "christoph@schleppi", class: "XTerm", instance: "xterm", startup_id: None, pid: Some(3117365), protocols: [DeleteWindow], hints: Some(WmHints { input: Some(true), initial_state: Some(Normal), icon_pixmap: Some(4194342), icon_window: None, icon_position: None, icon_mask: Some(4194344), window_group: None, urgent: false }), normal_hints: Some(WmSizeHints { position: None, size: Some((UserSpecified, 1272, 688)), min_size: Some((30, 27)), max_size: None, size_increment: Some((11, 23)), aspect: None, base_size: Some((19, 4)), win_gravity: Some(NORTH_WEST) }), transient_for: None, net_state: {279, 276, 275}, motif_hints: [0, 0, 0, 0, 0], window_type: [] }, poisoned: false, .. }, user_data: UserDataMap { list: AppendList(0x0) } }) [3mmods[0m[2m=[0mModifiersState { ctrl: false, alt: false, shift: false, caps_lock: false, logo: false, num_lock: false, iso_level3_shift: false, iso_level5_shift: false, serialized: SerializedMods { depressed: 0, latched: 0, locked: 0, layout_effective: 0 } }[1m}[0m[2m:[0m [2msmithay::input::keyboard[0m[2m:[0m [2m/home/christoph/.cargo/registry/src/index.crates.io-1949cf8c6b5b557f/smithay-0.7.0/src/input/keyboard/mod.rs[0m[2m:[0m[2m724:[0m new
[2m2026-09-25T18:33:55.529392Z[0m [32m INFO[0m ThreadId(01) [1minput_seat[0m[1m{[0m[3mname[0m[2m=[0m"wprs"[1m}[0m[2m:[0m[1madd_keyboard[0m[1m{[0m[3mxkb_config[0m[2m=[0mXkbConfig { rules: "", model: "", layout: "", variant: "", options: None } [3mrepeat_delay[0m[2m=[0m200 [3mrepeat_rate[0m[2m=[0m200[1m}[0m[2m:[0m[1minput_keyboard[0m[2m:[0m[1msend_keymap[0m[1m{[0m[3mfocus[0m[2m=[0mSome(X11Surface { xwm: Some(XwmId(0)), client_scale: Some(1.0), window: 4194322, conn: (Weak), atoms: Atoms { WL_SURFACE_ID: 240, WL_SURFACE_SERIAL: 241, _SMITHAY_CLOSE_CONNECTION: 242, UTF8_STRING: 243, TEXT: 244, WM_HINTS: 35, WM_PROTOCOLS: 245, WM_TAKE_FOCUS: 246, WM_DELETE_WINDOW: 247, WM_CHANGE_STATE: 248, _NET_WM_NAME: 249, _NET_WM_MOVERESIZE: 250, _NET_WM_PID: 251, _NET_WM_WINDOW_TYPE: 252, _NET_WM_WINDOW_TYPE_DROPDOWN_MENU: 253, _NET_WM_WINDOW_TYPE_DIALOG: 254, _NET_WM_WINDOW_TYPE_MENU: 255, _NET_WM_WINDOW_TYPE_NOTIFICATION: 256, _NET_WM_WINDOW_TYPE_NORMAL: 257, _NET_WM_WINDOW_TYPE_POPUP_MENU: 258, _NET_WM_WINDOW_TYPE_SPLASH: 259, _NET_WM_WINDOW_TYPE_TOOLBAR: 260, _NET_WM_WINDOW_TYPE_TOOLTIP: 261, _NET_WM_WINDOW_TYPE_UTILITY: 262, _NET_WM_STATE_MODAL: 263, _MOTIF_WM_HINTS: 264, _NET_STARTUP_ID: 265, WM_S0: 266, WM_STATE: 267, _NET_WM_CM_S0: 268, _NET_SUPPORTED: 269, _NET_ACTIVE_WINDOW: 270, _NET_CLIENT_LIST: 271, _NET_CLIENT_LIST_STACKING: 272, _NET_WM_PING: 273, _NET_WM_STATE: 274, _NET_WM_STATE_MAXIMIZED_VERT: 275, _NET_WM_STATE_MAXIMIZED_HORZ: 276, _NET_WM_STATE_HIDDEN: 277, _NET_WM_STATE_FULLSCREEN: 278, _NET_WM_STATE_FOCUSED: 279, _NET_SUPPORTING_WM_CHECK: 280, _XSETTINGS_SETTINGS: 281, _WL_SELECTION: 282, CLIPBOARD_MANAGER: 283, CLIPBOARD: 284, PRIMARY: 1, TARGETS: 285, TIMESTAMP: 286, INCR: 287, DELETE: 288, _XSETTINGS_S0: 289 }, state: Mutex { data: SharedSurfaceState { alive: true, wl_surface_id: None, wl_surface_serial: Some(1), mapped_onto: Some(2097158), geometry: Rectangle<smithay::utils::geometry::Logical> { x: 1280, y: 720, width: 1272, height: 688 }, override_redirect: false, wl_surface: Some(WlSurface { id: ObjectId(wl_surface@14[0], 17), version: 4, data: Some(Any { .. }), handle: WeakHandle { handle: WeakInnerHandle[rs] { .. } } }), title: "christoph@schleppi", class: "XTerm", instance: "xterm", startup_id: None, pid: Some(3117365), protocols: [DeleteWindow], hints: Some(WmHints { input: Some(true), initial_state: Some(Normal), icon_pixmap: Some(4194342), icon_window: None, icon_position: None, icon_mask: Some(4194344), window_group: None, urgent: false }), normal_hints: Some(WmSizeHints { position: None, size: Some((UserSpecified, 1272, 688)), min_size: Some((30, 27)), max_size: None, size_increment: Some((11, 23)), aspect: None, base_size: Some((19, 4)), win_gravity: Some(NORTH_WEST) }), transient_for: None, net_state: {279, 276, 275}, motif_hints: [0, 0, 0, 0, 0], window_type: [] }, poisoned: false, .. }, user_data: UserDataMap { list: AppendList(0x0) } }) [3mmods[0m[2m=[0mModifiersState { ctrl: false, alt: false, shift: false, caps_lock: false, logo: false, num_lock: false, iso_level3_shift: false, iso_level5_shift: false, serialized: SerializedMods { depressed: 0, latched: 0, locked: 0, layout_effective: 0 } }[1m}[0m[2m:[0m [2msmithay::input::keyboard[0m[2m:[0m [2m/home/christoph/.cargo/registry/src/index.crates.io-1949cf8c6b5b557f/smithay-0.7.0/src/input/keyboard/mod.rs[0m[2m:[0m[2m724:[0m close [3mtime.busy[0m[2m=[0m150ns [3mtime.idle[0m[2m=[0m19.4µs
[2m2026-09-25T18:33:55.529462Z[0m [32m INFO[0m ThreadId(01) [1minput_seat[0m[1m{[0m[3mname[0m[2m=[0m"wprs"[1m}[0m[2m:[0m[1madd_keyboard[0m[1m{[0m[3mxkb_config[0m[2m=[0mXkbConfig { rules: "", model: "", layout: "", variant: "", options: None } [3mrepeat_delay[0m[2m=[0m200 [3mrepeat_rate[0m[2m=[0m200[1m}[0m[2m:[0m[1minput_keyboard[0m[2m:[0m[1msend_keymap[0m[1m{[0m[3mfocus[0m[2m=[0mSome(X11Surface { xwm: Some(XwmId(0)), client_scale: Some(1.0), window: 4194322, conn: (Weak), atoms: Atoms { WL_SURFACE_ID: 240, WL_SURFACE_SERIAL: 241, _SMITHAY_CLOSE_CONNECTION: 242, UTF8_STRING: 243, TEXT: 244, WM_HINTS: 35, WM_PROTOCOLS: 245, WM_TAKE_FOCUS: 246, WM_DELETE_WINDOW: 247, WM_CHANGE_STATE: 248, _NET_WM_NAME: 249, _NET_WM_MOVERESIZE: 250, _NET_WM_PID: 251, _NET_WM_WINDOW_TYPE: 252, _NET_WM_WINDOW_TYPE_DROPDOWN_MENU: 253, _NET_WM_WINDOW_TYPE_DIALOG: 254, _NET_WM_WINDOW_TYPE_MENU: 255, _NET_WM_WINDOW_TYPE_NOTIFICATION: 256, _NET_WM_WINDOW_TYPE_NORMAL: 257, _NET_WM_WINDOW_TYPE_POPUP_MENU: 258, _NET_WM_WINDOW_TYPE_SPLASH: 259, _NET_WM_WINDOW_TYPE_TOOLBAR: 260, _NET_WM_WINDOW_TYPE_TOOLTIP: 261, _NET_WM_WINDOW_TYPE_UTILITY: 262, _NET_WM_STATE_MODAL: 263, _MOTIF_WM_HINTS: 264, _NET_STARTUP_ID: 265, WM_S0: 266, WM_STATE: 267, _NET_WM_CM_S0: 268, _NET_SUPPORTED: 269, _NET_ACTIVE_WINDOW: 270, _NET_CLIENT_LIST: 271, _NET_CLIENT_LIST_STACKING: 272, _NET_WM_PING: 273, _NET_WM_STATE: 274, _NET_WM_STATE_MAXIMIZED_VERT: 275, _NET_WM_STATE_MAXIMIZED_HORZ: 276, _NET_WM_STATE_HIDDEN: 277, _NET_WM_STATE_FULLSCREEN: 278, _NET_WM_STATE_FOCUSED: 279, _NET_SUPPORTING_WM_CHECK: 280, _XSETTINGS_SETTINGS: 281, _WL_SELECTION: 282, CLIPBOARD_MANAGER: 283, CLIPBOARD: 284, PRIMARY: 1, TARGETS: 285, TIMESTAMP: 286, INCR: 287, DELETE: 288, _XSETTINGS_S0: 289 }, state: Mutex { data: SharedSurfaceState { alive: true, wl_surface_id: None, wl_surface_serial: Some(1), mapped_onto: Some(2097158), geometry: Rectangle<smithay::utils::geometry::Logical> { x: 1280, y: 720, width: 1272, height: 688 }, override_redirect: false, wl_surface: Some(WlSurface { id: ObjectId(wl_surface@14[0], 17), version: 4, data: Some(Any { .. }), handle: WeakHandle { handle: WeakInnerHandle[rs] { .. } } }), title: "christoph@schleppi", class: "XTerm", instance: "xterm", startup_id: None, pid: Some(3117365), protocols: [DeleteWindow], hints: Some(WmHints { input: Some(true), initial_state: Some(Normal), icon_pixmap: Some(4194342), icon_window: None, icon_position: None, icon_mask: Some(4194344), window_group: None, urgent: false }), normal_hints: Some(WmSizeHints { position: None, size: Some((UserSpecified, 1272, 688)), min_size: Some((30, 27)), max_size: None, size_increment: Some((11, 23)), aspect: None, base_size: Some((19, 4)), win_gravity: Some(NORTH_WEST) }), transient_for: None, net_state: {279, 276, 275}, motif_hints: [0, 0, 0, 0, 0], window_type: [] }, poisoned: false, .. }, user_data: UserDataMap { list: AppendList(0x0) } }) [3mmods[0m[2m=[0mModifiersState { ctrl: false, alt: false, shift: false, caps_lock: false, logo: false, num_lock: false, iso_level3_shift: false, iso_level5_shift: false, serialized: SerializedMods { depressed: 0, latched: 0, locked: 0, layout_effective: 0 } }[1m}[0m[2m:[0m [2msmithay::input::keyboard[0m[2m:[0m [2m/home/christoph/.cargo/registry/src/index.crates.io-1949cf8c6b5b557f/smithay-0.7.0/src/input/keyboard/mod.rs[0m[2m:[0m[2m724:[0m new
[2m2026-09-25T18:33:55.529481Z[0m [32m INFO[0m ThreadId(01) [1minput_seat[0m[1m{[0m[3mname[0m[2m=[0m"wprs"[1m}[0m[2m:[0m[1madd_keyboard[0m[1m{[0m[3mxkb_config[0m[2m=[0mXkbConfig { rules: "", model: "", layout: "", variant: "", options: None } [3mrepeat_delay[0m[2m=[0m200 [3mrepeat_rate[0m[2m=[0m200[1m}[0m[2m:[0m[1minput_keyboard[0m[2m:[0m[1msend_keymap[0m[1m{[0m[3mfocus[0m[2m=[0mSome(X11Surface { xwm: Some(XwmId(0)), client_scale: Some(1.0), window: 4194322, conn: (Weak), atoms: Atoms { WL_SURFACE_ID: 240, WL_SURFACE_SERIAL: 241, _SMITHAY_CLOSE_CONNECTION: 242, UTF8_STRING: 243, TEXT: 244, WM_HINTS: 35, WM_PROTOCOLS: 245, WM_TAKE_FOCUS: 246, WM_DELETE_WINDOW: 247, WM_CHANGE_STATE: 248, _NET_WM_NAME: 249, _NET_WM_MOVERESIZE: 250, _NET_WM_PID: 251, _NET_WM_WINDOW_TYPE: 252, _NET_WM_WINDOW_TYPE_DROPDOWN_MENU: 253, _NET_WM_WINDOW_TYPE_DIALOG: 254, _NET_WM_WINDOW_TYPE_MENU: 255, _NET_WM_WINDOW_TYPE_NOTIFICATION: 256, _NET_WM_WINDOW_TYPE_NORMAL: 257, _NET_WM_WINDOW_TYPE_POPUP_MENU: 258, _NET_WM_WINDOW_TYPE_SPLASH: 259, _NET_WM_WINDOW_TYPE_TOOLBAR: 260, _NET_WM_WINDOW_TYPE_TOOLTIP: 261, _NET_WM_WINDOW_TYPE_UTILITY: 262, _NET_WM_STATE_MODAL: 263, _MOTIF_WM_HINTS: 264, _NET_STARTUP_ID: 265, WM_S0: 266, WM_STATE: 267, _NET_WM_CM_S0: 268, _NET_SUPPORTED: 269, _NET_ACTIVE_WINDOW: 270, _NET_CLIENT_LIST: 271, _NET_CLIENT_LIST_STACKING: 272, _NET_WM_PING: 273, _NET_WM_STATE: 274, _NET_WM_STATE_MAXIMIZED_VERT: 275, _NET_WM_STATE_MAXIMIZED_HORZ: 276, _NET_WM_STATE_HIDDEN: 277, _NET_WM_STATE_FULLSCREEN: 278, _NET_WM_STATE_FOCUSED: 279, _NET_SUPPORTING_WM_CHECK: 280, _XSETTINGS_SETTINGS: 281, _WL_SELECTION: 282, CLIPBOARD_MANAGER: 283, CLIPBOARD: 284, PRIMARY: 1, TARGETS: 285, TIMESTAMP: 286, INCR: 287, DELETE: 288, _XSETTINGS_S0: 289 }, state: Mutex { data: SharedSurfaceState { alive: true, wl_surface_id: None, wl_surface_serial: Some(1), mapped_onto: Some(2097158), geometry: Rectangle<smithay::utils::geometry::Logical> { x: 1280, y: 720, width: 1272, height: 688 }, override_redirect: false, wl_surface: Some(WlSurface { id: ObjectId(wl_surface@14[0], 17), version: 4, data: Some(Any { .. }), handle: WeakHandle { handle: WeakInnerHandle[rs] { .. } } }), title: "christoph@schleppi", class: "XTerm", instance: "xterm", startup_id: None, pid: Some(3117365), protocols: [DeleteWindow], hints: Some(WmHints { input: Some(true), initial_state: Some(Normal), icon_pixmap: Some(4194342), icon_window: None, icon_position: None, icon_mask: Some(4194344), window_group: None, urgent: false }), normal_hints: Some(WmSizeHints { position: None, size: Some((UserSpecified, 1272, 688)), min_size: Some((30, 27)), max_size: None, size_increment: Some((11, 23)), aspect: None, base_size: Some((19, 4)), win_gravity: Some(NORTH_WEST) }), transient_for: None, net_state: {279, 276, 275}, motif_hints: [0, 0, 0, 0, 0], window_type: [] }, poisoned: false, .. }, user_data: UserDataMap { list: AppendList(0x0) } }) [3mmods[0m[2m=[0mModifiersState { ctrl: false, alt: false, shift: false, caps_lock: false, logo: false, num_lock: false, iso_level3_shift: false, iso_level5_shift: false, serialized: SerializedMods { depressed: 0, latched: 0, locked: 0, layout_effective: 0 } }[1m}[0m[2m:[0m [2msmithay::input::keyboard[0m[2m:[0m [2m/home/christoph/.cargo/registry/src/index.crates.io-1949cf8c6b5b557f/smithay-0.7.0/src/input/keyboard/mod.rs[0m[2m:[0m[2m724:[0m close [3mtime.busy[0m[2m=[0m191ns [3mtime.idle[0m[2m=[0m19.3µs
[2m2026-09-25T18:33:55.529551Z[0m [32m INFO[0m ThreadId(01) [1minput_seat[0m[1m{[0m[3mname[0m[2m=[0m"wprs"[1m}[0m[2m:[0m[1madd_keyboard[0m[1m{[0m[3mxkb_config[0m[2m=[0mXkbConfig { rules: "", model: "", layout: "", variant: "", options: None } [3mrepeat_delay[0m[2m=[0m200 [3mrepeat_rate[0m[2m=[0m200[1m}[0m[2m:[0m[1minput_keyboard[0m[2m:[0m[1msend_keymap[0m[1m{[0m[3mfocus[0m[2m=[0mSome(X11Surface { xwm: Some(XwmId(0)), client_scale: Some(1.0), window: 4194322, conn: (Weak), atoms: Atoms { WL_SURFACE_ID: 240, WL_SURFACE_SERIAL: 241, _SMITHAY_CLOSE_CONNECTION: 242, UTF8_STRING: 243, TEXT: 244, WM_HINTS: 35, WM_PROTOCOLS: 245, WM_TAKE_FOCUS: 246, WM_DELETE_WINDOW: 247, WM_CHANGE_STATE: 248, _NET_WM_NAME: 249, _NET_WM_MOVERESIZE: 250, _NET_WM_PID: 251, _NET_WM_WINDOW_TYPE: 252, _NET_WM_WINDOW_TYPE_DROPDOWN_MENU: 253, _NET_WM_WINDOW_TYPE_DIALOG: 254, _NET_WM_WINDOW_TYPE_MENU: 255, _NET_WM_WINDOW_TYPE_NOTIFICATION: 256, _NET_WM_WINDOW_TYPE_NORMAL: 257, _NET_WM_WINDOW_TYPE_POPUP_MENU: 258, _NET_WM_WINDOW_TYPE_SPLASH: 259, _NET_WM_WINDOW_TYPE_TOOLBAR: 260, _NET_WM_WINDOW_TYPE_TOOLTIP: 261, _NET_WM_WINDOW_TYPE_UTILITY: 262, _NET_WM_STATE_MODAL: 263, _MOTIF_WM_HINTS: 264, _NET_STARTUP_ID: 265, WM_S0: 266, WM_STATE: 267, _NET_WM_CM_S0: 268, _NET_SUPPORTED: 269, _NET_ACTIVE_WINDOW: 270, _NET_CLIENT_LIST: 271, _NET_CLIENT_LIST_STACKING: 272, _NET_WM_PING: 273, _NET_WM_STATE: 274, _NET_WM_STATE_MAXIMIZED_VERT: 275, _NET_WM_STATE_MAXIMIZED_HORZ: 276, _NET_WM_STATE_HIDDEN: 277, _NET_WM_STATE_FULLSCREEN: 278, _NET_WM_STATE_FOCUSED: 279, _NET_SUPPORTING_WM_CHECK: 280, _XSETTINGS_SETTINGS: 281, _WL_SELECTION: 282, CLIPBOARD_MANAGER: 283, CLIPBOARD: 284, PRIMARY: 1, TARGETS: 285, TIMESTAMP: 286, INCR: 287, DELETE: 288, _XSETTINGS_S0: 289 }, state: Mutex { data: SharedSurfaceState { alive: true, wl_surface_id: None, wl_surface_serial: Some(1), mapped_onto: Some(2097158), geometry: Rectangle<smithay::utils::geometry::Logical> { x: 1280, y: 720, width: 1272, height: 688 }, override_redirect: false, wl_surface: Some(WlSurface { id: ObjectId(wl_surface@14[0], 17), version: 4, data: Some(Any { .. }), handle: WeakHandle { handle: WeakInnerHandle[rs] { .. } } }), title: "christoph@schleppi", class: "XTerm", instance: "xterm", startup_id: None, pid: Some(3117365), protocols: [DeleteWindow], hints: Some(WmHints { input: Some(true), initial_state: Some(Normal), icon_pixmap: Some(4194342), icon_window: None, icon_position: None, icon_mask: Some(4194344), window_group: None, urgent: false }), normal_hints: Some(WmSizeHints { position: None, size: Some((UserSpecified, 1272, 688)), min_size: Some((30, 27)), max_size: None, size_increment: Some((11, 23)), aspect: None, base_size: Some((19, 4)), win_gravity: Some(NORTH_WEST) }), transient_for: None, net_state: {279, 276, 275}, motif_hints: [0, 0, 0, 0, 0], window_type: [] }, poisoned: false, .. }, user_data: UserDataMap { list: AppendList(0x0) } }) [3mmods[0m[2m=[0mModifiersState { ctrl: false, alt: false, shift: false, caps_lock: false, logo: false, num_lock: false, iso_level3_shift: false, iso_level5_shift: false, serialized: SerializedMods { depressed: 0, latched: 0, locked: 0, layout_effective: 0 } }[1m}[0m[2m:[0m [2msmithay::input::keyboard[0m[2m:[0m [2m/home/christoph/.cargo/registry/src/index.crates.io-1949cf8c6b5b557f/smithay-0.7.0/src/input/keyboard/mod.rs[0m[2m:[0m[2m724:[0m new
[2m2026-09-25T18:33:55.529566Z[0m [32m INFO[0m ThreadId(01) [1minput_seat[0m[1m{[0m[3mname[0m[2m=[0m"wprs"[1m}[0m[2m:[0m[1madd_keyboard[0m[1m{[0m[3mxkb_config[0m[2m=[0mXkbConfig { rules: "", model: "", layout: "", variant: "", options: None } [3mrepeat_delay[0m[2m=[0m200 [3mrepeat_rate[0m[2m=[0m200[1m}[0m[2m:[0m[1minput_keyboard[0m[2m:[0m[1msend_keymap[0m[1m{[0m[3mfocus[0m[2m=[0mSome(X11Surface { xwm: Some(XwmId(0)), client_scale: Some(1.0), window: 4194322, conn: (Weak), atoms: Atoms { WL_SURFACE_ID: 240, WL_SURFACE_SERIAL: 241, _SMITHAY_CLOSE_CONNECTION: 242, UTF8_STRING: 243, TEXT: 244, WM_HINTS: 35, WM_PROTOCOLS: 245, WM_TAKE_FOCUS: 246, WM_DELETE_WINDOW: 247, WM_CHANGE_STATE: 248, _NET_WM_NAME: 249, _NET_WM_MOVERESIZE: 250, _NET_WM_PID: 251, _NET_WM_WINDOW_TYPE: 252, _NET_WM_WINDOW_TYPE_DROPDOWN_MENU: 253, _NET_WM_WINDOW_TYPE_DIALOG: 254, _NET_WM_WINDOW_TYPE_MENU: 255, _NET_WM_WINDOW_TYPE_NOTIFICATION: 256, _NET_WM_WINDOW_TYPE_NORMAL: 257, _NET_WM_WINDOW_TYPE_POPUP_MENU: 258, _NET_WM_WINDOW_TYPE_SPLASH: 259, _NET_WM_WINDOW_TYPE_TOOLBAR: 260, _NET_WM_WINDOW_TYPE_TOOLTIP: 261, _NET_WM_WINDOW_TYPE_UTILITY: 262, _NET_WM_STATE_MODAL: 263, _MOTIF_WM_HINTS: 264, _NET_STARTUP_ID: 265, WM_S0: 266, WM_STATE: 267, _NET_WM_CM_S0: 268, _NET_SUPPORTED: 269, _NET_ACTIVE_WINDOW: 270, _NET_CLIENT_LIST: 271, _NET_CLIENT_LIST_STACKING: 272, _NET_WM_PING: 273, _NET_WM_STATE: 274, _NET_WM_STATE_MAXIMIZED_VERT: 275, _NET_WM_STATE_MAXIMIZED_HORZ: 276, _NET_WM_STATE_HIDDEN: 277, _NET_WM_STATE_FULLSCREEN: 278, _NET_WM_STATE_FOCUSED: 279, _NET_SUPPORTING_WM_CHECK: 280, _XSETTINGS_SETTINGS: 281, _WL_SELECTION: 282, CLIPBOARD_MANAGER: 283, CLIPBOARD: 284, PRIMARY: 1, TARGETS: 285, TIMESTAMP: 286, INCR: 287, DELETE: 288, _XSETTINGS_S0: 289 }, state: Mutex { data: SharedSurfaceState { alive: true, wl_surface_id: None, wl_surface_serial: Some(1), mapped_onto: Some(2097158), geometry: Rectangle<smithay::utils::geometry::Logical> { x: 1280, y: 720, width: 1272, height: 688 }, override_redirect: false, wl_surface: Some(WlSurface { id: ObjectId(wl_surface@14[0], 17), version: 4, data: Some(Any { .. }), handle: WeakHandle { handle: WeakInnerHandle[rs] { .. } } }), title: "christoph@schleppi", class: "XTerm", instance: "xterm", startup_id: None, pid: Some(3117365), protocols: [DeleteWindow], hints: Some(WmHints { input: Some(true), initial_state: Some(Normal), icon_pixmap: Some(4194342), icon_window: None, icon_position: None, icon_mask: Some(4194344), window_group: None, urgent: false }), normal_hints: Some(WmSizeHints { position: None, size: Some((UserSpecified, 1272, 688)), min_size: Some((30, 27)), max_size: None, size_increment: Some((11, 23)), aspect: None, base_size: Some((19, 4)), win_gravity: Some(NORTH_WEST) }), transient_for: None, net_state: {279, 276, 275}, motif_hints: [0, 0, 0, 0, 0], window_type: [] }, poisoned: false, .. }, user_data: UserDataMap { list: AppendList(0x0) } }) [3mmods[0m[2m=[0mModifiersState { ctrl: false, alt: false, shift: false, caps_lock: false, logo: false, num_lock: false, iso_level3_shift: false, iso_level5_shift: false, serialized: SerializedMods { depressed: 0, latched: 0, locked: 0, layout_effective: 0 } }[1m}[0m[2m:[0m [2msmithay::input::keyboard[0m[2m:[0m [2m/home/christoph/.cargo/registry/src/index.crates.io-1949cf8c6b5b557f/smithay-0.7.0/src/input/keyboard/mod.rs[0m[2m:[0m[2m724:[0m close [3mtime.busy[0m[2m=[0m190ns [3mtime.idle[0m[2m=[0m14.1µs
[2m2026-09-25T18:33:55.529634Z[0m [32m INFO[0m ThreadId(01) [1minput_seat[0m[1m{[0m[3mname[0m[2m=[0m"wprs"[1m}[0m[2m:[0m[1madd_keyboard[0m[1m{[0m[3mxkb_config[0m[2m=[0mXkbConfig { rules: "", model: "", layout: "", variant: "", options: None } [3mrepeat_delay[0m[2m=[0m200 [3mrepeat_rate[0m[2m=[0m200[1m}[0m[2m:[0m[1minput_keyboard[0m[2m:[0m[1msend_keymap[0m[1m{[0m[3mfocus[0m[2m=[0mSome(X11Surface { xwm: Some(XwmId(0)), client_scale: Some(1.0), window: 4194322, conn: (Weak), atoms: Atoms { WL_SURFACE_ID: 240, WL_SURFACE_SERIAL: 241, _SMITHAY_CLOSE_CONNECTION: 242, UTF8_STRING: 243, TEXT: 244, WM_HINTS: 35, WM_PROTOCOLS: 245, WM_TAKE_FOCUS: 246, WM_DELETE_WINDOW: 247, WM_CHANGE_STATE: 248, _NET_WM_NAME: 249, _NET_WM_MOVERESIZE: 250, _NET_WM_PID: 251, _NET_WM_WINDOW_TYPE: 252, _NET_WM_WINDOW_TYPE_DROPDOWN_MENU: 253, _NET_WM_WINDOW_TYPE_DIALOG: 254, _NET_WM_WINDOW_TYPE_MENU: 255, _NET_WM_WINDOW_TYPE_NOTIFICATION: 256, _NET_WM_WINDOW_TYPE_NORMAL: 257, _NET_WM_WINDOW_TYPE_POPUP_MENU: 258, _NET_WM_WINDOW_TYPE_SPLASH: 259, _NET_WM_WINDOW_TYPE_TOOLBAR: 260, _NET_WM_WINDOW_TYPE_TOOLTIP: 261, _NET_WM_WINDOW_TYPE_UTILITY: 262, _NET_WM_STATE_MODAL: 263, _MOTIF_WM_HINTS: 264, _NET_STARTUP_ID: 265, WM_S0: 266, WM_STATE: 267, _NET_WM_CM_S0: 268, _NET_SUPPORTED: 269, _NET_ACTIVE_WINDOW: 270, _NET_CLIENT_LIST: 271, _NET_CLIENT_LIST_STACKING: 272, _NET_WM_PING: 273, _NET_WM_STATE: 274, _NET_WM_STATE_MAXIMIZED_VERT: 275, _NET_WM_STATE_MAXIMIZED_HORZ: 276, _NET_WM_STATE_HIDDEN: 277, _NET_WM_STATE_FULLSCREEN: 278, _NET_WM_STATE_FOCUSED: 279, _NET_SUPPORTING_WM_CHECK: 280, _XSETTINGS_SETTINGS: 281, _WL_SELECTION: 282, CLIPBOARD_MANAGER: 283, CLIPBOARD: 284, PRIMARY: 1, TARGETS: 285, TIMESTAMP: 286, INCR: 287, DELETE: 288, _XSETTINGS_S0: 289 }, state: Mutex { data: SharedSurfaceState { alive: true, wl_surface_id: None, wl_surface_serial: Some(1), mapped_onto: Some(2097158), geometry: Rectangle<smithay::utils::geometry::Logical> { x: 1280, y: 720, width: 1272, height: 688 }, override_redirect: false, wl_surface: Some(WlSurface { id: ObjectId(wl_surface@14[0], 17), version: 4, data: Some(Any { .. }), handle: WeakHandle { handle: WeakInnerHandle[rs] { .. } } }), title: "christoph@schleppi", class: "XTerm", instance: "xterm", startup_id: None, pid: Some(3117365), protocols: [DeleteWindow], hints: Some(WmHints { input: Some(true), initial_state: Some(Normal), icon_pixmap: Some(4194342), icon_window: None, icon_position: None, icon_mask: Some(4194344), window_group: None, urgent: false }), normal_hints: Some(WmSizeHints { position: None, size: Some((UserSpecified, 1272, 688)), min_size: Some((30, 27)), max_size: None, size_increment: Some((11, 23)), aspect: None, base_size: Some((19, 4)), win_gravity: Some(NORTH_WEST) }), transient_for: None, net_state: {279, 276, 275}, motif_hints: [0, 0, 0, 0, 0], window_type: [] }, poisoned: false, .. }, user_data: UserDataMap { list: AppendList(0x0) } }) [3mmods[0m[2m=[0mModifiersState { ctrl: false, alt: false, shift: false, caps_lock: false, logo: false, num_lock: false, iso_level3_shift: false, iso_level5_shift: false, serialized: SerializedMods { depressed: 0, latched: 0, locked: 0, layout_effective: 0 } }[1m}[0m[2m:[0m [2msmithay::input::keyboard[0m[2m:[0m [2m/home/christoph/.cargo/registry/src/index.crates.io-1949cf8c6b5b557f/smithay-0.7.0/src/input/keyboard/mod.rs[0m[2m:[0m[2m724:[0m new
[2m2026-09-25T18:33:55.529653Z[0m [32m INFO[0m ThreadId(01) [1minput_seat[0m[1m{[0m[3mname[0m[2m=[0m"wprs"[1m}[0m[2m:[0m[1madd_keyboard[0m[1m{[0m[3mxkb_config[0m[2m=[0mXkbConfig { rules: "", model: "", layout: "", variant: "", options: None } [3mrepeat_delay[0m[2m=[0m200 [3mrepeat_rate[0m[2m=[0m200[1m}[0m[2m:[0m[1minput_keyboard[0m[2m:[0m[1msend_keymap[0m[1m{[0m[3mfocus[0m[2m=[0mSome(X11Surface { xwm: Some(XwmId(0)), client_scale: Some(1.0), window: 4194322, conn: (Weak), atoms: Atoms { WL_SURFACE_ID: 240, WL_SURFACE_SERIAL: 241, _SMITHAY_CLOSE_CONNECTION: 242, UTF8_STRING: 243, TEXT: 244, WM_HINTS: 35, WM_PROTOCOLS: 245, WM_TAKE_FOCUS: 246, WM_DELETE_WINDOW: 247, WM_CHANGE_STATE: 248, _NET_WM_NAME: 249, _NET_WM_MOVERESIZE: 250, _NET_WM_PID: 251, _NET_WM_WINDOW_TYPE: 252, _NET_WM_WINDOW_TYPE_DROPDOWN_MENU: 253, _NET_WM_WINDOW_TYPE_DIALOG: 254, _NET_WM_WINDOW_TYPE_MENU: 255, _NET_WM_WINDOW_TYPE_NOTIFICATION: 256, _NET_WM_WINDOW_TYPE_NORMAL: 257, _NET_WM_WINDOW_TYPE_POPUP_MENU: 258, _NET_WM_WINDOW_TYPE_SPLASH: 259, _NET_WM_WINDOW_TYPE_TOOLBAR: 260, _NET_WM_WINDOW_TYPE_TOOLTIP: 261, _NET_WM_WINDOW_TYPE_UTILITY: 262, _NET_WM_STATE_MODAL: 263, _MOTIF_WM_HINTS: 264, _NET_STARTUP_ID: 265, WM_S0: 266, WM_STATE: 267, _NET_WM_CM_S0: 268, _NET_SUPPORTED: 269, _NET_ACTIVE_WINDOW: 270, _NET_CLIENT_LIST: 271, _NET_CLIENT_LIST_STACKING: 272, _NET_WM_PING: 273, _NET_WM_STATE: 274, _NET_WM_STATE_MAXIMIZED_VERT: 275, _NET_WM_STATE_MAXIMIZED_HORZ: 276, _NET_WM_STATE_HIDDEN: 277, _NET_WM_STATE_FULLSCREEN: 278, _NET_WM_STATE_FOCUSED: 279, _NET_SUPPORTING_WM_CHECK: 280, _XSETTINGS_SETTINGS: 281, _WL_SELECTION: 282, CLIPBOARD_MANAGER: 283, CLIPBOARD: 284, PRIMARY: 1, TARGETS: 285, TIMESTAMP: 286, INCR: 287, DELETE: 288, _XSETTINGS_S0: 289 }, state: Mutex { data: SharedSurfaceState { alive: true, wl_surface_id: None, wl_surface_serial: Some(1), mapped_onto: Some(2097158), geometry: Rectangle<smithay::utils::geometry::Logical> { x: 1280, y: 720, width: 1272, height: 688 }, override_redirect: false, wl_surface: Some(WlSurface { id: ObjectId(wl_surface@14[0], 17), version: 4, data: Some(Any { .. }), handle: WeakHandle { handle: WeakInnerHandle[rs] { .. } } }), title: "christoph@schleppi", class: "XTerm", instance: "xterm", startup_id: None, pid: Some(3117365), protocols: [DeleteWindow], hints: Some(WmHints { input: Some(true), initial_state: Some(Normal), icon_pixmap: Some(4194342), icon_window: None, icon_position: None, icon_mask: Some(4194344), window_group: None, urgent: false }), normal_hints: Some(WmSizeHints { position: None, size: Some((UserSpecified, 1272, 688)), min_size: Some((30, 27)), max_size: None, size_increment: Some((11, 23)), aspect: None, base_size: Some((19, 4)), win_gravity: Some(NORTH_WEST) }), transient_for: None, net_state: {279, 276, 275}, motif_hints: [0, 0, 0, 0, 0], window_type: [] }, poisoned: false, .. }, user_data: UserDataMap { list: AppendList(0x0) } }) [3mmods[0m[2m=[0mModifiersState { ctrl: false, alt: false, shift: false, caps_lock: false, logo: false, num_lock: false, iso_level3_shift: false, iso_level5_shift: false, serialized: SerializedMods { depressed: 0, latched: 0, locked: 0, layout_effective: 0 } }[1m}[0m[2m:[0m [2msmithay::input::keyboard[0m[2m:[0m [2m/home/christoph/.cargo/registry/src/index.crates.io-1949cf8c6b5b557f/smithay-0.7.0/src/input/keyboard/mod.rs[0m[2m:[0m[2m724:[0m close [3mtime.busy[0m[2m=[0m171ns [3mtime.idle[0m[2m=[0m19.2µs
[2m2026-09-25T18:33:55.529779Z[0m [32m INFO[0m ThreadId(01) [1minput_seat[0m[1m{[0m[3mname[0m[2m=[0m"wprs"[1m}[0m[2m:[0m[1madd_keyboard[0m[1m{[0m[3mxkb_config[0m[2m=[0mXkbConfig { rules: "", model: "", layout: "", variant: "", options: None } [3mrepeat_delay[0m[2m=[0m200 [3mrepeat_rate[0m[2m=[0m200[1m}[0m[2m:[0m[1minput_keyboard[0m[2m:[0m[1msend_keymap[0m[1m{[0m[3mfocus[0m[2m=[0mSome(X11Surface { xwm: Some(XwmId(0)), client_scale: Some(1.0), window: 4194322, conn: (Weak), atoms: Atoms { WL_SURFACE_ID: 240, WL_SURFACE_SERIAL: 241, _SMITHAY_CLOSE_CONNECTION: 242, UTF8_STRING: 243, TEXT: 244, WM_HINTS: 35, WM_PROTOCOLS: 245, WM_TAKE_FOCUS: 246, WM_DELETE_WINDOW: 247, WM_CHANGE_STATE: 248, _NET_WM_NAME: 249, _NET_WM_MOVERESIZE: 250, _NET_WM_PID: 251, _NET_WM_WINDOW_TYPE: 252, _NET_WM_WINDOW_TYPE_DROPDOWN_MENU: 253, _NET_WM_WINDOW_TYPE_DIALOG: 254, _NET_WM_WINDOW_TYPE_MENU: 255, _NET_WM_WINDOW_TYPE_NOTIFICATION: 256, _NET_WM_WINDOW_TYPE_NORMAL: 257, _NET_WM_WINDOW_TYPE_POPUP_MENU: 258, _NET_WM_WINDOW_TYPE_SPLASH: 259, _NET_WM_WINDOW_TYPE_TOOLBAR: 260, _NET_WM_WINDOW_TYPE_TOOLTIP: 261, _NET_WM_WINDOW_TYPE_UTILITY: 262, _NET_WM_STATE_MODAL: 263, _MOTIF_WM_HINTS: 264, _NET_STARTUP_ID: 265, WM_S0: 266, WM_STATE: 267, _NET_WM_CM_S0: 268, _NET_SUPPORTED: 269, _NET_ACTIVE_WINDOW: 270, _NET_CLIENT_LIST: 271, _NET_CLIENT_LIST_STACKING: 272, _NET_WM_PING: 273, _NET_WM_STATE: 274, _NET_WM_STATE_MAXIMIZED_VERT: 275, _NET_WM_STATE_MAXIMIZED_HORZ: 276, _NET_WM_STATE_HIDDEN: 277, _NET_WM_STATE_FULLSCREEN: 278, _NET_WM_STATE_FOCUSED: 279, _NET_SUPPORTING_WM_CHECK: 280, _XSETTINGS_SETTINGS: 281, _WL_SELECTION: 282, CLIPBOARD_MANAGER: 283, CLIPBOARD: 284, PRIMARY: 1, TARGETS: 285, TIMESTAMP: 286, INCR: 287, DELETE: 288, _XSETTINGS_S0: 289 }, state: Mutex { data: SharedSurfaceState { alive: true, wl_surface_id: None, wl_surface_serial: Some(1), mapped_onto: Some(2097158), geometry: Rectangle<smithay::utils::geometry::Logical> { x: 1280, y: 720, width: 1272, height: 688 }, override_redirect: false, wl_surface: Some(WlSurface { id: ObjectId(wl_surface@14[0], 17), version: 4, data: Some(Any { .. }), handle: WeakHandle { handle: WeakInnerHandle[rs] { .. } } }), title: "christoph@schleppi", class: "XTerm", instance: "xterm", startup_id: None, pid: Some(3117365), protocols: [DeleteWindow], hints: Some(WmHints { input: Some(true), initial_state: Some(Normal), icon_pixmap: Some(4194342), icon_window: None, icon_position: None, icon_mask: Some(4194344), window_group: None, urgent: false }), normal_hints: Some(WmSizeHints { position: None, size: Some((UserSpecified, 1272, 688)), min_size: Some((30, 27)), max_size: None, size_increment: Some((11, 23)), aspect: None, base_size: Some((19, 4)), win_gravity: Some(NORTH_WEST) }), transient_for: None, net_state: {279, 276, 275}, motif_hints: [0, 0, 0, 0, 0], window_type: [] }, poisoned: false, .. }, user_data: UserDataMap { list: AppendList(0x0) } }) [3mmods[0m[2m=[0mModifiersState { ctrl: false, alt: false, shift: false, caps_lock: false, logo: false, num_lock: false, iso_level3_shift: false, iso_level5_shift: false, serialized: SerializedMods { depressed: 0, latched: 0, locked: 0, layout_effective: 0 } }[1m}[0m[2m:[0m [2msmithay::input::keyboard[0m[2m:[0m [2m/home/christoph/.cargo/registry/src/index.crates.io-1949cf8c6b5b557f/smithay-0.7.0/src/input/keyboard/mod.rs[0m[2m:[0m[2m724:[0m new
[2m2026-09-25T18:33:55.529800Z[0m [32m INFO[0m ThreadId(01) [1minput_seat[0m[1m{[0m[3mname[0m[2m=[0m"wprs"[1m}[0m[2m:[0m[1madd_keyboard[0m[1m{[0m[3mxkb_config[0m[2m=[0mXkbConfig { rules: "", model: "", layout: "", variant: "", options: None } [3mrepeat_delay[0m[2m=[0m200 [3mrepeat_rate[0m[2m=[0m200[1m}[0m[2m:[0m[1minput_keyboard[0m[2m:[0m[1msend_keymap[0m[1m{[0m[3mfocus[0m[2m=[0mSome(X11Surface { xwm: Some(XwmId(0)), client_scale: Some(1.0), window: 4194322, conn: (Weak), atoms: Atoms { WL_SURFACE_ID: 240, WL_SURFACE_SERIAL: 241, _SMITHAY_CLOSE_CONNECTION: 242, UTF8_STRING: 243, TEXT: 244, WM_HINTS: 35, WM_PROTOCOLS: 245, WM_TAKE_FOCUS: 246, WM_DELETE_WINDOW: 247, WM_CHANGE_STATE: 248, _NET_WM_NAME: 249, _NET_WM_MOVERESIZE: 250, _NET_WM_PID: 251, _NET_WM_WINDOW_TYPE: 252, _NET_WM_WINDOW_TYPE_DROPDOWN_MENU: 253, _NET_WM_WINDOW_TYPE_DIALOG: 254, _NET_WM_WINDOW_TYPE_MENU: 255, _NET_WM_WINDOW_TYPE_NOTIFICATION: 256, _NET_WM_WINDOW_TYPE_NORMAL: 257, _NET_WM_WINDOW_TYPE_POPUP_MENU: 258, _NET_WM_WINDOW_TYPE_SPLASH: 259, _NET_WM_WINDOW_TYPE_TOOLBAR: 260, _NET_WM_WINDOW_TYPE_TOOLTIP: 261, _NET_WM_WINDOW_TYPE_UTILITY: 262, _NET_WM_STATE_MODAL: 263, _MOTIF_WM_HINTS: 264, _NET_STARTUP_ID: 265, WM_S0: 266, WM_STATE: 267, _NET_WM_CM_S0: 268, _NET_SUPPORTED: 269, _NET_ACTIVE_WINDOW: 270, _NET_CLIENT_LIST: 271, _NET_CLIENT_LIST_STACKING: 272, _NET_WM_PING: 273, _NET_WM_STATE: 274, _NET_WM_STATE_MAXIMIZED_VERT: 275, _NET_WM_STATE_MAXIMIZED_HORZ: 276, _NET_WM_STATE_HIDDEN: 277, _NET_WM_STATE_FULLSCREEN: 278, _NET_WM_STATE_FOCUSED: 279, _NET_SUPPORTING_WM_CHECK: 280, _XSETTINGS_SETTINGS: 281, _WL_SELECTION: 282, CLIPBOARD_MANAGER: 283, CLIPBOARD: 284, PRIMARY: 1, TARGETS: 285, TIMESTAMP: 286, INCR: 287, DELETE: 288, _XSETTINGS_S0: 289 }, state: Mutex { data: SharedSurfaceState { alive: true, wl_surface_id: None, wl_surface_serial: Some(1), mapped_onto: Some(2097158), geometry: Rectangle<smithay::utils::geometry::Logical> { x: 1280, y: 720, width: 1272, height: 688 }, override_redirect: false, wl_surface: Some(WlSurface { id: ObjectId(wl_surface@14[0], 17), version: 4, data: Some(Any { .. }), handle: WeakHandle { handle: WeakInnerHandle[rs] { .. } } }), title: "christoph@schleppi", class: "XTerm", instance: "xterm", startup_id: None, pid: Some(3117365), protocols: [DeleteWindow], hints: Some(WmHints { input: Some(true), initial_state: Some(Normal), icon_pixmap: Some(4194342), icon_window: None, icon_position: None, icon_mask: Some(4194344), window_group: None, urgent: false }), normal_hints: Some(WmSizeHints { position: None, size: Some((UserSpecified, 1272, 688)), min_size: Some((30, 27)), max_size: None, size_increment: Some((11, 23)), aspect: None, base_size: Some((19, 4)), win_gravity: Some(NORTH_WEST) }), transient_for: None, net_state: {279, 276, 275}, motif_hints: [0, 0, 0, 0, 0], window_type: [] }, poisoned: false, .. }, user_data: UserDataMap { list: AppendList(0x0) } }) [3mmods[0m[2m=[0mModifiersState { ctrl: false, alt: false, shift: false, caps_lock: false, logo: false, num_lock: false, iso_level3_shift: false, iso_level5_shift: false, serialized: SerializedMods { depressed: 0, latched: 0, locked: 0, layout_effective: 0 } }[1m}[0m[2m:[0m [2msmithay::input::keyboard[0m[2m:[0m [2m/home/christoph/.cargo/registry/src/index.crates.io-1949cf8c6b5b557f/smithay-0.7.0/src/input/keyboard/mod.rs[0m[2m:[0m[2m724:[0m close [3mtime.busy[0m[2m=[0m201ns [3mtime.idle[0m[2m=[0m20.4µs
[2m2026-09-25T18:33:55.529871Z[0m [32m INFO[0m ThreadId(01) [1minput_seat[0m[1m{[0m[3mname[0m[2m=[0m"wprs"[1m}[0m[2m:[0m[1madd_keyboard[0m[1m{[0m[3mxkb_config[0m[2m=[0mXkbConfig { rules: "", model: "", layout: "", variant: "", options: None } [3mrepeat_delay[0m[2m=[0m200 [3mrepeat_rate[0m[2m=[0m200[1m}[0m[2m:[0m[1minput_keyboard[0m[2m:[0m[1msend_keymap[0m[1m{[0m[3mfocus[0m[2m=[0mSome(X11Surface { xwm: Some(XwmId(0)), client_scale: Some(1.0), window: 4194322, conn: (Weak), atoms: Atoms { WL_SURFACE_ID: 240, WL_SURFACE_SERIAL: 241, _SMITHAY_CLOSE_CONNECTION: 242, UTF8_STRING: 243, TEXT: 244, WM_HINTS: 35, WM_PROTOCOLS: 245, WM_TAKE_FOCUS: 246, WM_DELETE_WINDOW: 247, WM_CHANGE_STATE: 248, _NET_WM_NAME: 249, _NET_WM_MOVERESIZE: 250, _NET_WM_PID: 251, _NET_WM_WINDOW_TYPE: 252, _NET_WM_WINDOW_TYPE_DROPDOWN_MENU: 253, _NET_WM_WINDOW_TYPE_DIALOG: 254, _NET_WM_WINDOW_TYPE_MENU: 255, _NET_WM_WINDOW_TYPE_NOTIFICATION: 256, _NET_WM_WINDOW_TYPE_NORMAL: 257, _NET_WM_WINDOW_TYPE_POPUP_MENU: 258, _NET_WM_WINDOW_TYPE_SPLASH: 259, _NET_WM_WINDOW_TYPE_TOOLBAR: 260, _NET_WM_WINDOW_TYPE_TOOLTIP: 261, _NET_WM_WINDOW_TYPE_UTILITY: 262, _NET_WM_STATE_MODAL: 263, _MOTIF_WM_HINTS: 264, _NET_STARTUP_ID: 265, WM_S0: 266, WM_STATE: 267, _NET_WM_CM_S0: 268, _NET_SUPPORTED: 269, _NET_ACTIVE_WINDOW: 270, _NET_CLIENT_LIST: 271, _NET_CLIENT_LIST_STACKING: 272, _NET_WM_PING: 273, _NET_WM_STATE: 274, _NET_WM_STATE_MAXIMIZED_VERT: 275, _NET_WM_STATE_MAXIMIZED_HORZ: 276, _NET_WM_STATE_HIDDEN: 277, _NET_WM_STATE_FULLSCREEN: 278, _NET_WM_STATE_FOCUSED: 279, _NET_SUPPORTING_WM_CHECK: 280, _XSETTINGS_SETTINGS: 281, _WL_SELECTION: 282, CLIPBOARD_MANAGER: 283, CLIPBOARD: 284, PRIMARY: 1, TARGETS: 285, TIMESTAMP: 286, INCR: 287, DELETE: 288, _XSETTINGS_S0: 289 }, state: Mutex { data: SharedSurfaceState { alive: true, wl_surface_id: None, wl_surface_serial: Some(1), mapped_onto: Some(2097158), geometry: Rectangle<smithay::utils::geometry::Logical> { x: 1280, y: 720, width: 1272, height: 688 }, override_redirect: false, wl_surface: Some(WlSurface { id: ObjectId(wl_surface@14[0], 17), version: 4, data: Some(Any { .. }), handle: WeakHandle { handle: WeakInnerHandle[rs] { .. } } }), title: "christoph@schleppi", class: "XTerm", instance: "xterm", startup_id: None, pid: Some(3117365), protocols: [DeleteWindow], hints: Some(WmHints { input: Some(true), initial_state: Some(Normal), icon_pixmap: Some(4194342), icon_window: None, icon_position: None, icon_mask: Some(4194344), window_group: None, urgent: false }), normal_hints: Some(WmSizeHints { position: None, size: Some((UserSpecified, 1272, 688)), min_size: Some((30, 27)), max_size: None, size_increment: Some((11, 23)), aspect: None, base_size: Some((19, 4)), win_gravity: Some(NORTH_WEST) }), transient_for: None, net_state: {279, 276, 275}, motif_hints: [0, 0, 0, 0, 0], window_type: [] }, poisoned: false, .. }, user_data: UserDataMap { list: AppendList(0x0) } }) [3mmods[0m[2m=[0mModifiersState { ctrl: false, alt: false, shift: false, caps_lock: false, logo: false, num_lock: false, iso_level3_shift: false, iso_level5_shift: false, serialized: SerializedMods { depressed: 0, latched: 0, locked: 0, layout_effective: 0 } }[1m}[0m[2m:[0m [2msmithay::input::keyboard[0m[2m:[0m [2m/home/christoph/.cargo/registry/src/index.crates.io-1949cf8c6b5b557f/smithay-0.7.0/src/input/keyboard/mod.rs[0m[2m:[0m[2m724:[0m new
[2m2026-09-25T18:33:55.529890Z[0m [32m INFO[0m ThreadId(01) [1minput_seat[0m[1m{[0m[3mname[0m[2m=[0m"wprs"[1m}[0m[2m:[0m[1madd_keyboard[0m[1m{[0m[3mxkb_config[0m[2m=[0mXkbConfig { rules: "", model: "", layout: "", variant: "", options: None } [3mrepeat_delay[0m[2m=[0m200 [3mrepeat_rate[0m[2m=[0m200[1m}[0m[2m:[0m[1minput_keyboard[0m[2m:[0m[1msend_keymap[0m[1m{[0m[3mfocus[0m[2m=[0mSome(X11Surface { xwm: Some(XwmId(0)), client_scale: Some(1.0), window: 4194322, conn: (Weak), atoms: Atoms { WL_SURFACE_ID: 240, WL_SURFACE_SERIAL: 241, _SMITHAY_CLOSE_CONNECTION: 242, UTF8_STRING: 243, TEXT: 244, WM_HINTS: 35, WM_PROTOCOLS: 245, WM_TAKE_FOCUS: 246, WM_DELETE_WINDOW: 247, WM_CHANGE_STATE: 248, _NET_WM_NAME: 249, _NET_WM_MOVERESIZE: 250, _NET_WM_PID: 251, _NET_WM_WINDOW_TYPE: 252, _NET_WM_WINDOW_TYPE_DROPDOWN_MENU: 253, _NET_WM_WINDOW_TYPE_DIALOG: 254, _NET_WM_WINDOW_TYPE_MENU: 255, _NET_WM_WINDOW_TYPE_NOTIFICATION: 256, _NET_WM_WINDOW_TYPE_NORMAL: 257, _NET_WM_WINDOW_TYPE_POPUP_MENU: 258, _NET_WM_WINDOW_TYPE_SPLASH: 259, _NET_WM_WINDOW_TYPE_TOOLBAR: 260, _NET_WM_WINDOW_TYPE_TOOLTIP: 261, _NET_WM_WINDOW_TYPE_UTILITY: 262, _NET_WM_STATE_MODAL: 263, _MOTIF_WM_HINTS: 264, _NET_STARTUP_ID: 265, WM_S0: 266, WM_STATE: 267, _NET_WM_CM_S0: 268, _NET_SUPPORTED: 269, _NET_ACTIVE_WINDOW: 270, _NET_CLIENT_LIST: 271, _NET_CLIENT_LIST_STACKING: 272, _NET_WM_PING: 273, _NET_WM_STATE: 274, _NET_WM_STATE_MAXIMIZED_VERT: 275, _NET_WM_STATE_MAXIMIZED_HORZ: 276, _NET_WM_STATE_HIDDEN: 277, _NET_WM_STATE_FULLSCREEN: 278, _NET_WM_STATE_FOCUSED: 279, _NET_SUPPORTING_WM_CHECK: 280, _XSETTINGS_SETTINGS: 281, _WL_SELECTION: 282, CLIPBOARD_MANAGER: 283, CLIPBOARD: 284, PRIMARY: 1, TARGETS: 285, TIMESTAMP: 286, INCR: 287, DELETE: 288, _XSETTINGS_S0: 289 }, state: Mutex { data: SharedSurfaceState { alive: true, wl_surface_id: None, wl_surface_serial: Some(1), mapped_onto: Some(2097158), geometry: Rectangle<smithay::utils::geometry::Logical> { x: 1280, y: 720, width: 1272, height: 688 }, override_redirect: false, wl_surface: Some(WlSurface { id: ObjectId(wl_surface@14[0], 17), version: 4, data: Some(Any { .. }), handle: WeakHandle { handle: WeakInnerHandle[rs] { .. } } }), title: "christoph@schleppi", class: "XTerm", instance: "xterm", startup_id: None, pid: Some(3117365), protocols: [DeleteWindow], hints: Some(WmHints { input: Some(true), initial_state: Some(Normal), icon_pixmap: Some(4194342), icon_window: None, icon_position: None, icon_mask: Some(4194344), window_group: None, urgent: false }), normal_hints: Some(WmSizeHints { position: None, size: Some((UserSpecified, 1272, 688)), min_size: Some((30, 27)), max_size: None, size_increment: Some((11, 23)), aspect: None, base_size: Some((19, 4)), win_gravity: Some(NORTH_WEST) }), transient_for: None, net_state: {279, 276, 275}, motif_hints: [0, 0, 0, 0, 0], window_type: [] }, poisoned: false, .. }, user_data: UserDataMap { list: AppendList(0x0) } }) [3mmods[0m[2m=[0mModifiersState { ctrl: false, alt: false, shift: false, caps_lock: false, logo: false, num_lock: false, iso_level3_shift: false, iso_level5_shift: false, serialized: SerializedMods { depressed: 0, latched: 0, locked: 0, layout_effective: 0 } }[1m}[0m[2m:[0m [2msmithay::input::keyboard[0m[2m:[0m [2m/home/christoph/.cargo/registry/src/index.crates.io-1949cf8c6b5b557f/smithay-0.7.0/src/input/keyboard/mod.rs[0m[2m:[0m[2m724:[0m close [3mtime.busy[0m[2m=[0m180ns [3mtime.idle[0m[2m=[0m19.1µs
[2m2026-09-25T18:33:55.529954Z[0m [32m INFO[0m ThreadId(01) [1minput_seat[0m[1m{[0m[3mname[0m[2m=[0m"wprs"[1m}[0m[2m:[0m[1madd_keyboard[0m[1m{[0m[3mxkb_config[0m[2m=[0mXkbConfig { rules: "", model: "", layout: "", variant: "", options: None } [3mrepeat_delay[0m[2m=[0m200 [3mrepeat_rate[0m[2m=[0m200[1m}[0m[2m:[0m[1minput_keyboard[0m[2m:[0m[1msend_keymap[0m[1m{[0m[3mfocus[0m[2m=[0mSome(X11Surface { xwm: Some(XwmId(0)), client_scale: Some(1.0), window: 4194322, conn: (Weak), atoms: Atoms { WL_SURFACE_ID: 240, WL_SURFACE_SERIAL: 241, _SMITHAY_CLOSE_CONNECTION: 242, UTF8_STRING: 243, TEXT: 244, WM_HINTS: 35, WM_PROTOCOLS: 245, WM_TAKE_FOCUS: 246, WM_DELETE_WINDOW: 247, WM_CHANGE_STATE: 248, _NET_WM_NAME: 249, _NET_WM_MOVERESIZE: 250, _NET_WM_PID: 251, _NET_WM_WINDOW_TYPE: 252, _NET_WM_WINDOW_TYPE_DROPDOWN_MENU: 253, _NET_WM_WINDOW_TYPE_DIALOG: 254, _NET_WM_WINDOW_TYPE_MENU: 255, _NET_WM_WINDOW_TYPE_NOTIFICATION: 256, _NET_WM_WINDOW_TYPE_NORMAL: 257, _NET_WM_WINDOW_TYPE_POPUP_MENU: 258, _NET_WM_WINDOW_TYPE_SPLASH: 259, _NET_WM_WINDOW_TYPE_TOOLBAR: 260, _NET_WM_WINDOW_TYPE_TOOLTIP: 261, _NET_WM_WINDOW_TYPE_UTILITY: 262, _NET_WM_STATE_MODAL: 263, _MOTIF_WM_HINTS: 264, _NET_STARTUP_ID: 265, WM_S0: 266, WM_STATE: 267, _NET_WM_CM_S0: 268, _NET_SUPPORTED: 269, _NET_ACTIVE_WINDOW: 270, _NET_CLIENT_LIST: 271, _NET_CLIENT_LIST_STACKING: 272, _NET_WM_PING: 273, _NET_WM_STATE: 274, _NET_WM_STATE_MAXIMIZED_VERT: 275, _NET_WM_STATE_MAXIMIZED_HORZ: 276, _NET_WM_STATE_HIDDEN: 277, _NET_WM_STATE_FULLSCREEN: 278, _NET_WM_STATE_FOCUSED: 279, _NET_SUPPORTING_WM_CHECK: 280, _XSETTINGS_SETTINGS: 281, _WL_SELECTION: 282, CLIPBOARD_MANAGER: 283, CLIPBOARD: 284, PRIMARY: 1, TARGETS: 285, TIMESTAMP: 286, INCR: 287, DELETE: 288, _XSETTINGS_S0: 289 }, state: Mutex { data: SharedSurfaceState { alive: true, wl_surface_id: None, wl_surface_serial: Some(1), mapped_onto: Some(2097158), geometry: Rectangle<smithay::utils::geometry::Logical> { x: 1280, y: 720, width: 1272, height: 688 }, override_redirect: false, wl_surface: Some(WlSurface { id: ObjectId(wl_surface@14[0], 17), version: 4, data: Some(Any { .. }), handle: WeakHandle { handle: WeakInnerHandle[rs] { .. } } }), title: "christoph@schleppi", class: "XTerm", instance: "xterm", startup_id: None, pid: Some(3117365), protocols: [DeleteWindow], hints: Some(WmHints { input: Some(true), initial_state: Some(Normal), icon_pixmap: Some(4194342), icon_window: None, icon_position: None, icon_mask: Some(4194344), window_group: None, urgent: false }), normal_hints: Some(WmSizeHints { position: None, size: Some((UserSpecified, 1272, 688)), min_size: Some((30, 27)), max_size: None, size_increment: Some((11, 23)), aspect: None, base_size: Some((19, 4)), win_gravity: Some(NORTH_WEST) }), transient_for: None, net_state: {279, 276, 275}, motif_hints: [0, 0, 0, 0, 0], window_type: [] }, poisoned: false, .. }, user_data: UserDataMap { list: AppendList(0x0) } }) [3mmods[0m[2m=[0mModifiersState { ctrl: false, alt: false, shift: false, caps_lock: false, logo: false, num_lock: false, iso_level3_shift: false, iso_level5_shift: false, serialized: SerializedMods { depressed: 0, latched: 0, locked: 0, layout_effective: 0 } }[1m}[0m[2m:[0m [2msmithay::input::keyboard[0m[2m:[0m [2m/home/christoph/.cargo/registry/src/index.crates.io-1949cf8c6b5b557f/smithay-0.7.0/src/input/keyboard/mod.rs[0m[2m:[0m[2m724:[0m new
[2m2026-09-25T18:33:55.529971Z[0m [32m INFO[0m ThreadId(01) [1minput_seat[0m[1m{[0m[3mname[0m[2m=[0m"wprs"[1m}[0m[2m:[0m[1madd_keyboard[0m[1m{[0m[3mxkb_config[0m[2m=[0mXkbConfig { rules: "", model: "", layout: "", variant: "", options: None } [3mrepeat_delay[0m[2m=[0m200 [3mrepeat_rate[0m[2m=[0m200[1m}[0m[2m:[0m[1minput_keyboard[0m[2m:[0m[1msend_keymap[0m[1m{[0m[3mfocus[0m[2m=[0mSome(X11Surface { xwm: Some(XwmId(0)), client_scale: Some(1.0), window: 4194322, conn: (Weak), atoms: Atoms { WL_SURFACE_ID: 240, WL_SURFACE_SERIAL: 241, _SMITHAY_CLOSE_CONNECTION: 242, UTF8_STRING: 243, TEXT: 244, WM_HINTS: 35, WM_PROTOCOLS: 245, WM_TAKE_FOCUS: 246, WM_DELETE_WINDOW: 247, WM_CHANGE_STATE: 248, _NET_WM_NAME: 249, _NET_WM_MOVERESIZE: 250, _NET_WM_PID: 251, _NET_WM_WINDOW_TYPE: 252, _NET_WM_WINDOW_TYPE_DROPDOWN_MENU: 253, _NET_WM_WINDOW_TYPE_DIALOG: 254, _NET_WM_WINDOW_TYPE_MENU: 255, _NET_WM_WINDOW_TYPE_NOTIFICATION: 256, _NET_WM_WINDOW_TYPE_NORMAL: 257, _NET_WM_WINDOW_TYPE_POPUP_MENU: 258, _NET_WM_WINDOW_TYPE_SPLASH: 259, _NET_WM_WINDOW_TYPE_TOOLBAR: 260, _NET_WM_WINDOW_TYPE_TOOLTIP: 261, _NET_WM_WINDOW_TYPE_UTILITY: 262, _NET_WM_STATE_MODAL: 263, _MOTIF_WM_HINTS: 264, _NET_STARTUP_ID: 265, WM_S0: 266, WM_STATE: 267, _NET_WM_CM_S0: 268, _NET_SUPPORTED: 269, _NET_ACTIVE_WINDOW: 270, _NET_CLIENT_LIST: 271, _NET_CLIENT_LIST_STACKING: 272, _NET_WM_PING: 273, _NET_WM_STATE: 274, _NET_WM_STATE_MAXIMIZED_VERT: 275, _NET_WM_STATE_MAXIMIZED_HORZ: 276, _NET_WM_STATE_HIDDEN: 277, _NET_WM_STATE_FULLSCREEN: 278, _NET_WM_STATE_FOCUSED: 279, _NET_SUPPORTING_WM_CHECK: 280, _XSETTINGS_SETTINGS: 281, _WL_SELECTION: 282, CLIPBOARD_MANAGER: 283, CLIPBOARD: 284, PRIMARY: 1, TARGETS: 285, TIMESTAMP: 286, INCR: 287, DELETE: 288, _XSETTINGS_S0: 289 }, state: Mutex { data: SharedSurfaceState { alive: true, wl_surface_id: None, wl_surface_serial: Some(1), mapped_onto: Some(2097158), geometry: Rectangle<smithay::utils::geometry::Logical> { x: 1280, y: 720, width: 1272, height: 688 }, override_redirect: false, wl_surface: Some(WlSurface { id: ObjectId(wl_surface@14[0], 17), version: 4, data: Some(Any { .. }), handle: WeakHandle { handle: WeakInnerHandle[rs] { .. } } }), title: "christoph@schleppi", class: "XTerm", instance: "xterm", startup_id: None, pid: Some(3117365), protocols: [DeleteWindow], hints: Some(WmHints { input: Some(true), initial_state: Some(Normal), icon_pixmap: Some(4194342), icon_window: None, icon_position: None, icon_mask: Some(4194344), window_group: None, urgent: false }), normal_hints: Some(WmSizeHints { position: None, size: Some((UserSpecified, 1272, 688)), min_size: Some((30, 27)), max_size: None, size_increment: Some((11, 23)), aspect: None, base_size: Some((19, 4)), win_gravity: Some(NORTH_WEST) }), transient_for: None, net_state: {279, 276, 275}, motif_hints: [0, 0, 0, 0, 0], window_type: [] }, poisoned: false, .. }, user_data: UserDataMap { list: AppendList(0x0) } }) [3mmods[0m[2m=[0mModifiersState { ctrl: false, alt: false, shift: false, caps_lock: false, logo: false, num_lock: false, iso_level3_shift: false, iso_level5_shift: false, serialized: SerializedMods { depressed: 0, latched: 0, locked: 0, layout_effective: 0 } }[1m}[0m[2m:[0m [2msmithay::input::keyboard[0m[2m:[0m [2m/home/christoph/.cargo/registry/src/index.crates.io-1949cf8c6b5b557f/smithay-0.7.0/src/input/keyboard/mod.rs[0m[2m:[0m[2m724:[0m close [3mtime.busy[0m[2m=[0m191ns [3mtime.idle[0m[2m=[0m17.0µs
[2m2026-09-25T18:33:55.530047Z[0m [32m INFO[0m ThreadId(01) [1minput_seat[0m[1m{[0m[3mname[0m[2m=[0m"wprs"[1m}[0m[2m:[0m[1madd_keyboard[0m[1m{[0m[3mxkb_config[0m[2m=[0mXkbConfig { rules: "", model: "", layout: "", variant: "", options: None } [3mrepeat_delay[0m[2m=[0m200 [3mrepeat_rate[0m[2m=[0m200[1m}[0m[2m:[0m[1minput_keyboard[0m[2m:[0m[1msend_keymap[0m[1m{[0m[3mfocus[0m[2m=[0mSome(X11Surface { xwm: Some(XwmId(0)), client_scale: Some(1.0), window: 4194322, conn: (Weak), atoms: Atoms { WL_SURFACE_ID: 240, WL_SURFACE_SERIAL: 241, _SMITHAY_CLOSE_CONNECTION: 242, UTF8_STRING: 243, TEXT: 244, WM_HINTS: 35, WM_PROTOCOLS: 245, WM_TAKE_FOCUS: 246, WM_DELETE_WINDOW: 247, WM_CHANGE_STATE: 248, _NET_WM_NAME: 249, _NET_WM_MOVERESIZE: 250, _NET_WM_PID: 251, _NET_WM_WINDOW_TYPE: 252, _NET_WM_WINDOW_TYPE_DROPDOWN_MENU: 253, _NET_WM_WINDOW_TYPE_DIALOG: 254, _NET_WM_WINDOW_TYPE_MENU: 255, _NET_WM_WINDOW_TYPE_NOTIFICATION: 256, _NET_WM_WINDOW_TYPE_NORMAL: 257, _NET_WM_WINDOW_TYPE_POPUP_MENU: 258, _NET_WM_WINDOW_TYPE_SPLASH: 259, _NET_WM_WINDOW_TYPE_TOOLBAR: 260, _NET_WM_WINDOW_TYPE_TOOLTIP: 261, _NET_WM_WINDOW_TYPE_UTILITY: 262, _NET_WM_STATE_MODAL: 263, _MOTIF_WM_HINTS: 264, _NET_STARTUP_ID: 265, WM_S0: 266, WM_STATE: 267, _NET_WM_CM_S0: 268, _NET_SUPPORTED: 269, _NET_ACTIVE_WINDOW: 270, _NET_CLIENT_LIST: 271, _NET_CLIENT_LIST_STACKING: 272, _NET_WM_PING: 273, _NET_WM_STATE: 274, _NET_WM_STATE_MAXIMIZED_VERT: 275, _NET_WM_STATE_MAXIMIZED_HORZ: 276, _NET_WM_STATE_HIDDEN: 277, _NET_WM_STATE_FULLSCREEN: 278, _NET_WM_STATE_FOCUSED: 279, _NET_SUPPORTING_WM_CHECK: 280, _XSETTINGS_SETTINGS: 281, _WL_SELECTION: 282, CLIPBOARD_MANAGER: 283, CLIPBOARD: 284, PRIMARY: 1, TARGETS: 285, TIMESTAMP: 286, INCR: 287, DELETE: 288, _XSETTINGS_S0: 289 }, state: Mutex { data: SharedSurfaceState { alive: true, wl_surface_id: None, wl_surface_serial: Some(1), mapped_onto: Some(2097158), geometry: Rectangle<smithay::utils::geometry::Logical> { x: 1280, y: 720, width: 1272, height: 688 }, override_redirect: false, wl_surface: Some(WlSurface { id: ObjectId(wl_surface@14[0], 17), version: 4, data: Some(Any { .. }), handle: WeakHandle { handle: WeakInnerHandle[rs] { .. } } }), title: "christoph@schleppi", class: "XTerm", instance: "xterm", startup_id: None, pid: Some(3117365), protocols: [DeleteWindow], hints: Some(WmHints { input: Some(true), initial_state: Some(Normal), icon_pixmap: Some(4194342), icon_window: None, icon_position: None, icon_mask: Some(4194344), window_group: None, urgent: false }), normal_hints: Some(WmSizeHints { position: None, size: Some((UserSpecified, 1272, 688)), min_size: Some((30, 27)), max_size: None, size_increment: Some((11, 23)), aspect: None, base_size: Some((19, 4)), win_gravity: Some(NORTH_WEST) }), transient_for: None, net_state: {279, 276, 275}, motif_hints: [0, 0, 0, 0, 0], window_type: [] }, poisoned: false, .. }, user_data: UserDataMap { list: AppendList(0x0) } }) [3mmods[0m[2m=[0mModifiersState { ctrl: false, alt: false, shift: false, caps_lock: false, logo: false, num_lock: false, iso_level3_shift: false, iso_level5_shift: false, serialized: SerializedMods { depressed: 0, latched: 0, locked: 0, layout_effective: 0 } }[1m}[0m[2m:[0m [2msmithay::input::keyboard[0m[2m:[0m [2m/home/christoph/.cargo/registry/src/index.crates.io-1949cf8c6b5b557f/smithay-0.7.0/src/input/keyboard/mod.rs[0m[2m:[0m[2m724:[0m new
[2m2026-09-25T18:33:55.530066Z[0m [32m INFO[0m ThreadId(01) [1minput_seat[0m[1m{[0m[3mname[0m[2m=[0m"wprs"[1m}[0m[2m:[0m[1madd_keyboard[0m[1m{[0m[3mxkb_config[0m[2m=[0mXkbConfig { rules: "", model: "", layout: "", variant: "", options: None } [3mrepeat_delay[0m[2m=[0m200 [3mrepeat_rate[0m[2m=[0m200[1m}[0m[2m:[0m[1minput_keyboard[0m[2m:[0m[1msend_keymap[0m[1m{[0m[3mfocus[0m[2m=[0mSome(X11Surface { xwm: Some(XwmId(0)), client_scale: Some(1.0), window: 4194322, conn: (Weak), atoms: Atoms { WL_SURFACE_ID: 240, WL_SURFACE_SERIAL: 241, _SMITHAY_CLOSE_CONNECTION: 242, UTF8_STRING: 243, TEXT: 244, WM_HINTS: 35, WM_PROTOCOLS: 245, WM_TAKE_FOCUS: 246, WM_DELETE_WINDOW: 247, WM_CHANGE_STATE: 248, _NET_WM_NAME: 249, _NET_WM_MOVERESIZE: 250, _NET_WM_PID: 251, _NET_WM_WINDOW_TYPE: 252, _NET_WM_WINDOW_TYPE_DROPDOWN_MENU: 253, _NET_WM_WINDOW_TYPE_DIALOG: 254, _NET_WM_WINDOW_TYPE_MENU: 255, _NET_WM_WINDOW_TYPE_NOTIFICATION: 256, _NET_WM_WINDOW_TYPE_NORMAL: 257, _NET_WM_WINDOW_TYPE_POPUP_MENU: 258, _NET_WM_WINDOW_TYPE_SPLASH: 259, _NET_WM_WINDOW_TYPE_TOOLBAR: 260, _NET_WM_WINDOW_TYPE_TOOLTIP: 261, _NET_WM_WINDOW_TYPE_UTILITY: 262, _NET_WM_STATE_MODAL: 263, _MOTIF_WM_HINTS: 264, _NET_STARTUP_ID: 265, WM_S0: 266, WM_STATE: 267, _NET_WM_CM_S0: 268, _NET_SUPPORTED: 269, _NET_ACTIVE_WINDOW: 270, _NET_CLIENT_LIST: 271, _NET_CLIENT_LIST_STACKING: 272, _NET_WM_PING: 273, _NET_WM_STATE: 274, _NET_WM_STATE_MAXIMIZED_VERT: 275, _NET_WM_STATE_MAXIMIZED_HORZ: 276, _NET_WM_STATE_HIDDEN: 277, _NET_WM_STATE_FULLSCREEN: 278, _NET_WM_STATE_FOCUSED: 279, _NET_SUPPORTING_WM_CHECK: 280, _XSETTINGS_SETTINGS: 281, _WL_SELECTION: 282, CLIPBOARD_MANAGER: 283, CLIPBOARD: 284, PRIMARY: 1, TARGETS: 285, TIMESTAMP: 286, INCR: 287, DELETE: 288, _XSETTINGS_S0: 289 }, state: Mutex { data: SharedSurfaceState { alive: true, wl_surface_id: None, wl_surface_serial: Some(1), mapped_onto: Some(2097158), geometry: Rectangle<smithay::utils::geometry::Logical> { x: 1280, y: 720, width: 1272, height: 688 }, override_redirect: false, wl_surface: Some(WlSurface { id: ObjectId(wl_surface@14[0], 17), version: 4, data: Some(Any { .. }), handle: WeakHandle { handle: WeakInnerHandle[rs] { .. } } }), title: "christoph@schleppi", class: "XTerm", instance: "xterm", startup_id: None, pid: Some(3117365), protocols: [DeleteWindow], hints: Some(WmHints { input: Some(true), initial_state: Some(Normal), icon_pixmap: Some(4194342), icon_window: None, icon_position: None, icon_mask: Some(4194344), window_group: None, urgent: false }), normal_hints: Some(WmSizeHints { position: None, size: Some((UserSpecified, 1272, 688)), min_size: Some((30, 27)), max_size: None, size_increment: Some((11, 23)), aspect: None, base_size: Some((19, 4)), win_gravity: Some(NORTH_WEST) }), transient_for: None, net_state: {279, 276, 275}, motif_hints: [0, 0, 0, 0, 0], window_type: [] }, poisoned: false, .. }, user_data: UserDataMap { list: AppendList(0x0) } }) [3mmods[0m[2m=[0mModifiersState { ctrl: false, alt: false, shift: false, caps_lock: false, logo: false, num_lock: false, iso_level3_shift: false, iso_level5_shift: false, serialized: SerializedMods { depressed: 0, latched: 0, locked: 0, layout_effective: 0 } }[1m}[0m[2m:[0m [2msmithay::input::keyboard[0m[2m:[0m [2m/home/christoph/.cargo/registry/src/index.crates.io-1949cf8c6b5b557f/smithay-0.7.0/src/input/keyboard/mod.rs[0m[2m:[0m[2m724:[0m close [3mtime.busy[0m[2m=[0m190ns [3mtime.idle[0m[2m=[0m19.3µs
[2m2026-09-25T18:33:55.530135Z[0m [32m INFO[0m ThreadId(01) [1minput_seat[0m[1m{[0m[3mname[0m[2m=[0m"wprs"[1m}[0m[2m:[0m[1madd_keyboard[0m[1m{[0m[3mxkb_config[0m[2m=[0mXkbConfig { rules: "", model: "", layout: "", variant: "", options: None } [3mrepeat_delay[0m[2m=[0m200 [3mrepeat_rate[0m[2m=[0m200[1m}[0m[2m:[0m[1minput_keyboard[0m[2m:[0m[1msend_keymap[0m[1m{[0m[3mfocus[0m[2m=[0mSome(X11Surface { xwm: Some(XwmId(0)), client_scale: Some(1.0), window: 4194322, conn: (Weak), atoms: Atoms { WL_SURFACE_ID: 240, WL_SURFACE_SERIAL: 241, _SMITHAY_CLOSE_CONNECTION: 242, UTF8_STRING: 243, TEXT: 244, WM_HINTS: 35, WM_PROTOCOLS: 245, WM_TAKE_FOCUS: 246, WM_DELETE_WINDOW: 247, WM_CHANGE_STATE: 248, _NET_WM_NAME: 249, _NET_WM_MOVERESIZE: 250, _NET_WM_PID: 251, _NET_WM_WINDOW_TYPE: 252, _NET_WM_WINDOW_TYPE_DROPDOWN_MENU: 253, _NET_WM_WINDOW_TYPE_DIALOG: 254, _NET_WM_WINDOW_TYPE_MENU: 255, _NET_WM_WINDOW_TYPE_NOTIFICATION: 256, _NET_WM_WINDOW_TYPE_NORMAL: 257, _NET_WM_WINDOW_TYPE_POPUP_MENU: 258, _NET_WM_WINDOW_TYPE_SPLASH: 259, _NET_WM_WINDOW_TYPE_TOOLBAR: 260, _NET_WM_WINDOW_TYPE_TOOLTIP: 261, _NET_WM_WINDOW_TYPE_UTILITY: 262, _NET_WM_STATE_MODAL: 263, _MOTIF_WM_HINTS: 264, _NET_STARTUP_ID: 265, WM_S0: 266, WM_STATE: 267, _NET_WM_CM_S0: 268, _NET_SUPPORTED: 269, _NET_ACTIVE_WINDOW: 270, _NET_CLIENT_LIST: 271, _NET_CLIENT_LIST_STACKING: 272, _NET_WM_PING: 273, _NET_WM_STATE: 274, _NET_WM_STATE_MAXIMIZED_VERT: 275, _NET_WM_STATE_MAXIMIZED_HORZ: 276, _NET_WM_STATE_HIDDEN: 277, _NET_WM_STATE_FULLSCREEN: 278, _NET_WM_STATE_FOCUSED: 279, _NET_SUPPORTING_WM_CHECK: 280, _XSETTINGS_SETTINGS: 281, _WL_SELECTION: 282, CLIPBOARD_MANAGER: 283, CLIPBOARD: 284, PRIMARY: 1, TARGETS: 285, TIMESTAMP: 286, INCR: 287, DELETE: 288, _XSETTINGS_S0: 289 }, state: Mutex { data: SharedSurfaceState { alive: true, wl_surface_id: None, wl_surface_serial: Some(1), mapped_onto: Some(2097158), geometry: Rectangle<smithay::utils::geometry::Logical> { x: 1280, y: 720, width: 1272, height: 688 }, override_redirect: false, wl_surface: Some(WlSurface { id: ObjectId(wl_surface@14[0], 17), version: 4, data: Some(Any { .. }), handle: WeakHandle { handle: WeakInnerHandle[rs] { .. } } }), title: "christoph@schleppi", class: "XTerm", instance: "xterm", startup_id: None, pid: Some(3117365), protocols: [DeleteWindow], hints: Some(WmHints { input: Some(true), initial_state: Some(Normal), icon_pixmap: Some(4194342), icon_window: None, icon_position: None, icon_mask: Some(4194344), window_group: None, urgent: false }), normal_hints: Some(WmSizeHints { position: None, size: Some((UserSpecified, 1272, 688)), min_size: Some((30, 27)), max_size: None, size_increment: Some((11, 23)), aspect: None, base_size: Some((19, 4)), win_gravity: Some(NORTH_WEST) }), transient_for: None, net_state: {279, 276, 275}, motif_hints: [0, 0, 0, 0, 0], window_type: [] }, poisoned: false, .. }, user_data: UserDataMap { list: AppendList(0x0) } }) [3mmods[0m[2m=[0mModifiersState { ctrl: false, alt: false, shift: false, caps_lock: false, logo: false, num_lock: false, iso_level3_shift: false, iso_level5_shift: false, serialized: SerializedMods { depressed: 0, latched: 0, locked: 0, layout_effective: 0 } }[1m}[0m[2m:[0m [2msmithay::input::keyboard[0m[2m:[0m [2m/home/christoph/.cargo/registry/src/index.crates.io-1949cf8c6b5b557f/smithay-0.7.0/src/input/keyboard/mod.rs[0m[2m:[0m[2m724:[0m new
[2m2026-09-25T18:33:55.530155Z[0m [32m INFO[0m ThreadId(01) [1minput_seat[0m[1m{[0m[3mname[0m[2m=[0m"wprs"[1m}[0m[2m:[0m[1madd_keyboard[0m[1m{[0m[3mxkb_config[0m[2m=[0mXkbConfig { rules: "", model: "", layout: "", variant: "", options: None } [3mrepeat_delay[0m[2m=[0m200 [3mrepeat_rate[0m[2m=[0m200[1m}[0m[2m:[0m[1minput_keyboard[0m[2m:[0m[1msend_keymap[0m[1m{[0m[3mfocus[0m[2m=[0mSome(X11Surface { xwm: Some(XwmId(0)), client_scale: Some(1.0), window: 4194322, conn: (Weak), atoms: Atoms { WL_SURFACE_ID: 240, WL_SURFACE_SERIAL: 241, _SMITHAY_CLOSE_CONNECTION: 242, UTF8_STRING: 243, TEXT: 244, WM_HINTS: 35, WM_PROTOCOLS: 245, WM_TAKE_FOCUS: 246, WM_DELETE_WINDOW: 247, WM_CHANGE_STATE: 248, _NET_WM_NAME: 249, _NET_WM_MOVERESIZE: 250, _NET_WM_PID: 251, _NET_WM_WINDOW_TYPE: 252, _NET_WM_WINDOW_TYPE_DROPDOWN_MENU: 253, _NET_WM_WINDOW_TYPE_DIALOG: 254, _NET_WM_WINDOW_TYPE_MENU: 255, _NET_WM_WINDOW_TYPE_NOTIFICATION: 256, _NET_WM_WINDOW_TYPE_NORMAL: 257, _NET_WM_WINDOW_TYPE_POPUP_MENU: 258, _NET_WM_WINDOW_TYPE_SPLASH: 259, _NET_WM_WINDOW_TYPE_TOOLBAR: 260, _NET_WM_WINDOW_TYPE_TOOLTIP: 261, _NET_WM_WINDOW_TYPE_UTILITY: 262, _NET_WM_STATE_MODAL: 263, _MOTIF_WM_HINTS: 264, _NET_STARTUP_ID: 265, WM_S0: 266, WM_STATE: 267, _NET_WM_CM_S0: 268, _NET_SUPPORTED: 269, _NET_ACTIVE_WINDOW: 270, _NET_CLIENT_LIST: 271, _NET_CLIENT_LIST_STACKING: 272, _NET_WM_PING: 273, _NET_WM_STATE: 274, _NET_WM_STATE_MAXIMIZED_VERT: 275, _NET_WM_STATE_MAXIMIZED_HORZ: 276, _NET_WM_STATE_HIDDEN: 277, _NET_WM_STATE_FULLSCREEN: 278, _NET_WM_STATE_FOCUSED: 279, _NET_SUPPORTING_WM_CHECK: 280, _XSETTINGS_SETTINGS: 281, _WL_SELECTION: 282, CLIPBOARD_MANAGER: 283, CLIPBOARD: 284, PRIMARY: 1, TARGETS: 285, TIMESTAMP: 286, INCR: 287, DELETE: 288, _XSETTINGS_S0: 289 }, state: Mutex { data: SharedSurfaceState { alive: true, wl_surface_id: None, wl_surface_serial: Some(1), mapped_onto: Some(2097158), geometry: Rectangle<smithay::utils::geometry::Logical> { x: 1280, y: 720, width: 1272, height: 688 }, override_redirect: false, wl_surface: Some(WlSurface { id: ObjectId(wl_surface@14[0], 17), version: 4, data: Some(Any { .. }), handle: WeakHandle { handle: WeakInnerHandle[rs] { .. } } }), title: "christoph@schleppi", class: "XTerm", instance: "xterm", startup_id: None, pid: Some(3117365), protocols: [DeleteWindow], hints: Some(WmHints { input: Some(true), initial_state: Some(Normal), icon_pixmap: Some(4194342), icon_window: None, icon_position: None, icon_mask: Some(4194344), window_group: None, urgent: false }), normal_hints: Some(WmSizeHints { position: None, size: Some((UserSpecified, 1272, 688)), min_size: Some((30, 27)), max_size: None, size_increment: Some((11, 23)), aspect: None, base_size: Some((19, 4)), win_gravity: Some(NORTH_WEST) }), transient_for: None, net_state: {279, 276, 275}, motif_hints: [0, 0, 0, 0, 0], window_type: [] }, poisoned: false, .. }, user_data: UserDataMap { list: AppendList(0x0) } }) [3mmods[0m[2m=[0mModifiersState { ctrl: false, alt: false, shift: false, caps_lock: false, logo: false, num_lock: false, iso_level3_shift: false, iso_level5_shift: false, serialized: SerializedMods { depressed: 0, latched: 0, locked: 0, layout_effective: 0 } }[1m}[0m[2m:[0m [2msmithay::input::keyboard[0m[2m:[0m [2m/home/christoph/.cargo/registry/src/index.crates.io-1949cf8c6b5b557f/smithay-0.7.0/src/input/keyboard/mod.rs[0m[2m:[0m[2m724:[0m close [3mtime.busy[0m[2m=[0m210ns [3mtime.idle[0m[2m=[0m19.5µs
[2m2026-09-25T18:33:55.530218Z[0m [32m INFO[0m ThreadId(01) [1minput_seat[0m[1m{[0m[3mname[0m[2m=[0m"wprs"[1m}[0m[2m:[0m[1madd_keyboard[0m[1m{[0m[3mxkb_config[0m[2m=[0mXkbConfig { rules: "", model: "", layout: "", variant: "", options: None } [3mrepeat_delay[0m[2m=[0m200 [3mrepeat_rate[0m[2m=[0m200[1m}[0m[2m:[0m[1minput_keyboard[0m[2m:[0m[1msend_keymap[0m[1m{[0m[3mfocus[0m[2m=[0mSome(X11Surface { xwm: Some(XwmId(0)), client_scale: Some(1.0), window: 4194322, conn: (Weak), atoms: Atoms { WL_SURFACE_ID: 240, WL_SURFACE_SERIAL: 241, _SMITHAY_CLOSE_CONNECTION: 242, UTF8_STRING: 243, TEXT: 244, WM_HINTS: 35, WM_PROTOCOLS: 245, WM_TAKE_FOCUS: 246, WM_DELETE_WINDOW: 247, WM_CHANGE_STATE: 248, _NET_WM_NAME: 249, _NET_WM_MOVERESIZE: 250, _NET_WM_PID: 251, _NET_WM_WINDOW_TYPE: 252, _NET_WM_WINDOW_TYPE_DROPDOWN_MENU: 253, _NET_WM_WINDOW_TYPE_DIALOG: 254, _NET_WM_WINDOW_TYPE_MENU: 255, _NET_WM_WINDOW_TYPE_NOTIFICATION: 256, _NET_WM_WINDOW_TYPE_NORMAL: 257, _NET_WM_WINDOW_TYPE_POPUP_MENU: 258, _NET_WM_WINDOW_TYPE_SPLASH: 259, _NET_WM_WINDOW_TYPE_TOOLBAR: 260, _NET_WM_WINDOW_TYPE_TOOLTIP: 261, _NET_WM_WINDOW_TYPE_UTILITY: 262, _NET_WM_STATE_MODAL: 263, _MOTIF_WM_HINTS: 264, _NET_STARTUP_ID: 265, WM_S0: 266, WM_STATE: 267, _NET_WM_CM_S0: 268, _NET_SUPPORTED: 269, _NET_ACTIVE_WINDOW: 270, _NET_CLIENT_LIST: 271, _NET_CLIENT_LIST_STACKING: 272, _NET_WM_PING: 273, _NET_WM_STATE: 274, _NET_WM_STATE_MAXIMIZED_VERT: 275, _NET_WM_STATE_MAXIMIZED_HORZ: 276, _NET_WM_STATE_HIDDEN: 277, _NET_WM_STATE_FULLSCREEN: 278, _NET_WM_STATE_FOCUSED: 279, _NET_SUPPORTING_WM_CHECK: 280, _XSETTINGS_SETTINGS: 281, _WL_SELECTION: 282, CLIPBOARD_MANAGER: 283, CLIPBOARD: 284, PRIMARY: 1, TARGETS: 285, TIMESTAMP: 286, INCR: 287, DELETE: 288, _XSETTINGS_S0: 289 }, state: Mutex { data: SharedSurfaceState { alive: true, wl_surface_id: None, wl_surface_serial: Some(1), mapped_onto: Some(2097158), geometry: Rectangle<smithay::utils::geometry::Logical> { x: 1280, y: 720, width: 1272, height: 688 }, override_redirect: false, wl_surface: Some(WlSurface { id: ObjectId(wl_surface@14[0], 17), version: 4, data: Some(Any { .. }), handle: WeakHandle { handle: WeakInnerHandle[rs] { .. } } }), title: "christoph@schleppi", class: "XTerm", instance: "xterm", startup_id: None, pid: Some(3117365), protocols: [DeleteWindow], hints: Some(WmHints { input: Some(true), initial_state: Some(Normal), icon_pixmap: Some(4194342), icon_window: None, icon_position: None, icon_mask: Some(4194344), window_group: None, urgent: false }), normal_hints: Some(WmSizeHints { position: None, size: Some((UserSpecified, 1272, 688)), min_size: Some((30, 27)), max_size: None, size_increment: Some((11, 23)), aspect: None, base_size: Some((19, 4)), win_gravity: Some(NORTH_WEST) }), transient_for: None, net_state: {279, 276, 275}, motif_hints: [0, 0, 0, 0, 0], window_type: [] }, poisoned: false, .. }, user_data: UserDataMap { list: AppendList(0x0) } }) [3mmods[0m[2m=[0mModifiersState { ctrl: false, alt: false, shift: false, caps_lock: false, logo: false, num_lock: false, iso_level3_shift: false, iso_level5_shift: false, serialized: SerializedMods { depressed: 0, latched: 0, locked: 0, layout_effective: 0 } }[1m}[0m[2m:[0m [2msmithay::input::keyboard[0m[2m:[0m [2m/home/christoph/.cargo/registry/src/index.crates.io-1949cf8c6b5b557f/smithay-0.7.0/src/input/keyboard/mod.rs[0m[2m:[0m[2m724:[0m new
[2m2026-09-25T18:33:55.530235Z[0m [32m INFO[0m ThreadId(01) [1minput_seat[0m[1m{[0m[3mname[0m[2m=[0m"wprs"[1m}[0m[2m:[0m[1madd_keyboard[0m[1m{[0m[3mxkb_config[0m[2m=[0mXkbConfig { rules: "", model: "", layout: "", variant: "", options: None } [3mrepeat_delay[0m[2m=[0m200 [3mrepeat_rate[0m[2m=[0m200[1m}[0m[2m:[0m[1minput_keyboard[0m[2m:[0m[1msend_keymap[0m[1m{[0m[3mfocus[0m[2m=[0mSome(X11Surface { xwm: Some(XwmId(0)), client_scale: Some(1.0), window: 4194322, conn: (Weak), atoms: Atoms { WL_SURFACE_ID: 240, WL_SURFACE_SERIAL: 241, _SMITHAY_CLOSE_CONNECTION: 242, UTF8_STRING: 243, TEXT: 244, WM_HINTS: 35, WM_PROTOCOLS: 245, WM_TAKE_FOCUS: 246, WM_DELETE_WINDOW: 247, WM_CHANGE_STATE: 248, _NET_WM_NAME: 249, _NET_WM_MOVERESIZE: 250, _NET_WM_PID: 251, _NET_WM_WINDOW_TYPE: 252, _NET_WM_WINDOW_TYPE_DROPDOWN_MENU: 253, _NET_WM_WINDOW_TYPE_DIALOG: 254, _NET_WM_WINDOW_TYPE_MENU: 255, _NET_WM_WINDOW_TYPE_NOTIFICATION: 256, _NET_WM_WINDOW_TYPE_NORMAL: 257, _NET_WM_WINDOW_TYPE_POPUP_MENU: 258, _NET_WM_WINDOW_TYPE_SPLASH: 259, _NET_WM_WINDOW_TYPE_TOOLBAR: 260, _NET_WM_WINDOW_TYPE_TOOLTIP: 261, _NET_WM_WINDOW_TYPE_UTILITY: 262, _NET_WM_STATE_MODAL: 263, _MOTIF_WM_HINTS: 264, _NET_STARTUP_ID: 265, WM_S0: 266, WM_STATE: 267, _NET_WM_CM_S0: 268, _NET_SUPPORTED: 269, _NET_ACTIVE_WINDOW: 270, _NET_CLIENT_LIST: 271, _NET_CLIENT_LIST_STACKING: 272, _NET_WM_PING: 273, _NET_WM_STATE: 274, _NET_WM_STATE_MAXIMIZED_VERT: 275, _NET_WM_STATE_MAXIMIZED_HORZ: 276, _NET_WM_STATE_HIDDEN: 277, _NET_WM_STATE_FULLSCREEN: 278, _NET_WM_STATE_FOCUSED: 279, _NET_SUPPORTING_WM_CHECK: 280, _XSETTINGS_SETTINGS: 281, _WL_SELECTION: 282, CLIPBOARD_MANAGER: 283, CLIPBOARD: 284, PRIMARY: 1, TARGETS: 285, TIMESTAMP: 286, INCR: 287, DELETE: 288, _XSETTINGS_S0: 289 }, state: Mutex { data: SharedSurfaceState { alive: true, wl_surface_id: None, wl_surface_serial: Some(1), mapped_onto: Some(2097158), geometry: Rectangle<smithay::utils::geometry::Logical> { x: 1280, y: 720, width: 1272, height: 688 }, override_redirect: false, wl_surface: Some(WlSurface { id: ObjectId(wl_surface@14[0], 17), version: 4, data: Some(Any { .. }), handle: WeakHandle { handle: WeakInnerHandle[rs] { .. } } }), title: "christoph@schleppi", class: "XTerm", instance: "xterm", startup_id: None, pid: Some(3117365), protocols: [DeleteWindow], hints: Some(WmHints { input: Some(true), initial_state: Some(Normal), icon_pixmap: Some(4194342), icon_window: None, icon_position: None, icon_mask: Some(4194344), window_group: None, urgent: false }), normal_hints: Some(WmSizeHints { position: None, size: Some((UserSpecified, 1272, 688)), min_size: Some((30, 27)), max_size: None, size_increment: Some((11, 23)), aspect: None, base_size: Some((19, 4)), win_gravity: Some(NORTH_WEST) }), transient_for: None, net_state: {279, 276, 275}, motif_hints: [0, 0, 0, 0, 0], window_type: [] }, poisoned: false, .. }, user_data: UserDataMap { list: AppendList(0x0) } }) [3mmods[0m[2m=[0mModifiersState { ctrl: false, alt: false, shift: false, caps_lock: false, logo: false, num_lock: false, iso_level3_shift: false, iso_level5_shift: false, serialized: SerializedMods { depressed: 0, latched: 0, locked: 0, layout_effective: 0 } }[1m}[0m[2m:[0m [2msmithay::input::keyboard[0m[2m:[0m [2m/home/christoph/.cargo/registry/src/index.crates.io-1949cf8c6b5b557f/smithay-0.7.0/src/input/keyboard/mod.rs[0m[2m:[0m[2m724:[0m close [3mtime.busy[0m[2m=[0m210ns [3mtime.idle[0m[2m=[0m16.7µs
[2m2026-09-25T18:33:55.530304Z[0m [32m INFO[0m ThreadId(01) [1minput_seat[0m[1m{[0m[3mname[0m[2m=[0m"wprs"[1m}[0m[2m:[0m[1madd_keyboard[0m[1m{[0m[3mxkb_config[0m[2m=[0mXkbConfig { rules: "", model: "", layout: "", variant: "", options: None } [3mrepeat_delay[0m[2m=[0m200 [3mrepeat_rate[0m[2m=[0m200[1m}[0m[2m:[0m[1minput_keyboard[0m[2m:[0m[1msend_keymap[0m[1m{[0m[3mfocus[0m[2m=[0mSome(X11Surface { xwm: Some(XwmId(0)), client_scale: Some(1.0), window: 4194322, conn: (Weak), atoms: Atoms { WL_SURFACE_ID: 240, WL_SURFACE_SERIAL: 241, _SMITHAY_CLOSE_CONNECTION: 242, UTF8_STRING: 243, TEXT: 244, WM_HINTS: 35, WM_PROTOCOLS: 245, WM_TAKE_FOCUS: 246, WM_DELETE_WINDOW: 247, WM_CHANGE_STATE: 248, _NET_WM_NAME: 249, _NET_WM_MOVERESIZE: 250, _NET_WM_PID: 251, _NET_WM_WINDOW_TYPE: 252, _NET_WM_WINDOW_TYPE_DROPDOWN_MENU: 253, _NET_WM_WINDOW_TYPE_DIALOG: 254, _NET_WM_WINDOW_TYPE_MENU: 255, _NET_WM_WINDOW_TYPE_NOTIFICATION: 256, _NET_WM_WINDOW_TYPE_NORMAL: 257, _NET_WM_WINDOW_TYPE_POPUP_MENU: 258, _NET_WM_WINDOW_TYPE_SPLASH: 259, _NET_WM_WINDOW_TYPE_TOOLBAR: 260, _NET_WM_WINDOW_TYPE_TOOLTIP: 261, _NET_WM_WINDOW_TYPE_UTILITY: 262, _NET_WM_STATE_MODAL: 263, _MOTIF_WM_HINTS: 264, _NET_STARTUP_ID: 265, WM_S0: 266, WM_STATE: 267, _NET_WM_CM_S0: 268, _NET_SUPPORTED: 269, _NET_ACTIVE_WINDOW: 270, _NET_CLIENT_LIST: 271, _NET_CLIENT_LIST_STACKING: 272, _NET_WM_PING: 273, _NET_WM_STATE: 274, _NET_WM_STATE_MAXIMIZED_VERT: 275, _NET_WM_STATE_MAXIMIZED_HORZ: 276, _NET_WM_STATE_HIDDEN: 277, _NET_WM_STATE_FULLSCREEN: 278, _NET_WM_STATE_FOCUSED: 279, _NET_SUPPORTING_WM_CHECK: 280, _XSETTINGS_SETTINGS: 281, _WL_SELECTION: 282, CLIPBOARD_MANAGER: 283, CLIPBOARD: 284, PRIMARY: 1, TARGETS: 285, TIMESTAMP: 286, INCR: 287, DELETE: 288, _XSETTINGS_S0: 289 }, state: Mutex { data: SharedSurfaceState { alive: true, wl_surface_id: None, wl_surface_serial: Some(1), mapped_onto: Some(2097158), geometry: Rectangle<smithay::utils::geometry::Logical> { x: 1280, y: 720, width: 1272, height: 688 }, override_redirect: false, wl_surface: Some(WlSurface { id: ObjectId(wl_surface@14[0], 17), version: 4, data: Some(Any { .. }), handle: WeakHandle { handle: WeakInnerHandle[rs] { .. } } }), title: "christoph@schleppi", class: "XTerm", instance: "xterm", startup_id: None, pid: Some(3117365), protocols: [DeleteWindow], hints: Some(WmHints { input: Some(true), initial_state: Some(Normal), icon_pixmap: Some(4194342), icon_window: None, icon_position: None, icon_mask: Some(4194344), window_group: None, urgent: false }), normal_hints: Some(WmSizeHints { position: None, size: Some((UserSpecified, 1272, 688)), min_size: Some((30, 27)), max_size: None, size_increment: Some((11, 23)), aspect: None, base_size: Some((19, 4)), win_gravity: Some(NORTH_WEST) }), transient_for: None, net_state: {279, 276, 275}, motif_hints: [0, 0, 0, 0, 0], window_type: [] }, poisoned: false, .. }, user_data: UserDataMap { list: AppendList(0x0) } }) [3mmods[0m[2m=[0mModifiersState { ctrl: false, alt: false, shift: false, caps_lock: false, logo: false, num_lock: false, iso_level3_shift: false, iso_level5_shift: false, serialized: SerializedMods { depressed: 0, latched: 0, locked: 0, layout_effective: 0 } }[1m}[0m[2m:[0m [2msmithay::input::keyboard[0m[2m:[0m [2m/home/christoph/.cargo/registry/src/index.crates.io-1949cf8c6b5b557f/smithay-0.7.0/src/input/keyboard/mod.rs[0m[2m:[0m[2m724:[0m new
[2m2026-09-25T18:33:55.530323Z[0m [32m INFO[0m ThreadId(01) [1minput_seat[0m[1m{[0m[3mname[0m[2m=[0m"wprs"[1m}[0m[2m:[0m[1madd_keyboard[0m[1m{[0m[3mxkb_config[0m[2m=[0mXkbConfig { rules: "", model: "", layout: "", variant: "", options: None } [3mrepeat_delay[0m[2m=[0m200 [3mrepeat_rate[0m[2m=[0m200[1m}[0m[2m:[0m[1minput_keyboard[0m[2m:[0m[1msend_keymap[0m[1m{[0m[3mfocus[0m[2m=[0mSome(X11Surface { xwm: Some(XwmId(0)), client_scale: Some(1.0), window: 4194322, conn: (Weak), atoms: Atoms { WL_SURFACE_ID: 240, WL_SURFACE_SERIAL: 241, _SMITHAY_CLOSE_CONNECTION: 242, UTF8_STRING: 243, TEXT: 244, WM_HINTS: 35, WM_PROTOCOLS: 245, WM_TAKE_FOCUS: 246, WM_DELETE_WINDOW: 247, WM_CHANGE_STATE: 248, _NET_WM_NAME: 249, _NET_WM_MOVERESIZE: 250, _NET_WM_PID: 251, _NET_WM_WINDOW_TYPE: 252, _NET_WM_WINDOW_TYPE_DROPDOWN_MENU: 253, _NET_WM_WINDOW_TYPE_DIALOG: 254, _NET_WM_WINDOW_TYPE_MENU: 255, _NET_WM_WINDOW_TYPE_NOTIFICATION: 256, _NET_WM_WINDOW_TYPE_NORMAL: 257, _NET_WM_WINDOW_TYPE_POPUP_MENU: 258, _NET_WM_WINDOW_TYPE_SPLASH: 259, _NET_WM_WINDOW_TYPE_TOOLBAR: 260, _NET_WM_WINDOW_TYPE_TOOLTIP: 261, _NET_WM_WINDOW_TYPE_UTILITY: 262, _NET_WM_STATE_MODAL: 263, _MOTIF_WM_HINTS: 264, _NET_STARTUP_ID: 265, WM_S0: 266, WM_STATE: 267, _NET_WM_CM_S0: 268, _NET_SUPPORTED: 269, _NET_ACTIVE_WINDOW: 270, _NET_CLIENT_LIST: 271, _NET_CLIENT_LIST_STACKING: 272, _NET_WM_PING: 273, _NET_WM_STATE: 274, _NET_WM_STATE_MAXIMIZED_VERT: 275, _NET_WM_STATE_MAXIMIZED_HORZ: 276, _NET_WM_STATE_HIDDEN: 277, _NET_WM_STATE_FULLSCREEN: 278, _NET_WM_STATE_FOCUSED: 279, _NET_SUPPORTING_WM_CHECK: 280, _XSETTINGS_SETTINGS: 281, _WL_SELECTION: 282, CLIPBOARD_MANAGER: 283, CLIPBOARD: 284, PRIMARY: 1, TARGETS: 285, TIMESTAMP: 286, INCR: 287, DELETE: 288, _XSETTINGS_S0: 289 }, state: Mutex { data: SharedSurfaceState { alive: true, wl_surface_id: None, wl_surface_serial: Some(1), mapped_onto: Some(2097158), geometry: Rectangle<smithay::utils::geometry::Logical> { x: 1280, y: 720, width: 1272, height: 688 }, override_redirect: false, wl_surface: Some(WlSurface { id: ObjectId(wl_surface@14[0], 17), version: 4, data: Some(Any { .. }), handle: WeakHandle { handle: WeakInnerHandle[rs] { .. } } }), title: "christoph@schleppi", class: "XTerm", instance: "xterm", startup_id: None, pid: Some(3117365), protocols: [DeleteWindow], hints: Some(WmHints { input: Some(true), initial_state: Some(Normal), icon_pixmap: Some(4194342), icon_window: None, icon_position: None, icon_mask: Some(4194344), window_group: None, urgent: false }), normal_hints: Some(WmSizeHints { position: None, size: Some((UserSpecified, 1272, 688)), min_size: Some((30, 27)), max_size: None, size_increment: Some((11, 23)), aspect: None, base_size: Some((19, 4)), win_gravity: Some(NORTH_WEST) }), transient_for: None, net_state: {279, 276, 275}, motif_hints: [0, 0, 0, 0, 0], window_type: [] }, poisoned: false, .. }, user_data: UserDataMap { list: AppendList(0x0) } }) [3mmods[0m[2m=[0mModifiersState { ctrl: false, alt: false, shift: false, caps_lock: false, logo: false, num_lock: false, iso_level3_shift: false, iso_level5_shift: false, serialized: SerializedMods { depressed: 0, latched: 0, locked: 0, layout_effective: 0 } }[1m}[0m[2m:[0m [2msmithay::input::keyboard[0m[2m:[0m [2m/home/christoph/.cargo/registry/src/index.crates.io-1949cf8c6b5b557f/smithay-0.7.0/src/input/keyboard/mod.rs[0m[2m:[0m[2m724:[0m close [3mtime.busy[0m[2m=[0m150ns [3mtime.idle[0m[2m=[0m19.1µs
[2m2026-09-25T18:33:55.530392Z[0m [32m INFO[0m ThreadId(01) [1minput_seat[0m[1m{[0m[3mname[0m[2m=[0m"wprs"[1m}[0m[2m:[0m[1madd_keyboard[0m[1m{[0m[3mxkb_config[0m[2m=[0mXkbConfig { rules: "", model: "", layout: "", variant: "", options: None } [3mrepeat_delay[0m[2m=[0m200 [3mrepeat_rate[0m[2m=[0m200[1m}[0m[2m:[0m[1minput_keyboard[0m[2m:[0m[1msend_keymap[0m[1m{[0m[3mfocus[0m[2m=[0mSome(X11Surface { xwm: Some(XwmId(0)), client_scale: Some(1.0), window: 4194322, conn: (Weak), atoms: Atoms { WL_SURFACE_ID: 240, WL_SURFACE_SERIAL: 241, _SMITHAY_CLOSE_CONNECTION: 242, UTF8_STRING: 243, TEXT: 244, WM_HINTS: 35, WM_PROTOCOLS: 245, WM_TAKE_FOCUS: 246, WM_DELETE_WINDOW: 247, WM_CHANGE_STATE: 248, _NET_WM_NAME: 249, _NET_WM_MOVERESIZE: 250, _NET_WM_PID: 251, _NET_WM_WINDOW_TYPE: 252, _NET_WM_WINDOW_TYPE_DROPDOWN_MENU: 253, _NET_WM_WINDOW_TYPE_DIALOG: 254, _NET_WM_WINDOW_TYPE_MENU: 255, _NET_WM_WINDOW_TYPE_NOTIFICATION: 256, _NET_WM_WINDOW_TYPE_NORMAL: 257, _NET_WM_WINDOW_TYPE_POPUP_MENU: 258, _NET_WM_WINDOW_TYPE_SPLASH: 259, _NET_WM_WINDOW_TYPE_TOOLBAR: 260, _NET_WM_WINDOW_TYPE_TOOLTIP: 261, _NET_WM_WINDOW_TYPE_UTILITY: 262, _NET_WM_STATE_MODAL: 263, _MOTIF_WM_HINTS: 264, _NET_STARTUP_ID: 265, WM_S0: 266, WM_STATE: 267, _NET_WM_CM_S0: 268, _NET_SUPPORTED: 269, _NET_ACTIVE_WINDOW: 270, _NET_CLIENT_LIST: 271, _NET_CLIENT_LIST_STACKING: 272, _NET_WM_PING: 273, _NET_WM_STATE: 274, _NET_WM_STATE_MAXIMIZED_VERT: 275, _NET_WM_STATE_MAXIMIZED_HORZ: 276, _NET_WM_STATE_HIDDEN: 277, _NET_WM_STATE_FULLSCREEN: 278, _NET_WM_STATE_FOCUSED: 279, _NET_SUPPORTING_WM_CHECK: 280, _XSETTINGS_SETTINGS: 281, _WL_SELECTION: 282, CLIPBOARD_MANAGER: 283, CLIPBOARD: 284, PRIMARY: 1, TARGETS: 285, TIMESTAMP: 286, INCR: 287, DELETE: 288, _XSETTINGS_S0: 289 }, state: Mutex { data: SharedSurfaceState { alive: true, wl_surface_id: None, wl_surface_serial: Some(1), mapped_onto: Some(2097158), geometry: Rectangle<smithay::utils::geometry::Logical> { x: 1280, y: 720, width: 1272, height: 688 }, override_redirect: false, wl_surface: Some(WlSurface { id: ObjectId(wl_surface@14[0], 17), version: 4, data: Some(Any { .. }), handle: WeakHandle { handle: WeakInnerHandle[rs] { .. } } }), title: "christoph@schleppi", class: "XTerm", instance: "xterm", startup_id: None, pid: Some(3117365), protocols: [DeleteWindow], hints: Some(WmHints { input: Some(true), initial_state: Some(Normal), icon_pixmap: Some(4194342), icon_window: None, icon_position: None, icon_mask: Some(4194344), window_group: None, urgent: false }), normal_hints: Some(WmSizeHints { position: None, size: Some((UserSpecified, 1272, 688)), min_size: Some((30, 27)), max_size: None, size_increment: Some((11, 23)), aspect: None, base_size: Some((19, 4)), win_gravity: Some(NORTH_WEST) }), transient_for: None, net_state: {279, 276, 275}, motif_hints: [0, 0, 0, 0, 0], window_type: [] }, poisoned: false, .. }, user_data: UserDataMap { list: AppendList(0x0) } }) [3mmods[0m[2m=[0mModifiersState { ctrl: false, alt: false, shift: false, caps_lock: false, logo: false, num_lock: false, iso_level3_shift: false, iso_level5_shift: false, serialized: SerializedMods { depressed: 0, latched: 0, locked: 0, layout_effective: 0 } }[1m}[0m[2m:[0m [2msmithay::input::keyboard[0m[2m:[0m [2m/home/christoph/.cargo/registry/src/index.crates.io-1949cf8c6b5b557f/smithay-0.7.0/src/input/keyboard/mod.rs[0m[2m:[0m[2m724:[0m new
[2m2026-09-25T18:33:55.530411Z[0m [32m INFO[0m ThreadId(01) [1minput_seat[0m[1m{[0m[3mname[0m[2m=[0m"wprs"[1m}[0m[2m:[0m[1madd_keyboard[0m[1m{[0m[3mxkb_config[0m[2m=[0mXkbConfig { rules: "", model: "", layout: "", variant: "", options: None } [3mrepeat_delay[0m[2m=[0m200 [3mrepeat_rate[0m[2m=[0m200[1m}[0m[2m:[0m[1minput_keyboard[0m[2m:[0m[1msend_keymap[0m[1m{[0m[3mfocus[0m[2m=[0mSome(X11Surface { xwm: Some(XwmId(0)), client_scale: Some(1.0), window: 4194322, conn: (Weak), atoms: Atoms { WL_SURFACE_ID: 240, WL_SURFACE_SERIAL: 241, _SMITHAY_CLOSE_CONNECTION: 242, UTF8_STRING: 243, TEXT: 244, WM_HINTS: 35, WM_PROTOCOLS: 245, WM_TAKE_FOCUS: 246, WM_DELETE_WINDOW: 247, WM_CHANGE_STATE: 248, _NET_WM_NAME: 249, _NET_WM_MOVERESIZE: 250, _NET_WM_PID: 251, _NET_WM_WINDOW_TYPE: 252, _NET_WM_WINDOW_TYPE_DROPDOWN_MENU: 253, _NET_WM_WINDOW_TYPE_DIALOG: 254, _NET_WM_WINDOW_TYPE_MENU: 255, _NET_WM_WINDOW_TYPE_NOTIFICATION: 256, _NET_WM_WINDOW_TYPE_NORMAL: 257, _NET_WM_WINDOW_TYPE_POPUP_MENU: 258, _NET_WM_WINDOW_TYPE_SPLASH: 259, _NET_WM_WINDOW_TYPE_TOOLBAR: 260, _NET_WM_WINDOW_TYPE_TOOLTIP: 261, _NET_WM_WINDOW_TYPE_UTILITY: 262, _NET_WM_STATE_MODAL: 263, _MOTIF_WM_HINTS: 264, _NET_STARTUP_ID: 265, WM_S0: 266, WM_STATE: 267, _NET_WM_CM_S0: 268, _NET_SUPPORTED: 269, _NET_ACTIVE_WINDOW: 270, _NET_CLIENT_LIST: 271, _NET_CLIENT_LIST_STACKING: 272, _NET_WM_PING: 273, _NET_WM_STATE: 274, _NET_WM_STATE_MAXIMIZED_VERT: 275, _NET_WM_STATE_MAXIMIZED_HORZ: 276, _NET_WM_STATE_HIDDEN: 277, _NET_WM_STATE_FULLSCREEN: 278, _NET_WM_STATE_FOCUSED: 279, _NET_SUPPORTING_WM_CHECK: 280, _XSETTINGS_SETTINGS: 281, _WL_SELECTION: 282, CLIPBOARD_MANAGER: 283, CLIPBOARD: 284, PRIMARY: 1, TARGETS: 285, TIMESTAMP: 286, INCR: 287, DELETE: 288, _XSETTINGS_S0: 289 }, state: Mutex { data: SharedSurfaceState { alive: true, wl_surface_id: None, wl_surface_serial: Some(1), mapped_onto: Some(2097158), geometry: Rectangle<smithay::utils::geometry::Logical> { x: 1280, y: 720, width: 1272, height: 688 }, override_redirect: false, wl_surface: Some(WlSurface { id: ObjectId(wl_surface@14[0], 17), version: 4, data: Some(Any { .. }), handle: WeakHandle { handle: WeakInnerHandle[rs] { .. } } }), title: "christoph@schleppi", class: "XTerm", instance: "xterm", startup_id: None, pid: Some(3117365), protocols: [DeleteWindow], hints: Some(WmHints { input: Some(true), initial_state: Some(Normal), icon_pixmap: Some(4194342), icon_window: None, icon_position: None, icon_mask: Some(4194344), window_group: None, urgent: false }), normal_hints: Some(WmSizeHints { position: None, size: Some((UserSpecified, 1272, 688)), min_size: Some((30, 27)), max_size: None, size_increment: Some((11, 23)), aspect: None, base_size: Some((19, 4)), win_gravity: Some(NORTH_WEST) }), transient_for: None, net_state: {279, 276, 275}, motif_hints: [0, 0, 0, 0, 0], window_type: [] }, poisoned: false, .. }, user_data: UserDataMap { list: AppendList(0x0) } }) [3mmods[0m[2m=[0mModifiersState { ctrl: false, alt: false, shift: false, caps_lock: false, logo: false, num_lock: false, iso_level3_shift: false, iso_level5_shift: false, serialized: SerializedMods { depressed: 0, latched: 0, locked: 0, layout_effective: 0 } }[1m}[0m[2m:[0m [2msmithay::input::keyboard[0m[2m:[0m [2m/home/christoph/.cargo/registry/src/index.crates.io-1949cf8c6b5b557f/smithay-0.7.0/src/input/keyboard/mod.rs[0m[2m:[0m[2m724:[0m close [3mtime.busy[0m[2m=[0m210ns [3mtime.idle[0m[2m=[0m19.0µs
[2m2026-09-25T18:33:55.530480Z[0m [32m INFO[0m ThreadId(01) [1minput_seat[0m[1m{[0m[3mname[0m[2m=[0m"wprs"[1m}[0m[2m:[0m[1madd_keyboard[0m[1m{[0m[3mxkb_config[0m[2m=[0mXkbConfig { rules: "", model: "", layout: "", variant: "", options: None } [3mrepeat_delay[0m[2m=[0m200 [3mrepeat_rate[0m[2m=[0m200[1m}[0m[2m:[0m[1minput_keyboard[0m[2m:[0m[1msend_keymap[0m[1m{[0m[3mfocus[0m[2m=[0mSome(X11Surface { xwm: Some(XwmId(0)), client_scale: Some(1.0), window: 4194322, conn: (Weak), atoms: Atoms { WL_SURFACE_ID: 240, WL_SURFACE_SERIAL: 241, _SMITHAY_CLOSE_CONNECTION: 242, UTF8_STRING: 243, TEXT: 244, WM_HINTS: 35, WM_PROTOCOLS: 245, WM_TAKE_FOCUS: 246, WM_DELETE_WINDOW: 247, WM_CHANGE_STATE: 248, _NET_WM_NAME: 249, _NET_WM_MOVERESIZE: 250, _NET_WM_PID: 251, _NET_WM_WINDOW_TYPE: 252, _NET_WM_WINDOW_TYPE_DROPDOWN_MENU: 253, _NET_WM_WINDOW_TYPE_DIALOG: 254, _NET_WM_WINDOW_TYPE_MENU: 255, _NET_WM_WINDOW_TYPE_NOTIFICATION: 256, _NET_WM_WINDOW_TYPE_NORMAL: 257, _NET_WM_WINDOW_TYPE_POPUP_MENU: 258, _NET_WM_WINDOW_TYPE_SPLASH: 259, _NET_WM_WINDOW_TYPE_TOOLBAR: 260, _NET_WM_WINDOW_TYPE_TOOLTIP: 261, _NET_WM_WINDOW_TYPE_UTILITY: 262, _NET_WM_STATE_MODAL: 263, _MOTIF_WM_HINTS: 264, _NET_STARTUP_ID: 265, WM_S0: 266, WM_STATE: 267, _NET_WM_CM_S0: 268, _NET_SUPPORTED: 269, _NET_ACTIVE_WINDOW: 270, _NET_CLIENT_LIST: 271, _NET_CLIENT_LIST_STACKING: 272, _NET_WM_PING: 273, _NET_WM_STATE: 274, _NET_WM_STATE_MAXIMIZED_VERT: 275, _NET_WM_STATE_MAXIMIZED_HORZ: 276, _NET_WM_STATE_HIDDEN: 277, _NET_WM_STATE_FULLSCREEN: 278, _NET_WM_STATE_FOCUSED: 279, _NET_SUPPORTING_WM_CHECK: 280, _XSETTINGS_SETTINGS: 281, _WL_SELECTION: 282, CLIPBOARD_MANAGER: 283, CLIPBOARD: 284, PRIMARY: 1, TARGETS: 285, TIMESTAMP: 286, INCR: 287, DELETE: 288, _XSETTINGS_S0: 289 }, state: Mutex { data: SharedSurfaceState { alive: true, wl_surface_id: None, wl_surface_serial: Some(1), mapped_onto: Some(2097158), geometry: Rectangle<smithay::utils::geometry::Logical> { x: 1280, y: 720, width: 1272, height: 688 }, override_redirect: false, wl_surface: Some(WlSurface { id: ObjectId(wl_surface@14[0], 17), version: 4, data: Some(Any { .. }), handle: WeakHandle { handle: WeakInnerHandle[rs] { .. } } }), title: "christoph@schleppi", class: "XTerm", instance: "xterm", startup_id: None, pid: Some(3117365), protocols: [DeleteWindow], hints: Some(WmHints { input: Some(true), initial_state: Some(Normal), icon_pixmap: Some(4194342), icon_window: None, icon_position: None, icon_mask: Some(4194344), window_group: None, urgent: false }), normal_hints: Some(WmSizeHints { position: None, size: Some((UserSpecified, 1272, 688)), min_size: Some((30, 27)), max_size: None, size_increment: Some((11, 23)), aspect: None, base_size: Some((19, 4)), win_gravity: Some(NORTH_WEST) }), transient_for: None, net_state: {279, 276, 275}, motif_hints: [0, 0, 0, 0, 0], window_type: [] }, poisoned: false, .. }, user_data: UserDataMap { list: AppendList(0x0) } }) [3mmods[0m[2m=[0mModifiersState { ctrl: false, alt: false, shift: false, caps_lock: false, logo: false, num_lock: false, iso_level3_shift: false, iso_level5_shift: false, serialized: SerializedMods { depressed: 0, latched: 0, locked: 0, layout_effective: 0 } }[1m}[0m[2m:[0m [2msmithay::input::keyboard[0m[2m:[0m [2m/home/christoph/.cargo/registry/src/index.crates.io-1949cf8c6b5b557f/smithay-0.7.0/src/input/keyboard/mod.rs[0m[2m:[0m[2m724:[0m new
[2m2026-09-25T18:33:55.530494Z[0m [32m INFO[0m ThreadId(01) [1minput_seat[0m[1m{[0m[3mname[0m[2m=[0m"wprs"[1m}[0m[2m:[0m[1madd_keyboard[0m[1m{[0m[3mxkb_config[0m[2m=[0mXkbConfig { rules: "", model: "", layout: "", variant: "", options: None } [3mrepeat_delay[0m[2m=[0m200 [3mrepeat_rate[0m[2m=[0m200[1m}[0m[2m:[0m[1minput_keyboard[0m[2m:[0m[1msend_keymap[0m[1m{[0m[3mfocus[0m[2m=[0mSome(X11Surface { xwm: Some(XwmId(0)), client_scale: Some(1.0), window: 4194322, conn: (Weak), atoms: Atoms { WL_SURFACE_ID: 240, WL_SURFACE_SERIAL: 241, _SMITHAY_CLOSE_CONNECTION: 242, UTF8_STRING: 243, TEXT: 244, WM_HINTS: 35, WM_PROTOCOLS: 245, WM_TAKE_FOCUS: 246, WM_DELETE_WINDOW: 247, WM_CHANGE_STATE: 248, _NET_WM_NAME: 249, _NET_WM_MOVERESIZE: 250, _NET_WM_PID: 251, _NET_WM_WINDOW_TYPE: 252, _NET_WM_WINDOW_TYPE_DROPDOWN_MENU: 253, _NET_WM_WINDOW_TYPE_DIALOG: 254, _NET_WM_WINDOW_TYPE_MENU: 255, _NET_WM_WINDOW_TYPE_NOTIFICATION: 256, _NET_WM_WINDOW_TYPE_NORMAL: 257, _NET_WM_WINDOW_TYPE_POPUP_MENU: 258, _NET_WM_WINDOW_TYPE_SPLASH: 259, _NET_WM_WINDOW_TYPE_TOOLBAR: 260, _NET_WM_WINDOW_TYPE_TOOLTIP: 261, _NET_WM_WINDOW_TYPE_UTILITY: 262, _NET_WM_STATE_MODAL: 263, _MOTIF_WM_HINTS: 264, _NET_STARTUP_ID: 265, WM_S0: 266, WM_STATE: 267, _NET_WM_CM_S0: 268, _NET_SUPPORTED: 269, _NET_ACTIVE_WINDOW: 270, _NET_CLIENT_LIST: 271, _NET_CLIENT_LIST_STACKING: 272, _NET_WM_PING: 273, _NET_WM_STATE: 274, _NET_WM_STATE_MAXIMIZED_VERT: 275, _NET_WM_STATE_MAXIMIZED_HORZ: 276, _NET_WM_STATE_HIDDEN: 277, _NET_WM_STATE_FULLSCREEN: 278, _NET_WM_STATE_FOCUSED: 279, _NET_SUPPORTING_WM_CHECK: 280, _XSETTINGS_SETTINGS: 281, _WL_SELECTION: 282, CLIPBOARD_MANAGER: 283, CLIPBOARD: 284, PRIMARY: 1, TARGETS: 285, TIMESTAMP: 286, INCR: 287, DELETE: 288, _XSETTINGS_S0: 289 }, state: Mutex { data: SharedSurfaceState { alive: true, wl_surface_id: None, wl_surface_serial: Some(1), mapped_onto: Some(2097158), geometry: Rectangle<smithay::utils::geometry::Logical> { x: 1280, y: 720, width: 1272, height: 688 }, override_redirect: false, wl_surface: Some(WlSurface { id: ObjectId(wl_surface@14[0], 17), version: 4, data: Some(Any { .. }), handle: WeakHandle { handle: WeakInnerHandle[rs] { .. } } }), title: "christoph@schleppi", class: "XTerm", instance: "xterm", startup_id: None, pid: Some(3117365), protocols: [DeleteWindow], hints: Some(WmHints { input: Some(true), initial_state: Some(Normal), icon_pixmap: Some(4194342), icon_window: None, icon_position: None, icon_mask: Some(4194344), window_group: None, urgent: false }), normal_hints: Some(WmSizeHints { position: None, size: Some((UserSpecified, 1272, 688)), min_size: Some((30, 27)), max_size: None, size_increment: Some((11, 23)), aspect: None, base_size: Some((19, 4)), win_gravity: Some(NORTH_WEST) }), transient_for: None, net_state: {279, 276, 275}, motif_hints: [0, 0, 0, 0, 0], window_type: [] }, poisoned: false, .. }, user_data: UserDataMap { list: AppendList(0x0) } }) [3mmods[0m[2m=[0mModifiersState { ctrl: false, alt: false, shift: false, caps_lock: false, logo: false, num_lock: false, iso_level3_shift: false, iso_level5_shift: false, serialized: SerializedMods { depressed: 0, latched: 0, locked: 0, layout_effective: 0 } }[1m}[0m[2m:[0m [2msmithay::input::keyboard[0m[2m:[0m [2m/home/christoph/.cargo/registry/src/index.crates.io-1949cf8c6b5b557f/smithay-0.7.0/src/input/keyboard/mod.rs[0m[2m:[0m[2m724:[0m close [3mtime.busy[0m[2m=[0m170ns [3mtime.idle[0m[2m=[0m14.0µs
[2m2026-09-25T18:33:55.530561Z[0m [32m INFO[0m ThreadId(01) [1minput_seat[0m[1m{[0m[3mname[0m[2m=[0m"wprs"[1m}[0m[2m:[0m[1madd_keyboard[0m[1m{[0m[3mxkb_config[0m[2m=[0mXkbConfig { rules: "", model: "", layout: "", variant: "", options: None } [3mrepeat_delay[0m[2m=[0m200 [3mrepeat_rate[0m[2m=[0m200[1m}[0m[2m:[0m[1minput_keyboard[0m[2m:[0m[1msend_keymap[0m[1m{[0m[3mfocus[0m[2m=[0mSome(X11Surface { xwm: Some(XwmId(0)), client_scale: Some(1.0), window: 4194322, conn: (Weak), atoms: Atoms { WL_SURFACE_ID: 240, WL_SURFACE_SERIAL: 241, _SMITHAY_CLOSE_CONNECTION: 242, UTF8_STRING: 243, TEXT: 244, WM_HINTS: 35, WM_PROTOCOLS: 245, WM_TAKE_FOCUS: 246, WM_DELETE_WINDOW: 247, WM_CHANGE_STATE: 248, _NET_WM_NAME: 249, _NET_WM_MOVERESIZE: 250, _NET_WM_PID: 251, _NET_WM_WINDOW_TYPE: 252, _NET_WM_WINDOW_TYPE_DROPDOWN_MENU: 253, _NET_WM_WINDOW_TYPE_DIALOG: 254, _NET_WM_WINDOW_TYPE_MENU: 255, _NET_WM_WINDOW_TYPE_NOTIFICATION: 256, _NET_WM_WINDOW_TYPE_NORMAL: 257, _NET_WM_WINDOW_TYPE_POPUP_MENU: 258, _NET_WM_WINDOW_TYPE_SPLASH: 259, _NET_WM_WINDOW_TYPE_TOOLBAR: 260, _NET_WM_WINDOW_TYPE_TOOLTIP: 261, _NET_WM_WINDOW_TYPE_UTILITY: 262, _NET_WM_STATE_MODAL: 263, _MOTIF_WM_HINTS: 264, _NET_STARTUP_ID: 265, WM_S0: 266, WM_STATE: 267, _NET_WM_CM_S0: 268, _NET_SUPPORTED: 269, _NET_ACTIVE_WINDOW: 270, _NET_CLIENT_LIST: 271, _NET_CLIENT_LIST_STACKING: 272, _NET_WM_PING: 273, _NET_WM_STATE: 274, _NET_WM_STATE_MAXIMIZED_VERT: 275, _NET_WM_STATE_MAXIMIZED_HORZ: 276, _NET_WM_STATE_HIDDEN: 277, _NET_WM_STATE_FULLSCREEN: 278, _NET_WM_STATE_FOCUSED: 279, _NET_SUPPORTING_WM_CHECK: 280, _XSETTINGS_SETTINGS: 281, _WL_SELECTION: 282, CLIPBOARD_MANAGER: 283, CLIPBOARD: 284, PRIMARY: 1, TARGETS: 285, TIMESTAMP: 286, INCR: 287, DELETE: 288, _XSETTINGS_S0: 289 }, state: Mutex { data: SharedSurfaceState { alive: true, wl_surface_id: None, wl_surface_serial: Some(1), mapped_onto: Some(2097158), geometry: Rectangle<smithay::utils::geometry::Logical> { x: 1280, y: 720, width: 1272, height: 688 }, override_redirect: false, wl_surface: Some(WlSurface { id: ObjectId(wl_surface@14[0], 17), version: 4, data: Some(Any { .. }), handle: WeakHandle { handle: WeakInnerHandle[rs] { .. } } }), title: "christoph@schleppi", class: "XTerm", instance: "xterm", startup_id: None, pid: Some(3117365), protocols: [DeleteWindow], hints: Some(WmHints { input: Some(true), initial_state: Some(Normal), icon_pixmap: Some(4194342), icon_window: None, icon_position: None, icon_mask: Some(4194344), window_group: None, urgent: false }), normal_hints: Some(WmSizeHints { position: None, size: Some((UserSpecified, 1272, 688)), min_size: Some((30, 27)), max_size: None, size_increment: Some((11, 23)), aspect: None, base_size: Some((19, 4)), win_gravity: Some(NORTH_WEST) }), transient_for: None, net_state: {279, 276, 275}, motif_hints: [0, 0, 0, 0, 0], window_type: [] }, poisoned: false, .. }, user_data: UserDataMap { list: AppendList(0x0) } }) [3mmods[0m[2m=[0mModifiersState { ctrl: false, alt: false, shift: false, caps_lock: false, logo: false, num_lock: false, iso_level3_shift: false, iso_level5_shift: false, serialized: SerializedMods { depressed: 0, latched: 0, locked: 0, layout_effective: 0 } }[1m}[0m[2m:[0m [2msmithay::input::keyboard[0m[2m:[0m [2m/home/christoph/.cargo/registry/src/index.crates.io-1949cf8c6b5b557f/smithay-0.7.0/src/input/keyboard/mod.rs[0m[2m:[0m[2m724:[0m new
[2m2026-09-25T18:33:55.530581Z[0m [32m INFO[0m ThreadId(01) [1minput_seat[0m[1m{[0m[3mname[0m[2m=[0m"wprs"[1m}[0m[2m:[0m[1madd_keyboard[0m[1m{[0m[3mxkb_config[0m[2m=[0mXkbConfig { rules: "", model: "", layout: "", variant: "", options: None } [3mrepeat_delay[0m[2m=[0m200 [3mrepeat_rate[0m[2m=[0m200[1m}[0m[2m:[0m[1minput_keyboard[0m[2m:[0m[1msend_keymap[0m[1m{[0m[3mfocus[0m[2m=[0mSome(X11Surface { xwm: Some(XwmId(0)), client_scale: Some(1.0), window: 4194322, conn: (Weak), atoms: Atoms { WL_SURFACE_ID: 240, WL_SURFACE_SERIAL: 241, _SMITHAY_CLOSE_CONNECTION: 242, UTF8_STRING: 243, TEXT: 244, WM_HINTS: 35, WM_PROTOCOLS: 245, WM_TAKE_FOCUS: 246, WM_DELETE_WINDOW: 247, WM_CHANGE_STATE: 248, _NET_WM_NAME: 249, _NET_WM_MOVERESIZE: 250, _NET_WM_PID: 251, _NET_WM_WINDOW_TYPE: 252, _NET_WM_WINDOW_TYPE_DROPDOWN_MENU: 253, _NET_WM_WINDOW_TYPE_DIALOG: 254, _NET_WM_WINDOW_TYPE_MENU: 255, _NET_WM_WINDOW_TYPE_NOTIFICATION: 256, _NET_WM_WINDOW_TYPE_NORMAL: 257, _NET_WM_WINDOW_TYPE_POPUP_MENU: 258, _NET_WM_WINDOW_TYPE_SPLASH: 259, _NET_WM_WINDOW_TYPE_TOOLBAR: 260, _NET_WM_WINDOW_TYPE_TOOLTIP: 261, _NET_WM_WINDOW_TYPE_UTILITY: 262, _NET_WM_STATE_MODAL: 263, _MOTIF_WM_HINTS: 264, _NET_STARTUP_ID: 265, WM_S0: 266, WM_STATE: 267, _NET_WM_CM_S0: 268, _NET_SUPPORTED: 269, _NET_ACTIVE_WINDOW: 270, _NET_CLIENT_LIST: 271, _NET_CLIENT_LIST_STACKING: 272, _NET_WM_PING: 273, _NET_WM_STATE: 274, _NET_WM_STATE_MAXIMIZED_VERT: 275, _NET_WM_STATE_MAXIMIZED_HORZ: 276, _NET_WM_STATE_HIDDEN: 277, _NET_WM_STATE_FULLSCREEN: 278, _NET_WM_STATE_FOCUSED: 279, _NET_SUPPORTING_WM_CHECK: 280, _XSETTINGS_SETTINGS: 281, _WL_SELECTION: 282, CLIPBOARD_MANAGER: 283, CLIPBOARD: 284, PRIMARY: 1, TARGETS: 285, TIMESTAMP: 286, INCR: 287, DELETE: 288, _XSETTINGS_S0: 289 }, state: Mutex { data: SharedSurfaceState { alive: true, wl_surface_id: None, wl_surface_serial: Some(1), mapped_onto: Some(2097158), geometry: Rectangle<smithay::utils::geometry::Logical> { x: 1280, y: 720, width: 1272, height: 688 }, override_redirect: false, wl_surface: Some(WlSurface { id: ObjectId(wl_surface@14[0], 17), version: 4, data: Some(Any { .. }), handle: WeakHandle { handle: WeakInnerHandle[rs] { .. } } }), title: "christoph@schleppi", class: "XTerm", instance: "xterm", startup_id: None, pid: Some(3117365), protocols: [DeleteWindow], hints: Some(WmHints { input: Some(true), initial_state: Some(Normal), icon_pixmap: Some(4194342), icon_window: None, icon_position: None, icon_mask: Some(4194344), window_group: None, urgent: false }), normal_hints: Some(WmSizeHints { position: None, size: Some((UserSpecified, 1272, 688)), min_size: Some((30, 27)), max_size: None, size_increment: Some((11, 23)), aspect: None, base_size: Some((19, 4)), win_gravity: Some(NORTH_WEST) }), transient_for: None, net_state: {279, 276, 275}, motif_hints: [0, 0, 0, 0, 0], window_type: [] }, poisoned: false, .. }, user_data: UserDataMap { list: AppendList(0x0) } }) [3mmods[0m[2m=[0mModifiersState { ctrl: false, alt: false, shift: false, caps_lock: false, logo: false, num_lock: false, iso_level3_shift: false, iso_level5_shift: false, serialized: SerializedMods { depressed: 0, latched: 0, locked: 0, layout_effective: 0 } }[1m}[0m[2m:[0m [2msmithay::input::keyboard[0m[2m:[0m [2m/home/christoph/.cargo/registry/src/index.crates.io-1949cf8c6b5b557f/smithay-0.7.0/src/input/keyboard/mod.rs[0m[2m:[0m[2m724:[0m close [3mtime.busy[0m[2m=[0m191ns [3mtime.idle[0m[2m=[0m19.3µs
[2m2026-09-25T18:33:55.530649Z[0m [32m INFO[0m ThreadId(01) [1minput_seat[0m[1m{[0m[3mname[0m[2m=[0m"wprs"[1m}[0m[2m:[0m[1madd_keyboard[0m[1m{[0m[3mxkb_config[0m[2m=[0mXkbConfig { rules: "", model: "", layout: "", variant: "", options: None } [3mrepeat_delay[0m[2m=[0m200 [3mrepeat_rate[0m[2m=[0m200[1m}[0m[2m:[0m[1minput_keyboard[0m[2m:[0m[1msend_keymap[0m[1m{[0m[3mfocus[0m[2m=[0mSome(X11Surface { xwm: Some(XwmId(0)), client_scale: Some(1.0), window: 4194322, conn: (Weak), atoms: Atoms { WL_SURFACE_ID: 240, WL_SURFACE_SERIAL: 241, _SMITHAY_CLOSE_CONNECTION: 242, UTF8_STRING: 243, TEXT: 244, WM_HINTS: 35, WM_PROTOCOLS: 245, WM_TAKE_FOCUS: 246, WM_DELETE_WINDOW: 247, WM_CHANGE_STATE: 248, _NET_WM_NAME: 249, _NET_WM_MOVERESIZE: 250, _NET_WM_PID: 251, _NET_WM_WINDOW_TYPE: 252, _NET_WM_WINDOW_TYPE_DROPDOWN_MENU: 253, _NET_WM_WINDOW_TYPE_DIALOG: 254, _NET_WM_WINDOW_TYPE_MENU: 255, _NET_WM_WINDOW_TYPE_NOTIFICATION: 256, _NET_WM_WINDOW_TYPE_NORMAL: 257, _NET_WM_WINDOW_TYPE_POPUP_MENU: 258, _NET_WM_WINDOW_TYPE_SPLASH: 259, _NET_WM_WINDOW_TYPE_TOOLBAR: 260, _NET_WM_WINDOW_TYPE_TOOLTIP: 261, _NET_WM_WINDOW_TYPE_UTILITY: 262, _NET_WM_STATE_MODAL: 263, _MOTIF_WM_HINTS: 264, _NET_STARTUP_ID: 265, WM_S0: 266, WM_STATE: 267, _NET_WM_CM_S0: 268, _NET_SUPPORTED: 269, _NET_ACTIVE_WINDOW: 270, _NET_CLIENT_LIST: 271, _NET_CLIENT_LIST_STACKING: 272, _NET_WM_PING: 273, _NET_WM_STATE: 274, _NET_WM_STATE_MAXIMIZED_VERT: 275, _NET_WM_STATE_MAXIMIZED_HORZ: 276, _NET_WM_STATE_HIDDEN: 277, _NET_WM_STATE_FULLSCREEN: 278, _NET_WM_STATE_FOCUSED: 279, _NET_SUPPORTING_WM_CHECK: 280, _XSETTINGS_SETTINGS: 281, _WL_SELECTION: 282, CLIPBOARD_MANAGER: 283, CLIPBOARD: 284, PRIMARY: 1, TARGETS: 285, TIMESTAMP: 286, INCR: 287, DELETE: 288, _XSETTINGS_S0: 289 }, state: Mutex { data: SharedSurfaceState { alive: true, wl_surface_id: None, wl_surface_serial: Some(1), mapped_onto: Some(2097158), geometry: Rectangle<smithay::utils::geometry::Logical> { x: 1280, y: 720, width: 1272, height: 688 }, override_redirect: false, wl_surface: Some(WlSurface { id: ObjectId(wl_surface@14[0], 17), version: 4, data: Some(Any { .. }), handle: WeakHandle { handle: WeakInnerHandle[rs] { .. } } }), title: "christoph@schleppi", class: "XTerm", instance: "xterm", startup_id: None, pid: Some(3117365), protocols: [DeleteWindow], hints: Some(WmHints { input: Some(true), initial_state: Some(Normal), icon_pixmap: Some(4194342), icon_window: None, icon_position: None, icon_mask: Some(4194344), window_group: None, urgent: false }), normal_hints: Some(WmSizeHints { position: None, size: Some((UserSpecified, 1272, 688)), min_size: Some((30, 27)), max_size: None, size_increment: Some((11, 23)), aspect: None, base_size: Some((19, 4)), win_gravity: Some(NORTH_WEST) }), transient_for: None, net_state: {279, 276, 275}, motif_hints: [0, 0, 0, 0, 0], window_type: [] }, poisoned: false, .. }, user_data: UserDataMap { list: AppendList(0x0) } }) [3mmods[0m[2m=[0mModifiersState { ctrl: false, alt: false, shift: false, caps_lock: false, logo: false, num_lock: false, iso_level3_shift: false, iso_level5_shift: false, serialized: SerializedMods { depressed: 0, latched: 0, locked: 0, layout_effective: 0 } }[1m}[0m[2m:[0m [2msmithay::input::keyboard[0m[2m:[0m [2m/home/christoph/.cargo/registry/src/index.crates.io-1949cf8c6b5b557f/smithay-0.7.0/src/input/keyboard/mod.rs[0m[2m:[0m[2m724:[0m new
[2m2026-09-25T18:33:55.530680Z[0m [32m INFO[0m ThreadId(01) [1minput_seat[0m[1m{[0m[3mname[0m[2m=[0m"wprs"[1m}[0m[2m:[0m[1madd_keyboard[0m[1m{[0m[3mxkb_config[0m[2m=[0mXkbConfig { rules: "", model: "", layout: "", variant: "", options: None } [3mrepeat_delay[0m[2m=[0m200 [3mrepeat_rate[0m[2m=[0m200[1m}[0m[2m:[0m[1minput_keyboard[0m[2m:[0m[1msend_keymap[0m[1m{[0m[3mfocus[0m[2m=[0mSome(X11Surface { xwm: Some(XwmId(0)), client_scale: Some(1.0), window: 4194322, conn: (Weak), atoms: Atoms { WL_SURFACE_ID: 240, WL_SURFACE_SERIAL: 241, _SMITHAY_CLOSE_CONNECTION: 242, UTF8_STRING: 243, TEXT: 244, WM_HINTS: 35, WM_PROTOCOLS: 245, WM_TAKE_FOCUS: 246, WM_DELETE_WINDOW: 247, WM_CHANGE_STATE: 248, _NET_WM_NAME: 249, _NET_WM_MOVERESIZE: 250, _NET_WM_PID: 251, _NET_WM_WINDOW_TYPE: 252, _NET_WM_WINDOW_TYPE_DROPDOWN_MENU: 253, _NET_WM_WINDOW_TYPE_DIALOG: 254, _NET_WM_WINDOW_TYPE_MENU: 255, _NET_WM_WINDOW_TYPE_NOTIFICATION: 256, _NET_WM_WINDOW_TYPE_NORMAL: 257, _NET_WM_WINDOW_TYPE_POPUP_MENU: 258, _NET_WM_WINDOW_TYPE_SPLASH: 259, _NET_WM_WINDOW_TYPE_TOOLBAR: 260, _NET_WM_WINDOW_TYPE_TOOLTIP: 261, _NET_WM_WINDOW_TYPE_UTILITY: 262, _NET_WM_STATE_MODAL: 263, _MOTIF_WM_HINTS: 264, _NET_STARTUP_ID: 265, WM_S0: 266, WM_STATE: 267, _NET_WM_CM_S0: 268, _NET_SUPPORTED: 269, _NET_ACTIVE_WINDOW: 270, _NET_CLIENT_LIST: 271, _NET_CLIENT_LIST_STACKING: 272, _NET_WM_PING: 273, _NET_WM_STATE: 274, _NET_WM_STATE_MAXIMIZED_VERT: 275, _NET_WM_STATE_MAXIMIZED_HORZ: 276, _NET_WM_STATE_HIDDEN: 277, _NET_WM_STATE_FULLSCREEN: 278, _NET_WM_STATE_FOCUSED: 279, _NET_SUPPORTING_WM_CHECK: 280, _XSETTINGS_SETTINGS: 281, _WL_SELECTION: 282, CLIPBOARD_MANAGER: 283, CLIPBOARD: 284, PRIMARY: 1, TARGETS: 285, TIMESTAMP: 286, INCR: 287, DELETE: 288, _XSETTINGS_S0: 289 }, state: Mutex { data: SharedSurfaceState { alive: true, wl_surface_id: None, wl_surface_serial: Some(1), mapped_onto: Some(2097158), geometry: Rectangle<smithay::utils::geometry::Logical> { x: 1280, y: 720, width: 1272, height: 688 }, override_redirect: false, wl_surface: Some(WlSurface { id: ObjectId(wl_surface@14[0], 17), version: 4, data: Some(Any { .. }), handle: WeakHandle { handle: WeakInnerHandle[rs] { .. } } }), title: "christoph@schleppi", class: "XTerm", instance: "xterm", startup_id: None, pid: Some(3117365), protocols: [DeleteWindow], hints: Some(WmHints { input: Some(true), initial_state: Some(Normal), icon_pixmap: Some(4194342), icon_window: None, icon_position: None, icon_mask: Some(4194344), window_group: None, urgent: false }), normal_hints: Some(WmSizeHints { position: None, size: Some((UserSpecified, 1272, 688)), min_size: Some((30, 27)), max_size: None, size_increment: Some((11, 23)), aspect: None, base_size: Some((19, 4)), win_gravity: Some(NORTH_WEST) }), transient_for: None, net_state: {279, 276, 275}, motif_hints: [0, 0, 0, 0, 0], window_type: [] }, poisoned: false, .. }, user_data: UserDataMap { list: AppendList(0x0) } }) [3mmods[0m[2m=[0mModifiersState { ctrl: false, alt: false, shift: false, caps_lock: false, logo: false, num_lock: false, iso_level3_shift: false, iso_level5_shift: false, serialized: SerializedMods { depressed: 0, latched: 0, locked: 0, layout_effective: 0 } }[1m}[0m[2m:[0m [2msmithay::input::keyboard[0m[2m:[0m [2m/home/christoph/.cargo/registry/src/index.crates.io-1949cf8c6b5b557f/smithay-0.7.0/src/input/keyboard/mod.rs[0m[2m:[0m[2m724:[0m close [3mtime.busy[0m[2m=[0m290ns [3mtime.idle[0m[2m=[0m30.4µs
[2m2026-09-25T18:33:55.530754Z[0m [32m INFO[0m ThreadId(01) [1minput_seat[0m[1m{[0m[3mname[0m[2m=[0m"wprs"[1m}[0m[2m:[0m[1madd_keyboard[0m[1m{[0m[3mxkb_config[0m[2m=[0mXkbConfig { rules: "", model: "", layout: "", variant: "", options: None } [3mrepeat_delay[0m[2m=[0m200 [3mrepeat_rate[0m[2m=[0m200[1m}[0m[2m:[0m[1minput_keyboard[0m[2m:[0m[1msend_keymap[0m[1m{[0m[3mfocus[0m[2m=[0mSome(X11Surface { xwm: Some(XwmId(0)), client_scale: Some(1.0), window: 4194322, conn: (Weak), atoms: Atoms { WL_SURFACE_ID: 240, WL_SURFACE_SERIAL: 241, _SMITHAY_CLOSE_CONNECTION: 242, UTF8_STRING: 243, TEXT: 244, WM_HINTS: 35, WM_PROTOCOLS: 245, WM_TAKE_FOCUS: 246, WM_DELETE_WINDOW: 247, WM_CHANGE_STATE: 248, _NET_WM_NAME: 249, _NET_WM_MOVERESIZE: 250, _NET_WM_PID: 251, _NET_WM_WINDOW_TYPE: 252, _NET_WM_WINDOW_TYPE_DROPDOWN_MENU: 253, _NET_WM_WINDOW_TYPE_DIALOG: 254, _NET_WM_WINDOW_TYPE_MENU: 255, _NET_WM_WINDOW_TYPE_NOTIFICATION: 256, _NET_WM_WINDOW_TYPE_NORMAL: 257, _NET_WM_WINDOW_TYPE_POPUP_MENU: 258, _NET_WM_WINDOW_TYPE_SPLASH: 259, _NET_WM_WINDOW_TYPE_TOOLBAR: 260, _NET_WM_WINDOW_TYPE_TOOLTIP: 261, _NET_WM_WINDOW_TYPE_UTILITY: 262, _NET_WM_STATE_MODAL: 263, _MOTIF_WM_HINTS: 264, _NET_STARTUP_ID: 265, WM_S0: 266, WM_STATE: 267, _NET_WM_CM_S0: 268, _NET_SUPPORTED: 269, _NET_ACTIVE_WINDOW: 270, _NET_CLIENT_LIST: 271, _NET_CLIENT_LIST_STACKING: 272, _NET_WM_PING: 273, _NET_WM_STATE: 274, _NET_WM_STATE_MAXIMIZED_VERT: 275, _NET_WM_STATE_MAXIMIZED_HORZ: 276, _NET_WM_STATE_HIDDEN: 277, _NET_WM_STATE_FULLSCREEN: 278, _NET_WM_STATE_FOCUSED: 279, _NET_SUPPORTING_WM_CHECK: 280, _XSETTINGS_SETTINGS: 281, _WL_SELECTION: 282, CLIPBOARD_MANAGER: 283, CLIPBOARD: 284, PRIMARY: 1, TARGETS: 285, TIMESTAMP: 286, INCR: 287, DELETE: 288, _XSETTINGS_S0: 289 }, state: Mutex { data: SharedSurfaceState { alive: true, wl_surface_id: None, wl_surface_serial: Some(1), mapped_onto: Some(2097158), geometry: Rectangle<smithay::utils::geometry::Logical> { x: 1280, y: 720, width: 1272, height: 688 }, override_redirect: false, wl_surface: Some(WlSurface { id: ObjectId(wl_surface@14[0], 17), version: 4, data: Some(Any { .. }), handle: WeakHandle { handle: WeakInnerHandle[rs] { .. } } }), title: "christoph@schleppi", class: "XTerm", instance: "xterm", startup_id: None, pid: Some(3117365), protocols: [DeleteWindow], hints: Some(WmHints { input: Some(true), initial_state: Some(Normal), icon_pixmap: Some(4194342), icon_window: None, icon_position: None, icon_mask: Some(4194344), window_group: None, urgent: false }), normal_hints: Some(WmSizeHints { position: None, size: Some((UserSpecified, 1272, 688)), min_size: Some((30, 27)), max_size: None, size_increment: Some((11, 23)), aspect: None, base_size: Some((19, 4)), win_gravity: Some(NORTH_WEST) }), transient_for: None, net_state: {279, 276, 275}, motif_hints: [0, 0, 0, 0, 0], window_type: [] }, poisoned: false, .. }, user_data: UserDataMap { list: AppendList(0x0) } }) [3mmods[0m[2m=[0mModifiersState { ctrl: false, alt: false, shift: false, caps_lock: false, logo: false, num_lock: false, iso_level3_shift: false, iso_level5_shift: false, serialized: SerializedMods { depressed: 0, latched: 0, locked: 0, layout_effective: 0 } }[1m}[0m[2m:[0m [2msmithay::input::keyboard[0m[2m:[0m [2m/home/christoph/.cargo/registry/src/index.crates.io-1949cf8c6b5b557f/smithay-0.7.0/src/input/keyboard/mod.rs[0m[2m:[0m[2m724:[0m new
[2m2026-09-25T18:33:55.530768Z[0m [32m INFO[0m ThreadId(01) [1minput_seat[0m[1m{[0m[3mname[0m[2m=[0m"wprs"[1m}[0m[2m:[0m[1madd_keyboard[0m[1m{[0m[3mxkb_config[0m[2m=[0mXkbConfig { rules: "", model: "", layout: "", variant: "", options: None } [3mrepeat_delay[0m[2m=[0m200 [3mrepeat_rate[0m[2m=[0m200[1m}[0m[2m:[0m[1minput_keyboard[0m[2m:[0m[1msend_keymap[0m[1m{[0m[3mfocus[0m[2m=[0mSome(X11Surface { xwm: Some(XwmId(0)), client_scale: Some(1.0), window: 4194322, conn: (Weak), atoms: Atoms { WL_SURFACE_ID: 240, WL_SURFACE_SERIAL: 241, _SMITHAY_CLOSE_CONNECTION: 242, UTF8_STRING: 243, TEXT: 244, WM_HINTS: 35, WM_PROTOCOLS: 245, WM_TAKE_FOCUS: 246, WM_DELETE_WINDOW: 247, WM_CHANGE_STATE: 248, _NET_WM_NAME: 249, _NET_WM_MOVERESIZE: 250, _NET_WM_PID: 251, _NET_WM_WINDOW_TYPE: 252, _NET_WM_WINDOW_TYPE_DROPDOWN_MENU: 253, _NET_WM_WINDOW_TYPE_DIALOG: 254, _NET_WM_WINDOW_TYPE_MENU: 255, _NET_WM_WINDOW_TYPE_NOTIFICATION: 256, _NET_WM_WINDOW_TYPE_NORMAL: 257, _NET_WM_WINDOW_TYPE_POPUP_MENU: 258, _NET_WM_WINDOW_TYPE_SPLASH: 259, _NET_WM_WINDOW_TYPE_TOOLBAR: 260, _NET_WM_WINDOW_TYPE_TOOLTIP: 261, _NET_WM_WINDOW_TYPE_UTILITY: 262, _NET_WM_STATE_MODAL: 263, _MOTIF_WM_HINTS: 264, _NET_STARTUP_ID: 265, WM_S0: 266, WM_STATE: 267, _NET_WM_CM_S0: 268, _NET_SUPPORTED: 269, _NET_ACTIVE_WINDOW: 270, _NET_CLIENT_LIST: 271, _NET_CLIENT_LIST_STACKING: 272, _NET_WM_PING: 273, _NET_WM_STATE: 274, _NET_WM_STATE_MAXIMIZED_VERT: 275, _NET_WM_STATE_MAXIMIZED_HORZ: 276, _NET_WM_STATE_HIDDEN: 277, _NET_WM_STATE_FULLSCREEN: 278, _NET_WM_STATE_FOCUSED: 279, _NET_SUPPORTING_WM_CHECK: 280, _XSETTINGS_SETTINGS: 281, _WL_SELECTION: 282, CLIPBOARD_MANAGER: 283, CLIPBOARD: 284, PRIMARY: 1, TARGETS: 285, TIMESTAMP: 286, INCR: 287, DELETE: 288, _XSETTINGS_S0: 289 }, state: Mutex { data: SharedSurfaceState { alive: true, wl_surface_id: None, wl_surface_serial: Some(1), mapped_onto: Some(2097158), geometry: Rectangle<smithay::utils::geometry::Logical> { x: 1280, y: 720, width: 1272, height: 688 }, override_redirect: false, wl_surface: Some(WlSurface { id: ObjectId(wl_surface@14[0], 17), version: 4, data: Some(Any { .. }), handle: WeakHandle { handle: WeakInnerHandle[rs] { .. } } }), title: "christoph@schleppi", class: "XTerm", instance: "xterm", startup_id: None, pid: Some(3117365), protocols: [DeleteWindow], hints: Some(WmHints { input: Some(true), initial_state: Some(Normal), icon_pixmap: Some(4194342), icon_window: None, icon_position: None, icon_mask: Some(4194344), window_group: None, urgent: false }), normal_hints: Some(WmSizeHints { position: None, size: Some((UserSpecified, 1272, 688)), min_size: Some((30, 27)), max_size: None, size_increment: Some((11, 23)), aspect: None, base_size: Some((19, 4)), win_gravity: Some(NORTH_WEST) }), transient_for: None, net_state: {279, 276, 275}, motif_hints: [0, 0, 0, 0, 0], window_type: [] }, poisoned: false, .. }, user_data: UserDataMap { list: AppendList(0x0) } }) [3mmods[0m[2m=[0mModifiersState { ctrl: false, alt: false, shift: false, caps_lock: false, logo: false, num_lock: false, iso_level3_shift: false, iso_level5_shift: false, serialized: SerializedMods { depressed: 0, latched: 0, locked: 0, layout_effective: 0 } }[1m}[0m[2m:[0m [2msmithay::input::keyboard[0m[2m:[0m [2m/home/christoph/.cargo/registry/src/index.crates.io-1949cf8c6b5b557f/smithay-0.7.0/src/input/keyboard/mod.rs[0m[2m:[0m[2m724:[0m close [3mtime.busy[0m[2m=[0m180ns [3mtime.idle[0m[2m=[0m14.2µs
[2m2026-09-25T18:33:55.530836Z[0m [32m INFO[0m ThreadId(01) [1minput_seat[0m[1m{[0m[3mname[0m[2m=[0m"wprs"[1m}[0m[2m:[0m[1madd_keyboard[0m[1m{[0m[3mxkb_config[0m[2m=[0mXkbConfig { rules: "", model: "", layout: "", variant: "", options: None } [3mrepeat_delay[0m[2m=[0m200 [3mrepeat_rate[0m[2m=[0m200[1m}[0m[2m:[0m[1minput_keyboard[0m[2m:[0m[1msend_keymap[0m[1m{[0m[3mfocus[0m[2m=[0mSome(X11Surface { xwm: Some(XwmId(0)), client_scale: Some(1.0), window: 4194322, conn: (Weak), atoms: Atoms { WL_SURFACE_ID: 240, WL_SURFACE_SERIAL: 241, _SMITHAY_CLOSE_CONNECTION: 242, UTF8_STRING: 243, TEXT: 244, WM_HINTS: 35, WM_PROTOCOLS: 245, WM_TAKE_FOCUS: 246, WM_DELETE_WINDOW: 247, WM_CHANGE_STATE: 248, _NET_WM_NAME: 249, _NET_WM_MOVERESIZE: 250, _NET_WM_PID: 251, _NET_WM_WINDOW_TYPE: 252, _NET_WM_WINDOW_TYPE_DROPDOWN_MENU: 253, _NET_WM_WINDOW_TYPE_DIALOG: 254, _NET_WM_WINDOW_TYPE_MENU: 255, _NET_WM_WINDOW_TYPE_NOTIFICATION: 256, _NET_WM_WINDOW_TYPE_NORMAL: 257, _NET_WM_WINDOW_TYPE_POPUP_MENU: 258, _NET_WM_WINDOW_TYPE_SPLASH: 259, _NET_WM_WINDOW_TYPE_TOOLBAR: 260, _NET_WM_WINDOW_TYPE_TOOLTIP: 261, _NET_WM_WINDOW_TYPE_UTILITY: 262, _NET_WM_STATE_MODAL: 263, _MOTIF_WM_HINTS: 264, _NET_STARTUP_ID: 265, WM_S0: 266, WM_STATE: 267, _NET_WM_CM_S0: 268, _NET_SUPPORTED: 269, _NET_ACTIVE_WINDOW: 270, _NET_CLIENT_LIST: 271, _NET_CLIENT_LIST_STACKING: 272, _NET_WM_PING: 273, _NET_WM_STATE: 274, _NET_WM_STATE_MAXIMIZED_VERT: 275, _NET_WM_STATE_MAXIMIZED_HORZ: 276, _NET_WM_STATE_HIDDEN: 277, _NET_WM_STATE_FULLSCREEN: 278, _NET_WM_STATE_FOCUSED: 279, _NET_SUPPORTING_WM_CHECK: 280, _XSETTINGS_SETTINGS: 281, _WL_SELECTION: 282, CLIPBOARD_MANAGER: 283, CLIPBOARD: 284, PRIMARY: 1, TARGETS: 285, TIMESTAMP: 286, INCR: 287, DELETE: 288, _XSETTINGS_S0: 289 }, state: Mutex { data: SharedSurfaceState { alive: true, wl_surface_id: None, wl_surface_serial: Some(1), mapped_onto: Some(2097158), geometry: Rectangle<smithay::utils::geometry::Logical> { x: 1280, y: 720, width: 1272, height: 688 }, override_redirect: false, wl_surface: Some(WlSurface { id: ObjectId(wl_surface@14[0], 17), version: 4, data: Some(Any { .. }), handle: WeakHandle { handle: WeakInnerHandle[rs] { .. } } }), title: "christoph@schleppi", class: "XTerm", instance: "xterm", startup_id: None, pid: Some(3117365), protocols: [DeleteWindow], hints: Some(WmHints { input: Some(true), initial_state: Some(Normal), icon_pixmap: Some(4194342), icon_window: None, icon_position: None, icon_mask: Some(4194344), window_group: None, urgent: false }), normal_hints: Some(WmSizeHints { position: None, size: Some((UserSpecified, 1272, 688)), min_size: Some((30, 27)), max_size: None, size_increment: Some((11, 23)), aspect: None, base_size: Some((19, 4)), win_gravity: Some(NORTH_WEST) }), transient_for: None, net_state: {279, 276, 275}, motif_hints: [0, 0, 0, 0, 0], window_type: [] }, poisoned: false, .. }, user_data: UserDataMap { list: AppendList(0x0) } }) [3mmods[0m[2m=[0mModifiersState { ctrl: false, alt: false, shift: false, caps_lock: false, logo: false, num_lock: false, iso_level3_shift: false, iso_level5_shift: false, serialized: SerializedMods { depressed: 0, latched: 0, locked: 0, layout_effective: 0 } }[1m}[0m[2m:[0m [2msmithay::input::keyboard[0m[2m:[0m [2m/home/christoph/.cargo/registry/src/index.crates.io-1949cf8c6b5b557f/smithay-0.7.0/src/input/keyboard/mod.rs[0m[2m:[0m[2m724:[0m new
[2m2026-09-25T18:33:55.530855Z[0m [32m INFO[0m ThreadId(01) [1minput_seat[0m[1m{[0m[3mname[0m[2m=[0m"wprs"[1m}[0m[2m:[0m[1madd_keyboard[0m[1m{[0m[3mxkb_config[0m[2m=[0mXkbConfig { rules: "", model: "", layout: "", variant: "", options: None } [3mrepeat_delay[0m[2m=[0m200 [3mrepeat_rate[0m[2m=[0m200[1m}[0m[2m:[0m[1minput_keyboard[0m[2m:[0m[1msend_keymap[0m[1m{[0m[3mfocus[0m[2m=[0mSome(X11Surface { xwm: Some(XwmId(0)), client_scale: Some(1.0), window: 4194322, conn: (Weak), atoms: Atoms { WL_SURFACE_ID: 240, WL_SURFACE_SERIAL: 241, _SMITHAY_CLOSE_CONNECTION: 242, UTF8_STRING: 243, TEXT: 244, WM_HINTS: 35, WM_PROTOCOLS: 245, WM_TAKE_FOCUS: 246, WM_DELETE_WINDOW: 247, WM_CHANGE_STATE: 248, _NET_WM_NAME: 249, _NET_WM_MOVERESIZE: 250, _NET_WM_PID: 251, _NET_WM_WINDOW_TYPE: 252, _NET_WM_WINDOW_TYPE_DROPDOWN_MENU: 253, _NET_WM_WINDOW_TYPE_DIALOG: 254, _NET_WM_WINDOW_TYPE_MENU: 255, _NET_WM_WINDOW_TYPE_NOTIFICATION: 256, _NET_WM_WINDOW_TYPE_NORMAL: 257, _NET_WM_WINDOW_TYPE_POPUP_MENU: 258, _NET_WM_WINDOW_TYPE_SPLASH: 259, _NET_WM_WINDOW_TYPE_TOOLBAR: 260, _NET_WM_WINDOW_TYPE_TOOLTIP: 261, _NET_WM_WINDOW_TYPE_UTILITY: 262, _NET_WM_STATE_MODAL: 263, _MOTIF_WM_HINTS: 264, _NET_STARTUP_ID: 265, WM_S0: 266, WM_STATE: 267, _NET_WM_CM_S0: 268, _NET_SUPPORTED: 269, _NET_ACTIVE_WINDOW: 270, _NET_CLIENT_LIST: 271, _NET_CLIENT_LIST_STACKING: 272, _NET_WM_PING: 273, _NET_WM_STATE: 274, _NET_WM_STATE_MAXIMIZED_VERT: 275, _NET_WM_STATE_MAXIMIZED_HORZ: 276, _NET_WM_STATE_HIDDEN: 277, _NET_WM_STATE_FULLSCREEN: 278, _NET_WM_STATE_FOCUSED: 279, _NET_SUPPORTING_WM_CHECK: 280, _XSETTINGS_SETTINGS: 281, _WL_SELECTION: 282, CLIPBOARD_MANAGER: 283, CLIPBOARD: 284, PRIMARY: 1, TARGETS: 285, TIMESTAMP: 286, INCR: 287, DELETE: 288, _XSETTINGS_S0: 289 }, state: Mutex { data: SharedSurfaceState { alive: true, wl_surface_id: None, wl_surface_serial: Some(1), mapped_onto: Some(2097158), geometry: Rectangle<smithay::utils::geometry::Logical> { x: 1280, y: 720, width: 1272, height: 688 }, override_redirect: false, wl_surface: Some(WlSurface { id: ObjectId(wl_surface@14[0], 17), version: 4, data: Some(Any { .. }), handle: WeakHandle { handle: WeakInnerHandle[rs] { .. } } }), title: "christoph@schleppi", class: "XTerm", instance: "xterm", startup_id: None, pid: Some(3117365), protocols: [DeleteWindow], hints: Some(WmHints { input: Some(true), initial_state: Some(Normal), icon_pixmap: Some(4194342), icon_window: None, icon_position: None, icon_mask: Some(4194344), window_group: None, urgent: false }), normal_hints: Some(WmSizeHints { position: None, size: Some((UserSpecified, 1272, 688)), min_size: Some((30, 27)), max_size: None, size_increment: Some((11, 23)), aspect: None, base_size: Some((19, 4)), win_gravity: Some(NORTH_WEST) }), transient_for: None, net_state: {279, 276, 275}, motif_hints: [0, 0, 0, 0, 0], window_type: [] }, poisoned: false, .. }, user_data: UserDataMap { list: AppendList(0x0) } }) [3mmods[0m[2m=[0mModifiersState { ctrl: false, alt: false, shift: false, caps_lock: false, logo: false, num_lock: false, iso_level3_shift: false, iso_level5_shift: false, serialized: SerializedMods { depressed: 0, latched: 0, locked: 0, layout_effective: 0 } }[1m}[0m[2m:[0m [2msmithay::input::keyboard[0m[2m:[0m [2m/home/christoph/.cargo/registry/src/index.crates.io-1949cf8c6b5b557f/smithay-0.7.0/src/input/keyboard/mod.rs[0m[2m:[0m[2m724:[0m close [3mtime.busy[0m[2m=[0m200ns [3mtime.idle[0m[2m=[0m19.2µs
[2m2026-09-25T18:33:55.530924Z[0m [32m INFO[0m ThreadId(01) [1minput_seat[0m[1m{[0m[3mname[0m[2m=[0m"wprs"[1m}[0m[2m:[0m[1madd_keyboard[0m[1m{[0m[3mxkb_config[0m[2m=[0mXkbConfig { rules: "", model: "", layout: "", variant: "", options: None } [3mrepeat_delay[0m[2m=[0m200 [3mrepeat_rate[0m[2m=[0m200[1m}[0m[2m:[0m[1minput_keyboard[0m[2m:[0m[1msend_keymap[0m[1m{[0m[3mfocus[0m[2m=[0mSome(X11Surface { xwm: Some(XwmId(0)), client_scale: Some(1.0), window: 4194322, conn: (Weak), atoms: Atoms { WL_SURFACE_ID: 240, WL_SURFACE_SERIAL: 241, _SMITHAY_CLOSE_CONNECTION: 242, UTF8_STRING: 243, TEXT: 244, WM_HINTS: 35, WM_PROTOCOLS: 245, WM_TAKE_FOCUS: 246, WM_DELETE_WINDOW: 247, WM_CHANGE_STATE: 248, _NET_WM_NAME: 249, _NET_WM_MOVERESIZE: 250, _NET_WM_PID: 251, _NET_WM_WINDOW_TYPE: 252, _NET_WM_WINDOW_TYPE_DROPDOWN_MENU: 253, _NET_WM_WINDOW_TYPE_DIALOG: 254, _NET_WM_WINDOW_TYPE_MENU: 255, _NET_WM_WINDOW_TYPE_NOTIFICATION: 256, _NET_WM_WINDOW_TYPE_NORMAL: 257, _NET_WM_WINDOW_TYPE_POPUP_MENU: 258, _NET_WM_WINDOW_TYPE_SPLASH: 259, _NET_WM_WINDOW_TYPE_TOOLBAR: 260, _NET_WM_WINDOW_TYPE_TOOLTIP: 261, _NET_WM_WINDOW_TYPE_UTILITY: 262, _NET_WM_STATE_MODAL: 263, _MOTIF_WM_HINTS: 264, _NET_STARTUP_ID: 265, WM_S0: 266, WM_STATE: 267, _NET_WM_CM_S0: 268, _NET_SUPPORTED: 269, _NET_ACTIVE_WINDOW: 270, _NET_CLIENT_LIST: 271, _NET_CLIENT_LIST_STACKING: 272, _NET_WM_PING: 273, _NET_WM_STATE: 274, _NET_WM_STATE_MAXIMIZED_VERT: 275, _NET_WM_STATE_MAXIMIZED_HORZ: 276, _NET_WM_STATE_HIDDEN: 277, _NET_WM_STATE_FULLSCREEN: 278, _NET_WM_STATE_FOCUSED: 279, _NET_SUPPORTING_WM_CHECK: 280, _XSETTINGS_SETTINGS: 281, _WL_SELECTION: 282, CLIPBOARD_MANAGER: 283, CLIPBOARD: 284, PRIMARY: 1, TARGETS: 285, TIMESTAMP: 286, INCR: 287, DELETE: 288, _XSETTINGS_S0: 289 }, state: Mutex { data: SharedSurfaceState { alive: true, wl_surface_id: None, wl_surface_serial: Some(1), mapped_onto: Some(2097158), geometry: Rectangle<smithay::utils::geometry::Logical> { x: 1280, y: 720, width: 1272, height: 688 }, override_redirect: false, wl_surface: Some(WlSurface { id: ObjectId(wl_surface@14[0], 17), version: 4, data: Some(Any { .. }), handle: WeakHandle { handle: WeakInnerHandle[rs] { .. } } }), title: "christoph@schleppi", class: "XTerm", instance: "xterm", startup_id: None, pid: Some(3117365), protocols: [DeleteWindow], hints: Some(WmHints { input: Some(true), initial_state: Some(Normal), icon_pixmap: Some(4194342), icon_window: None, icon_position: None, icon_mask: Some(4194344), window_group: None, urgent: false }), normal_hints: Some(WmSizeHints { position: None, size: Some((UserSpecified, 1272, 688)), min_size: Some((30, 27)), max_size: None, size_increment: Some((11, 23)), aspect: None, base_size: Some((19, 4)), win_gravity: Some(NORTH_WEST) }), transient_for: None, net_state: {279, 276, 275}, motif_hints: [0, 0, 0, 0, 0], window_type: [] }, poisoned: false, .. }, user_data: UserDataMap { list: AppendList(0x0) } }) [3mmods[0m[2m=[0mModifiersState { ctrl: false, alt: false, shift: false, caps_lock: false, logo: false, num_lock: false, iso_level3_shift: false, iso_level5_shift: false, serialized: SerializedMods { depressed: 0, latched: 0, locked: 0, layout_effective: 0 } }[1m}[0m[2m:[0m [2msmithay::input::keyboard[0m[2m:[0m [2m/home/christoph/.cargo/registry/src/index.crates.io-1949cf8c6b5b557f/smithay-0.7.0/src/input/keyboard/mod.rs[0m[2m:[0m[2m724:[0m new
[2m2026-09-25T18:33:55.530943Z[0m [32m INFO[0m ThreadId(01) [1minput_seat[0m[1m{[0m[3mname[0m[2m=[0m"wprs"[1m}[0m[2m:[0m[1madd_keyboard[0m[1m{[0m[3mxkb_config[0m[2m=[0mXkbConfig { rules: "", model: "", layout: "", variant: "", options: None } [3mrepeat_delay[0m[2m=[0m200 [3mrepeat_rate[0m[2m=[0m200[1m}[0m[2m:[0m[1minput_keyboard[0m[2m:[0m[1msend_keymap[0m[1m{[0m[3mfocus[0m[2m=[0mSome(X11Surface { xwm: Some(XwmId(0)), client_scale: Some(1.0), window: 4194322, conn: (Weak), atoms: Atoms { WL_SURFACE_ID: 240, WL_SURFACE_SERIAL: 241, _SMITHAY_CLOSE_CONNECTION: 242, UTF8_STRING: 243, TEXT: 244, WM_HINTS: 35, WM_PROTOCOLS: 245, WM_TAKE_FOCUS: 246, WM_DELETE_WINDOW: 247, WM_CHANGE_STATE: 248, _NET_WM_NAME: 249, _NET_WM_MOVERESIZE: 250, _NET_WM_PID: 251, _NET_WM_WINDOW_TYPE: 252, _NET_WM_WINDOW_TYPE_DROPDOWN_MENU: 253, _NET_WM_WINDOW_TYPE_DIALOG: 254, _NET_WM_WINDOW_TYPE_MENU: 255, _NET_WM_WINDOW_TYPE_NOTIFICATION: 256, _NET_WM_WINDOW_TYPE_NORMAL: 257, _NET_WM_WINDOW_TYPE_POPUP_MENU: 258, _NET_WM_WINDOW_TYPE_SPLASH: 259, _NET_WM_WINDOW_TYPE_TOOLBAR: 260, _NET_WM_WINDOW_TYPE_TOOLTIP: 261, _NET_WM_WINDOW_TYPE_UTILITY: 262, _NET_WM_STATE_MODAL: 263, _MOTIF_WM_HINTS: 264, _NET_STARTUP_ID: 265, WM_S0: 266, WM_STATE: 267, _NET_WM_CM_S0: 268, _NET_SUPPORTED: 269, _NET_ACTIVE_WINDOW: 270, _NET_CLIENT_LIST: 271, _NET_CLIENT_LIST_STACKING: 272, _NET_WM_PING: 273, _NET_WM_STATE: 274, _NET_WM_STATE_MAXIMIZED_VERT: 275, _NET_WM_STATE_MAXIMIZED_HORZ: 276, _NET_WM_STATE_HIDDEN: 277, _NET_WM_STATE_FULLSCREEN: 278, _NET_WM_STATE_FOCUSED: 279, _NET_SUPPORTING_WM_CHECK: 280, _XSETTINGS_SETTINGS: 281, _WL_SELECTION: 282, CLIPBOARD_MANAGER: 283, CLIPBOARD: 284, PRIMARY: 1, TARGETS: 285, TIMESTAMP: 286, INCR: 287, DELETE: 288, _XSETTINGS_S0: 289 }, state: Mutex { data: SharedSurfaceState { alive: true, wl_surface_id: None, wl_surface_serial: Some(1), mapped_onto: Some(2097158), geometry: Rectangle<smithay::utils::geometry::Logical> { x: 1280, y: 720, width: 1272, height: 688 }, override_redirect: false, wl_surface: Some(WlSurface { id: ObjectId(wl_surface@14[0], 17), version: 4, data: Some(Any { .. }), handle: WeakHandle { handle: WeakInnerHandle[rs] { .. } } }), title: "christoph@schleppi", class: "XTerm", instance: "xterm", startup_id: None, pid: Some(3117365), protocols: [DeleteWindow], hints: Some(WmHints { input: Some(true), initial_state: Some(Normal), icon_pixmap: Some(4194342), icon_window: None, icon_position: None, icon_mask: Some(4194344), window_group: None, urgent: false }), normal_hints: Some(WmSizeHints { position: None, size: Some((UserSpecified, 1272, 688)), min_size: Some((30, 27)), max_size: None, size_increment: Some((11, 23)), aspect: None, base_size: Some((19, 4)), win_gravity: Some(NORTH_WEST) }), transient_for: None, net_state: {279, 276, 275}, motif_hints: [0, 0, 0, 0, 0], window_type: [] }, poisoned: false, .. }, user_data: UserDataMap { list: AppendList(0x0) } }) [3mmods[0m[2m=[0mModifiersState { ctrl: false, alt: false, shift: false, caps_lock: false, logo: false, num_lock: false, iso_level3_shift: false, iso_level5_shift: false, serialized: SerializedMods { depressed: 0, latched: 0, locked: 0, layout_effective: 0 } }[1m}[0m[2m:[0m [2msmithay::input::keyboard[0m[2m:[0m [2m/home/christoph/.cargo/registry/src/index.crates.io-1949cf8c6b5b557f/smithay-0.7.0/src/input/keyboard/mod.rs[0m[2m:[0m[2m724:[0m close [3mtime.busy[0m[2m=[0m171ns [3mtime.idle[0m[2m=[0m19.3µs
[2m2026-09-25T18:33:55.531012Z[0m [32m INFO[0m ThreadId(01) [1minput_seat[0m[1m{[0m[3mname[0m[2m=[0m"wprs"[1m}[0m[2m:[0m[1madd_keyboard[0m[1m{[0m[3mxkb_config[0m[2m=[0mXkbConfig { rules: "", model: "", layout: "", variant: "", options: None } [3mrepeat_delay[0m[2m=[0m200 [3mrepeat_rate[0m[2m=[0m200[1m}[0m[2m:[0m[1minput_keyboard[0m[2m:[0m[1msend_keymap[0m[1m{[0m[3mfocus[0m[2m=[0mSome(X11Surface { xwm: Some(XwmId(0)), client_scale: Some(1.0), window: 4194322, conn: (Weak), atoms: Atoms { WL_SURFACE_ID: 240, WL_SURFACE_SERIAL: 241, _SMITHAY_CLOSE_CONNECTION: 242, UTF8_STRING: 243, TEXT: 244, WM_HINTS: 35, WM_PROTOCOLS: 245, WM_TAKE_FOCUS: 246, WM_DELETE_WINDOW: 247, WM_CHANGE_STATE: 248, _NET_WM_NAME: 249, _NET_WM_MOVERESIZE: 250, _NET_WM_PID: 251, _NET_WM_WINDOW_TYPE: 252, _NET_WM_WINDOW_TYPE_DROPDOWN_MENU: 253, _NET_WM_WINDOW_TYPE_DIALOG: 254, _NET_WM_WINDOW_TYPE_MENU: 255, _NET_WM_WINDOW_TYPE_NOTIFICATION: 256, _NET_WM_WINDOW_TYPE_NORMAL: 257, _NET_WM_WINDOW_TYPE_POPUP_MENU: 258, _NET_WM_WINDOW_TYPE_SPLASH: 259, _NET_WM_WINDOW_TYPE_TOOLBAR: 260, _NET_WM_WINDOW_TYPE_TOOLTIP: 261, _NET_WM_WINDOW_TYPE_UTILITY: 262, _NET_WM_STATE_MODAL: 263, _MOTIF_WM_HINTS: 264, _NET_STARTUP_ID: 265, WM_S0: 266, WM_STATE: 267, _NET_WM_CM_S0: 268, _NET_SUPPORTED: 269, _NET_ACTIVE_WINDOW: 270, _NET_CLIENT_LIST: 271, _NET_CLIENT_LIST_STACKING: 272, _NET_WM_PING: 273, _NET_WM_STATE: 274, _NET_WM_STATE_MAXIMIZED_VERT: 275, _NET_WM_STATE_MAXIMIZED_HORZ: 276, _NET_WM_STATE_HIDDEN: 277, _NET_WM_STATE_FULLSCREEN: 278, _NET_WM_STATE_FOCUSED: 279, _NET_SUPPORTING_WM_CHECK: 280, _XSETTINGS_SETTINGS: 281, _WL_SELECTION: 282, CLIPBOARD_MANAGER: 283, CLIPBOARD: 284, PRIMARY: 1, TARGETS: 285, TIMESTAMP: 286, INCR: 287, DELETE: 288, _XSETTINGS_S0: 289 }, state: Mutex { data: SharedSurfaceState { alive: true, wl_surface_id: None, wl_surface_serial: Some(1), mapped_onto: Some(2097158), geometry: Rectangle<smithay::utils::geometry::Logical> { x: 1280, y: 720, width: 1272, height: 688 }, override_redirect: false, wl_surface: Some(WlSurface { id: ObjectId(wl_surface@14[0], 17), version: 4, data: Some(Any { .. }), handle: WeakHandle { handle: WeakInnerHandle[rs] { .. } } }), title: "christoph@schleppi", class: "XTerm", instance: "xterm", startup_id: None, pid: Some(3117365), protocols: [DeleteWindow], hints: Some(WmHints { input: Some(true), initial_state: Some(Normal), icon_pixmap: Some(4194342), icon_window: None, icon_position: None, icon_mask: Some(4194344), window_group: None, urgent: false }), normal_hints: Some(WmSizeHints { position: None, size: Some((UserSpecified, 1272, 688)), min_size: Some((30, 27)), max_size: None, size_increment: Some((11, 23)), aspect: None, base_size: Some((19, 4)), win_gravity: Some(NORTH_WEST) }), transient_for: None, net_state: {279, 276, 275}, motif_hints: [0, 0, 0, 0, 0], window_type: [] }, poisoned: false, .. }, user_data: UserDataMap { list: AppendList(0x0) } }) [3mmods[0m[2m=[0mModifiersState { ctrl: false, alt: false, shift: false, caps_lock: false, logo: false, num_lock: false, iso_level3_shift: false, iso_level5_shift: false, serialized: SerializedMods { depressed: 0, latched: 0, locked: 0, layout_effective: 0 } }[1m}[0m[2m:[0m [2msmithay::input::keyboard[0m[2m:[0m [2m/home/christoph/.cargo/registry/src/index.crates.io-1949cf8c6b5b557f/smithay-0.7.0/src/input/keyboard/mod.rs[0m[2m:[0m[2m724:[0m new
[2m2026-09-25T18:33:55.531031Z[0m [32m INFO[0m ThreadId(01) [1minput_seat[0m[1m{[0m[3mname[0m[2m=[0m"wprs"[1m}[0m[2m:[0m[1madd_keyboard[0m[1m{[0m[3mxkb_config[0m[2m=[0mXkbConfig { rules: "", model: "", layout: "", variant: "", options: None } [3mrepeat_delay[0m[2m=[0m200 [3mrepeat_rate[0m[2m=[0m200[1m}[0m[2m:[0m[1minput_keyboard[0m[2m:[0m[1msend_keymap[0m[1m{[0m[3mfocus[0m[2m=[0mSome(X11Surface { xwm: Some(XwmId(0)), client_scale: Some(1.0), window: 4194322, conn: (Weak), atoms: Atoms { WL_SURFACE_ID: 240, WL_SURFACE_SERIAL: 241, _SMITHAY_CLOSE_CONNECTION: 242, UTF8_STRING: 243, TEXT: 244, WM_HINTS: 35, WM_PROTOCOLS: 245, WM_TAKE_FOCUS: 246, WM_DELETE_WINDOW: 247, WM_CHANGE_STATE: 248, _NET_WM_NAME: 249, _NET_WM_MOVERESIZE: 250, _NET_WM_PID: 251, _NET_WM_WINDOW_TYPE: 252, _NET_WM_WINDOW_TYPE_DROPDOWN_MENU: 253, _NET_WM_WINDOW_TYPE_DIALOG: 254, _NET_WM_WINDOW_TYPE_MENU: 255, _NET_WM_WINDOW_TYPE_NOTIFICATION: 256, _NET_WM_WINDOW_TYPE_NORMAL: 257, _NET_WM_WINDOW_TYPE_POPUP_MENU: 258, _NET_WM_WINDOW_TYPE_SPLASH: 259, _NET_WM_WINDOW_TYPE_TOOLBAR: 260, _NET_WM_WINDOW_TYPE_TOOLTIP: 261, _NET_WM_WINDOW_TYPE_UTILITY: 262, _NET_WM_STATE_MODAL: 263, _MOTIF_WM_HINTS: 264, _NET_STARTUP_ID: 265, WM_S0: 266, WM_STATE: 267, _NET_WM_CM_S0: 268, _NET_SUPPORTED: 269, _NET_ACTIVE_WINDOW: 270, _NET_CLIENT_LIST: 271, _NET_CLIENT_LIST_STACKING: 272, _NET_WM_PING: 273, _NET_WM_STATE: 274, _NET_WM_STATE_MAXIMIZED_VERT: 275, _NET_WM_STATE_MAXIMIZED_HORZ: 276, _NET_WM_STATE_HIDDEN: 277, _NET_WM_STATE_FULLSCREEN: 278, _NET_WM_STATE_FOCUSED: 279, _NET_SUPPORTING_WM_CHECK: 280, _XSETTINGS_SETTINGS: 281, _WL_SELECTION: 282, CLIPBOARD_MANAGER: 283, CLIPBOARD: 284, PRIMARY: 1, TARGETS: 285, TIMESTAMP: 286, INCR: 287, DELETE: 288, _XSETTINGS_S0: 289 }, state: Mutex { data: SharedSurfaceState { alive: true, wl_surface_id: None, wl_surface_serial: Some(1), mapped_onto: Some(2097158), geometry: Rectangle<smithay::utils::geometry::Logical> { x: 1280, y: 720, width: 1272, height: 688 }, override_redirect: false, wl_surface: Some(WlSurface { id: ObjectId(wl_surface@14[0], 17), version: 4, data: Some(Any { .. }), handle: WeakHandle { handle: WeakInnerHandle[rs] { .. } } }), title: "christoph@schleppi", class: "XTerm", instance: "xterm", startup_id: None, pid: Some(3117365), protocols: [DeleteWindow], hints: Some(WmHints { input: Some(true), initial_state: Some(Normal), icon_pixmap: Some(4194342), icon_window: None, icon_position: None, icon_mask: Some(4194344), window_group: None, urgent: false }), normal_hints: Some(WmSizeHints { position: None, size: Some((UserSpecified, 1272, 688)), min_size: Some((30, 27)), max_size: None, size_increment: Some((11, 23)), aspect: None, base_size: Some((19, 4)), win_gravity: Some(NORTH_WEST) }), transient_for: None, net_state: {279, 276, 275}, motif_hints: [0, 0, 0, 0, 0], window_type: [] }, poisoned: false, .. }, user_data: UserDataMap { list: AppendList(0x0) } }) [3mmods[0m[2m=[0mModifiersState { ctrl: false, alt: false, shift: false, caps_lock: false, logo: false, num_lock: false, iso_level3_shift: false, iso_level5_shift: false, serialized: SerializedMods { depressed: 0, latched: 0, locked: 0, layout_effective: 0 } }[1m}[0m[2m:[0m [2msmithay::input::keyboard[0m[2m:[0m [2m/home/christoph/.cargo/registry/src/index.crates.io-1949cf8c6b5b557f/smithay-0.7.0/src/input/keyboard/mod.rs[0m[2m:[0m[2m724:[0m close [3mtime.busy[0m[2m=[0m180ns [3mtime.idle[0m[2m=[0m19.1µs
[2m2026-09-25T18:33:55.533362Z[0m [32m INFO[0m ThreadId(01) [1minput_seat[0m[1m{[0m[3mname[0m[2m=[0m"wprs"[1m}[0m[2m:[0m[1madd_keyboard[0m[1m{[0m[3mxkb_config[0m[2m=[0mXkbConfig { rules: "", model: "", layout: "", variant: "", options: None } [3mrepeat_delay[0m[2m=[0m200 [3mrepeat_rate[0m[2m=[0m200[1m}[0m[2m:[0m[1minput_keyboard[0m[2m:[0m[1msend_keymap[0m[1m{[0m[3mfocus[0m[2m=[0mSome(WlSurface { id: ObjectId(wl_surface@18[0], 18), version: 5, data: Some(Any { .. }), handle: WeakHandle { handle: WeakInnerHandle[rs] { .. } } }) [3mmods[0m[2m=[0mModifiersState { ctrl: false, alt: false, shift: false, caps_lock: false, logo: false, num_lock: false, iso_level3_shift: false, iso_level5_shift: false, serialized: SerializedMods { depressed: 0, latched: 0, locked: 0, layout_effective: 0 } }[1m}[0m[2m:[0m [2msmithay::input::keyboard[0m[2m:[0m [2m/home/christoph/.cargo/registry/src/index.crates.io-1949cf8c6b5b557f/smithay-0.7.0/src/input/keyboard/mod.rs[0m[2m:[0m[2m724:[0m new
[2m2026-09-25T18:33:55.533396Z[0m [32m INFO[0m ThreadId(01) [1minput_seat[0m[1m{[0m[3mname[0m[2m=[0m"wprs"[1m}[0m[2m:[0m[1madd_keyboard[0m[1m{[0m[3mxkb_config[0m[2m=[0mXkbConfig { rules: "", model: "", layout: "", variant: "", options: None } [3mrepeat_delay[0m[2m=[0m200 [3mrepeat_rate[0m[2m=[0m200[1m}[0m[2m:[0m[1minput_keyboard[0m[2m:[0m[1msend_keymap[0m[1m{[0m[3mfocus[0m[2m=[0mSome(WlSurface { id: ObjectId(wl_surface@18[0], 18), version: 5, data: Some(Any { .. }), handle: WeakHandle { handle: WeakInnerHandle[rs] { .. } } }) [3mmods[0m[2m=[0mModifiersState { ctrl: false, alt: false, shift: false, caps_lock: false, logo: false, num_lock: false, iso_level3_shift: false, iso_level5_shift: false, serialized: SerializedMods { depressed: 0, latched: 0, locked: 0, layout_effective: 0 } }[1m}[0m[2m:[0m [2msmithay::input::keyboard[0m[2m:[0m [2m/home/christoph/.cargo/registry/src/index.crates.io-1949cf8c6b5b557f/smithay-0.7.0/src/input/keyboard/mod.rs[0m[2m:[0m[2m724:[0m close [3mtime.busy[0m[2m=[0m371ns [3mtime.idle[0m[2m=[0m34.0µs
[2m2026-09-25T18:33:55.533478Z[0m [32m INFO[0m ThreadId(01) [1minput_seat[0m[1m{[0m[3mname[0m[2m=[0m"wprs"[1m}[0m[2m:[0m[1madd_keyboard[0m[1m{[0m[3mxkb_config[0m[2m=[0mXkbConfig { rules: "", model: "", layout: "", variant: "", options: None } [3mrepeat_delay[0m[2m=[0m200 [3mrepeat_rate[0m[2m=[0m200[1m}[0m[2m:[0m[1minput_keyboard[0m[2m:[0m[1msend_keymap[0m[1m{[0m[3mfocus[0m[2m=[0mSome(WlSurface { id: ObjectId(wl_surface@18[0], 18), version: 5, data: Some(Any { .. }), handle: WeakHandle { handle: WeakInnerHandle[rs] { .. } } }) [3mmods[0m[2m=[0mModifiersState { ctrl: false, alt: false, shift: false, caps_lock: false, logo: false, num_lock: false, iso_level3_shift: false, iso_level5_shift: false, serialized: SerializedMods { depressed: 0, latched: 0, locked: 0, layout_effective: 0 } }[1m}[0m[2m:[0m [2msmithay::input::keyboard[0m[2m:[0m [2m/home/christoph/.cargo/registry/src/index.crates.io-1949cf8c6b5b557f/smithay-0.7.0/src/input/keyboard/mod.rs[0m[2m:[0m[2m724:[0m new
[2m2026-09-25T18:33:55.533491Z[0m [32m INFO[0m ThreadId(01) [1minput_seat[0m[1m{[0m[3mname[0m[2m=[0m"wprs"[1m}[0m[2m:[0m[1madd_keyboard[0m[1m{[0m[3mxkb_config[0m[2m=[0mXkbConfig { rules: "", model: "", layout: "", variant: "", options: None } [3mrepeat_delay[0m[2m=[0m200 [3mrepeat_rate[0m[2m=[0m200[1m}[0m[2m:[0m[1minput_keyboard[0m[2m:[0m[1msend_keymap[0m[1m{[0m[3mfocus[0m[2m=[0mSome(WlSurface { id: ObjectId(wl_surface@18[0], 18), version: 5, data: Some(Any { .. }), handle: WeakHandle { handle: WeakInnerHandle[rs] { .. } } }) [3mmods[0m[2m=[0mModifiersState { ctrl: false, alt: false, shift: false, caps_lock: false, logo: false, num_lock: false, iso_level3_shift: false, iso_level5_shift: false, serialized: SerializedMods { depressed: 0, latched: 0, locked: 0, layout_effective: 0 } }[1m}[0m[2m:[0m [2msmithay::input::keyboard[0m[2m:[0m [2m/home/christoph/.cargo/registry/src/index.crates.io-1949cf8c6b5b557f/smithay-0.7.0/src/input/keyboard/mod.rs[0m[2m:[0m[2m724:[0m close [3mtime.busy[0m[2m=[0m201ns [3mtime.idle[0m[2m=[0m12.4µs
[2m2026-09-25T18:33:55.533631Z[0m [32m INFO[0m ThreadId(01) [1minput_seat[0m[1m{[0m[3mname[0m[2m=[0m"wprs"[1m}[0m[2m:[0m[1madd_keyboard[0m[1m{[0m[3mxkb_config[0m[2m=[0mXkbConfig { rules: "", model: "", layout: "", variant: "", options: None } [3mrepeat_delay[0m[2m=[0m200 [3mrepeat_rate[0m[2m=[0m200[1m}[0m[2m:[0m[1minput_keyboard[0m[2m:[0m[1msend_keymap[0m[1m{[0m[3mfocus[0m[2m=[0mSome(X11Surface { xwm: Some(XwmId(0)), client_scale: Some(1.0), window: 4194322, conn: (Weak), atoms: Atoms { WL_SURFACE_ID: 240, WL_SURFACE_SERIAL: 241, _SMITHAY_CLOSE_CONNECTION: 242, UTF8_STRING: 243, TEXT: 244, WM_HINTS: 35, WM_PROTOCOLS: 245, WM_TAKE_FOCUS: 246, WM_DELETE_WINDOW: 247, WM_CHANGE_STATE: 248, _NET_WM_NAME: 249, _NET_WM_MOVERESIZE: 250, _NET_WM_PID: 251, _NET_WM_WINDOW_TYPE: 252, _NET_WM_WINDOW_TYPE_DROPDOWN_MENU: 253, _NET_WM_WINDOW_TYPE_DIALOG: 254, _NET_WM_WINDOW_TYPE_MENU: 255, _NET_WM_WINDOW_TYPE_NOTIFICATION: 256, _NET_WM_WINDOW_TYPE_NORMAL: 257, _NET_WM_WINDOW_TYPE_POPUP_MENU: 258, _NET_WM_WINDOW_TYPE_SPLASH: 259, _NET_WM_WINDOW_TYPE_TOOLBAR: 260, _NET_WM_WINDOW_TYPE_TOOLTIP: 261, _NET_WM_WINDOW_TYPE_UTILITY: 262, _NET_WM_STATE_MODAL: 263, _MOTIF_WM_HINTS: 264, _NET_STARTUP_ID: 265, WM_S0: 266, WM_STATE: 267, _NET_WM_CM_S0: 268, _NET_SUPPORTED: 269, _NET_ACTIVE_WINDOW: 270, _NET_CLIENT_LIST: 271, _NET_CLIENT_LIST_STACKING: 272, _NET_WM_PING: 273, _NET_WM_STATE: 274, _NET_WM_STATE_MAXIMIZED_VERT: 275, _NET_WM_STATE_MAXIMIZED_HORZ: 276, _NET_WM_STATE_HIDDEN: 277, _NET_WM_STATE_FULLSCREEN: 278, _NET_WM_STATE_FOCUSED: 279, _NET_SUPPORTING_WM_CHECK: 280, _XSETTINGS_SETTINGS: 281, _WL_SELECTION: 282, CLIPBOARD_MANAGER: 283, CLIPBOARD: 284, PRIMARY: 1, TARGETS: 285, TIMESTAMP: 286, INCR: 287, DELETE: 288, _XSETTINGS_S0: 289 }, state: Mutex { data: SharedSurfaceState { alive: true, wl_surface_id: None, wl_surface_serial: Some(1), mapped_onto: Some(2097158), geometry: Rectangle<smithay::utils::geometry::Logical> { x: 1280, y: 720, width: 1272, height: 688 }, override_redirect: false, wl_surface: Some(WlSurface { id: ObjectId(wl_surface@14[0], 17), version: 4, data: Some(Any { .. }), handle: WeakHandle { handle: WeakInnerHandle[rs] { .. } } }), title: "christoph@schleppi", class: "XTerm", instance: "xterm", startup_id: None, pid: Some(3117365), protocols: [DeleteWindow], hints: Some(WmHints { input: Some(true), initial_state: Some(Normal), icon_pixmap: Some(4194342), icon_window: None, icon_position: None, icon_mask: Some(4194344), window_group: None, urgent: false }), normal_hints: Some(WmSizeHints { position: None, size: Some((UserSpecified, 1272, 688)), min_size: Some((30, 27)), max_size: None, size_increment: Some((11, 23)), aspect: None, base_size: Some((19, 4)), win_gravity: Some(NORTH_WEST) }), transient_for: None, net_state: {279, 276, 275}, motif_hints: [0, 0, 0, 0, 0], window_type: [] }, poisoned: false, .. }, user_data: UserDataMap { list: AppendList(0x0) } }) [3mmods[0m[2m=[0mModifiersState { ctrl: false, alt: false, shift: false, caps_lock: false, logo: false, num_lock: false, iso_level3_shift: false, iso_level5_shift: false, serialized: SerializedMods { depressed: 0, latched: 0, locked: 0, layout_effective: 0 } }[1m}[0m[2m:[0m [2msmithay::input::keyboard[0m[2m:[0m [2m/home/christoph/.cargo/registry/src/index.crates.io-1949cf8c6b5b557f/smithay-0.7.0/src/input/keyboard/mod.rs[0m[2m:[0m[2m724:[0m new
[2m2026-09-25T18:33:55.533654Z[0m [32m INFO[0m ThreadId(01) [1minput_seat[0m[1m{[0m[3mname[0m[2m=[0m"wprs"[1m}[0m[2m:[0m[1madd_keyboard[0m[1m{[0m[3mxkb_config[0m[2m=[0mXkbConfig { rules: "", model: "", layout: "", variant: "", options: None } [3mrepeat_delay[0m[2m=[0m200 [3mrepeat_rate[0m[2m=[0m200[1m}[0m[2m:[0m[1minput_keyboard[0m[2m:[0m[1msend_keymap[0m[1m{[0m[3mfocus[0m[2m=[0mSome(X11Surface { xwm: Some(XwmId(0)), client_scale: Some(1.0), window: 4194322, conn: (Weak), atoms: Atoms { WL_SURFACE_ID: 240, WL_SURFACE_SERIAL: 241, _SMITHAY_CLOSE_CONNECTION: 242, UTF8_STRING: 243, TEXT: 244, WM_HINTS: 35, WM_PROTOCOLS: 245, WM_TAKE_FOCUS: 246, WM_DELETE_WINDOW: 247, WM_CHANGE_STATE: 248, _NET_WM_NAME: 249, _NET_WM_MOVERESIZE: 250, _NET_WM_PID: 251, _NET_WM_WINDOW_TYPE: 252, _NET_WM_WINDOW_TYPE_DROPDOWN_MENU: 253, _NET_WM_WINDOW_TYPE_DIALOG: 254, _NET_WM_WINDOW_TYPE_MENU: 255, _NET_WM_WINDOW_TYPE_NOTIFICATION: 256, _NET_WM_WINDOW_TYPE_NORMAL: 257, _NET_WM_WINDOW_TYPE_POPUP_MENU: 258, _NET_WM_WINDOW_TYPE_SPLASH: 259, _NET_WM_WINDOW_TYPE_TOOLBAR: 260, _NET_WM_WINDOW_TYPE_TOOLTIP: 261, _NET_WM_WINDOW_TYPE_UTILITY: 262, _NET_WM_STATE_MODAL: 263, _MOTIF_WM_HINTS: 264, _NET_STARTUP_ID: 265, WM_S0: 266, WM_STATE: 267, _NET_WM_CM_S0: 268, _NET_SUPPORTED: 269, _NET_ACTIVE_WINDOW: 270, _NET_CLIENT_LIST: 271, _NET_CLIENT_LIST_STACKING: 272, _NET_WM_PING: 273, _NET_WM_STATE: 274, _NET_WM_STATE_MAXIMIZED_VERT: 275, _NET_WM_STATE_MAXIMIZED_HORZ: 276, _NET_WM_STATE_HIDDEN: 277, _NET_WM_STATE_FULLSCREEN: 278, _NET_WM_STATE_FOCUSED: 279, _NET_SUPPORTING_WM_CHECK: 280, _XSETTINGS_SETTINGS: 281, _WL_SELECTION: 282, CLIPBOARD_MANAGER: 283, CLIPBOARD: 284, PRIMARY: 1, TARGETS: 285, TIMESTAMP: 286, INCR: 287, DELETE: 288, _XSETTINGS_S0: 289 }, state: Mutex { data: SharedSurfaceState { alive: true, wl_surface_id: None, wl_surface_serial: Some(1), mapped_onto: Some(2097158), geometry: Rectangle<smithay::utils::geometry::Logical> { x: 1280, y: 720, width: 1272, height: 688 }, override_redirect: false, wl_surface: Some(WlSurface { id: ObjectId(wl_surface@14[0], 17), version: 4, data: Some(Any { .. }), handle: WeakHandle { handle: WeakInnerHandle[rs] { .. } } }), title: "christoph@schleppi", class: "XTerm", instance: "xterm", startup_id: None, pid: Some(3117365), protocols: [DeleteWindow], hints: Some(WmHints { input: Some(true), initial_state: Some(Normal), icon_pixmap: Some(4194342), icon_window: None, icon_position: None, icon_mask: Some(4194344), window_group: None, urgent: false }), normal_hints: Some(WmSizeHints { position: None, size: Some((UserSpecified, 1272, 688)), min_size: Some((30, 27)), max_size: None, size_increment: Some((11, 23)), aspect: None, base_size: Some((19, 4)), win_gravity: Some(NORTH_WEST) }), transient_for: None, net_state: {279, 276, 275}, motif_hints: [0, 0, 0, 0, 0], window_type: [] }, poisoned: false, .. }, user_data: UserDataMap { list: AppendList(0x0) } }) [3mmods[0m[2m=[0mModifiersState { ctrl: false, alt: false, shift: false, caps_lock: false, logo: false, num_lock: false, iso_level3_shift: false, iso_level5_shift: false, serialized: SerializedMods { depressed: 0, latched: 0, locked: 0, layout_effective: 0 } }[1m}[0m[2m:[0m [2msmithay::input::keyboard[0m[2m:[0m [2m/home/christoph/.cargo/registry/src/index.crates.io-1949cf8c6b5b557f/smithay-0.7.0/src/input/keyboard/mod.rs[0m[2m:[0m[2m724:[0m close [3mtime.busy[0m[2m=[0m371ns [3mtime.idle[0m[2m=[0m23.1µs
[2m2026-09-25T18:33:55.533746Z[0m [32m INFO[0m ThreadId(01) [1minput_seat[0m[1m{[0m[3mname[0m[2m=[0m"wprs"[1m}[0m[2m:[0m[1madd_keyboard[0m[1m{[0m[3mxkb_config[0m[2m=[0mXkbConfig { rules: "", model: "", layout: "", variant: "", options: None } [3mrepeat_delay[0m[2m=[0m200 [3mrepeat_rate[0m[2m=[0m200[1m}[0m[2m:[0m[1minput_keyboard[0m[2m:[0m[1msend_keymap[0m[1m{[0m[3mfocus[0m[2m=[0mSome(X11Surface { xwm: Some(XwmId(0)), client_scale: Some(1.0), window: 4194322, conn: (Weak), atoms: Atoms { WL_SURFACE_ID: 240, WL_SURFACE_SERIAL: 241, _SMITHAY_CLOSE_CONNECTION: 242, UTF8_STRING: 243, TEXT: 244, WM_HINTS: 35, WM_PROTOCOLS: 245, WM_TAKE_FOCUS: 246, WM_DELETE_WINDOW: 247, WM_CHANGE_STATE: 248, _NET_WM_NAME: 249, _NET_WM_MOVERESIZE: 250, _NET_WM_PID: 251, _NET_WM_WINDOW_TYPE: 252, _NET_WM_WINDOW_TYPE_DROPDOWN_MENU: 253, _NET_WM_WINDOW_TYPE_DIALOG: 254, _NET_WM_WINDOW_TYPE_MENU: 255, _NET_WM_WINDOW_TYPE_NOTIFICATION: 256, _NET_WM_WINDOW_TYPE_NORMAL: 257, _NET_WM_WINDOW_TYPE_POPUP_MENU: 258, _NET_WM_WINDOW_TYPE_SPLASH: 259, _NET_WM_WINDOW_TYPE_TOOLBAR: 260, _NET_WM_WINDOW_TYPE_TOOLTIP: 261, _NET_WM_WINDOW_TYPE_UTILITY: 262, _NET_WM_STATE_MODAL: 263, _MOTIF_WM_HINTS: 264, _NET_STARTUP_ID: 265, WM_S0: 266, WM_STATE: 267, _NET_WM_CM_S0: 268, _NET_SUPPORTED: 269, _NET_ACTIVE_WINDOW: 270, _NET_CLIENT_LIST: 271, _NET_CLIENT_LIST_STACKING: 272, _NET_WM_PING: 273, _NET_WM_STATE: 274, _NET_WM_STATE_MAXIMIZED_VERT: 275, _NET_WM_STATE_MAXIMIZED_HORZ: 276, _NET_WM_STATE_HIDDEN: 277, _NET_WM_STATE_FULLSCREEN: 278, _NET_WM_STATE_FOCUSED: 279, _NET_SUPPORTING_WM_CHECK: 280, _XSETTINGS_SETTINGS: 281, _WL_SELECTION: 282, CLIPBOARD_MANAGER: 283, CLIPBOARD: 284, PRIMARY: 1, TARGETS: 285, TIMESTAMP: 286, INCR: 287, DELETE: 288, _XSETTINGS_S0: 289 }, state: Mutex { data: SharedSurfaceState { alive: true, wl_surface_id: None, wl_surface_serial: Some(1), mapped_onto: Some(2097158), geometry: Rectangle<smithay::utils::geometry::Logical> { x: 1280, y: 720, width: 1272, height: 688 }, override_redirect: false, wl_surface: Some(WlSurface { id: ObjectId(wl_surface@14[0], 17), version: 4, data: Some(Any { .. }), handle: WeakHandle { handle: WeakInnerHandle[rs] { .. } } }), title: "christoph@schleppi", class: "XTerm", instance: "xterm", startup_id: None, pid: Some(3117365), protocols: [DeleteWindow], hints: Some(WmHints { input: Some(true), initial_state: Some(Normal), icon_pixmap: Some(4194342), icon_window: None, icon_position: None, icon_mask: Some(4194344), window_group: None, urgent: false }), normal_hints: Some(WmSizeHints { position: None, size: Some((UserSpecified, 1272, 688)), min_size: Some((30, 27)), max_size: None, size_increment: Some((11, 23)), aspect: None, base_size: Some((19, 4)), win_gravity: Some(NORTH_WEST) }), transient_for: None, net_state: {279, 276, 275}, motif_hints: [0, 0, 0, 0, 0], window_type: [] }, poisoned: false, .. }, user_data: UserDataMap { list: AppendList(0x0) } }) [3mmods[0m[2m=[0mModifiersState { ctrl: false, alt: false, shift: false, caps_lock: false, logo: false, num_lock: false, iso_level3_shift: false, iso_level5_shift: false, serialized: SerializedMods { depressed: 0, latched: 0, locked: 0, layout_effective: 0 } }[1m}[0m[2m:[0m [2msmithay::input::keyboard[0m[2m:[0m [2m/home/christoph/.cargo/registry/src/index.crates.io-1949cf8c6b5b557f/smithay-0.7.0/src/input/keyboard/mod.rs[0m[2m:[0m[2m724:[0m new
[2m2026-09-25T18:33:55.533767Z[0m [32m INFO[0m ThreadId(01) [1minput_seat[0m[1m{[0m[3mname[0m[2m=[0m"wprs"[1m}[0m[2m:[0m[1madd_keyboard[0m[1m{[0m[3mxkb_config[0m[2m=[0mXkbConfig { rules: "", model: "", layout: "", variant: "", options: None } [3mrepeat_delay[0m[2m=[0m200 [3mrepeat_rate[0m[2m=[0m200[1m}[0m[2m:[0m[1minput_keyboard[0m[2m:[0m[1msend_keymap[0m[1m{[0m[3mfocus[0m[2m=[0mSome(X11Surface { xwm: Some(XwmId(0)), client_scale: Some(1.0), window: 4194322, conn: (Weak), atoms: Atoms { WL_SURFACE_ID: 240, WL_SURFACE_SERIAL: 241, _SMITHAY_CLOSE_CONNECTION: 242, UTF8_STRING: 243, TEXT: 244, WM_HINTS: 35, WM_PROTOCOLS: 245, WM_TAKE_FOCUS: 246, WM_DELETE_WINDOW: 247, WM_CHANGE_STATE: 248, _NET_WM_NAME: 249, _NET_WM_MOVERESIZE: 250, _NET_WM_PID: 251, _NET_WM_WINDOW_TYPE: 252, _NET_WM_WINDOW_TYPE_DROPDOWN_MENU: 253, _NET_WM_WINDOW_TYPE_DIALOG: 254, _NET_WM_WINDOW_TYPE_MENU: 255, _NET_WM_WINDOW_TYPE_NOTIFICATION: 256, _NET_WM_WINDOW_TYPE_NORMAL: 257, _NET_WM_WINDOW_TYPE_POPUP_MENU: 258, _NET_WM_WINDOW_TYPE_SPLASH: 259, _NET_WM_WINDOW_TYPE_TOOLBAR: 260, _NET_WM_WINDOW_TYPE_TOOLTIP: 261, _NET_WM_WINDOW_TYPE_UTILITY: 262, _NET_WM_STATE_MODAL: 263, _MOTIF_WM_HINTS: 264, _NET_STARTUP_ID: 265, WM_S0: 266, WM_STATE: 267, _NET_WM_CM_S0: 268, _NET_SUPPORTED: 269, _NET_ACTIVE_WINDOW: 270, _NET_CLIENT_LIST: 271, _NET_CLIENT_LIST_STACKING: 272, _NET_WM_PING: 273, _NET_WM_STATE: 274, _NET_WM_STATE_MAXIMIZED_VERT: 275, _NET_WM_STATE_MAXIMIZED_HORZ: 276, _NET_WM_STATE_HIDDEN: 277, _NET_WM_STATE_FULLSCREEN: 278, _NET_WM_STATE_FOCUSED: 279, _NET_SUPPORTING_WM_CHECK: 280, _XSETTINGS_SETTINGS: 281, _WL_SELECTION: 282, CLIPBOARD_MANAGER: 283, CLIPBOARD: 284, PRIMARY: 1, TARGETS: 285, TIMESTAMP: 286, INCR: 287, DELETE: 288, _XSETTINGS_S0: 289 }, state: Mutex { data: SharedSurfaceState { alive: true, wl_surface_id: None, wl_surface_serial: Some(1), mapped_onto: Some(2097158), geometry: Rectangle<smithay::utils::geometry::Logical> { x: 1280, y: 720, width: 1272, height: 688 }, override_redirect: false, wl_surface: Some(WlSurface { id: ObjectId(wl_surface@14[0], 17), version: 4, data: Some(Any { .. }), handle: WeakHandle { handle: WeakInnerHandle[rs] { .. } } }), title: "christoph@schleppi", class: "XTerm", instance: "xterm", startup_id: None, pid: Some(3117365), protocols: [DeleteWindow], hints: Some(WmHints { input: Some(true), initial_state: Some(Normal), icon_pixmap: Some(4194342), icon_window: None, icon_position: None, icon_mask: Some(4194344), window_group: None, urgent: false }), normal_hints: Some(WmSizeHints { position: None, size: Some((UserSpecified, 1272, 688)), min_size: Some((30, 27)), max_size: None, size_increment: Some((11, 23)), aspect: None, base_size: Some((19, 4)), win_gravity: Some(NORTH_WEST) }), transient_for: None, net_state: {279, 276, 275}, motif_hints: [0, 0, 0, 0, 0], window_type: [] }, poisoned: false, .. }, user_data: UserDataMap { list: AppendList(0x0) } }) [3mmods[0m[2m=[0mModifiersState { ctrl: false, alt: false, shift: false, caps_lock: false, logo: false, num_lock: false, iso_level3_shift: false, iso_level5_shift: false, serialized: SerializedMods { depressed: 0, latched: 0, locked: 0, layout_effective: 0 } }[1m}[0m[2m:[0m [2msmithay::input::keyboard[0m[2m:[0m [2m/home/christoph/.cargo/registry/src/index.crates.io-1949cf8c6b5b557f/smithay-0.7.0/src/input/keyboard/mod.rs[0m[2m:[0m[2m724:[0m close [3mtime.busy[0m[2m=[0m191ns [3mtime.idle[0m[2m=[0m20.3µs
[2m2026-09-25T18:34:04.607022Z[0m [33m WARN[0m ThreadId(01) [1moutput_bind[0m[1m{[0m[3mname[0m[2m=[0m"1_nested"[1m}[0m[2m:[0m [2msmithay::wayland::output::handlers[0m[2m:[0m [2m/home/christoph/.cargo/registry/src/index.crates.io-1949cf8c6b5b557f/smithay-0.7.0/src/wayland/output/handlers.rs[0m[2m:[0m[2m50:[0m new
[2m2026-09-25T18:34:04.607063Z[0m [33m WARN[0m ThreadId(01) [1moutput_bind[0m[1m{[0m[3mname[0m[2m=[0m"1_nested"[1m}[0m[2m:[0m [2msmithay::wayland::output::handlers[0m[2m:[0m [2m/home/christoph/.cargo/registry/src/index.crates.io-1949cf8c6b5b557f/smithay-0.7.0/src/wayland/output/handlers.rs[0m[2m:[0m[2m62:[0m Output is used with not preferred mode set
[2m2026-09-25T18:34:04.607084Z[0m [33m WARN[0m ThreadId(01) [1moutput_bind[0m[1m{[0m[3mname[0m[2m=[0m"1_nested"[1m}[0m[2m:[0m [2msmithay::wayland::output::handlers[0m[2m:[0m [2m/home/christoph/.cargo/registry/src/index.crates.io-1949cf8c6b5b557f/smithay-0.7.0/src/wayland/output/handlers.rs[0m[2m:[0m[2m50:[0m close [3mtime.busy[0m[2m=[0m24.2µs [3mtime.idle[0m[2m=[0m37.8µs
[2m2026-09-25T18:34:04.607180Z[0m [32m INFO[0m ThreadId(01) [1minput_seat[0m[1m{[0m[3mname[0m[2m=[0m"wprs"[1m}[0m[2m:[0m[1madd_keyboard[0m[1m{[0m[3mxkb_config[0m[2m=[0mXkbConfig { rules: "", model: "", layout: "", variant: "", options: None } [3mrepeat_delay[0m[2m=[0m200 [3mrepeat_rate[0m[2m=[0m200[1m}[0m[2m:[0m[1minput_keyboard[0m[2m:[0m[1mnew_kbd[0m[1m{[0m[3mkbd[0m[2m=[0mWlKeyboard { id: ObjectId(wl_keyboard@15[1], 15), version: 9, data: Some(Any { .. }), handle: WeakHandle { handle: WeakInnerHandle[rs] { .. } } }[1m}[0m[2m:[0m [2msmithay::wayland::seat::keyboard[0m[2m:[0m [2m/home/christoph/.cargo/registry/src/index.crates.io-1949cf8c6b5b557f/smithay-0.7.0/src/wayland/seat/keyboard.rs[0m[2m:[0m[2m53:[0m new
[2m2026-09-25T18:34:04.607209Z[0m [32m INFO[0m ThreadId(01) [1minput_seat[0m[1m{[0m[3mname[0m[2m=[0m"wprs"[1m}[0m[2m:[0m[1madd_keyboard[0m[1m{[0m[3mxkb_config[0m[2m=[0mXkbConfig { rules: "", model: "", layout: "", variant: "", options: None } [3mrepeat_delay[0m[2m=[0m200 [3mrepeat_rate[0m[2m=[0m200[1m}[0m[2m:[0m[1minput_keyboard[0m[2m:[0m[1mnew_kbd[0m[1m{[0m[3mkbd[0m[2m=[0mWlKeyboard { id: ObjectId(wl_keyboard@15[1], 15), version: 9, data: Some(Any { .. }), handle: WeakHandle { handle: WeakInnerHandle[rs] { .. } } }[1m}[0m[2m:[0m [2msmithay::wayland::seat::keyboard[0m[2m:[0m [2m/home/christoph/.cargo/registry/src/index.crates.io-1949cf8c6b5b557f/smithay-0.7.0/src/wayland/seat/keyboard.rs[0m[2m:[0m[2m53:[0m close [3mtime.busy[0m[2m=[0m9.71µs [3mtime.idle[0m[2m=[0m19.9µs
[2m2026-09-25T18:34:04.655886Z[0m [33m WARN[0m ThreadId(01) [1moutput_bind[0m[1m{[0m[3mname[0m[2m=[0m"1_nested"[1m}[0m[2m:[0m [2msmithay::wayland::output::handlers[0m[2m:[0m [2m/home/christoph/.cargo/registry/src/index.crates.io-1949cf8c6b5b557f/smithay-0.7.0/src/wayland/output/handlers.rs[0m[2m:[0m[2m50:[0m new
[2m2026-09-25T18:34:04.655939Z[0m [33m WARN[0m ThreadId(01) [1moutput_bind[0m[1m{[0m[3mname[0m[2m=[0m"1_nested"[1m}[0m[2m:[0m [2msmithay::wayland::output::handlers[0m[2m:[0m [2m/home/christoph/.cargo/registry/src/index.crates.io-1949cf8c6b5b557f/smithay-0.7.0/src/wayland/output/handlers.rs[0m[2m:[0m[2m62:[0m Output is used with not preferred mode set
[2m2026-09-25T18:34:04.655975Z[0m [33m WARN[0m ThreadId(01) [1moutput_bind[0m[1m{[0m[3mname[0m[2m=[0m"1_nested"[1m}[0m[2m:[0m [2msmithay::wayland::output::handlers[0m[2m:[0m [2m/home/christoph/.cargo/registry/src/index.crates.io-1949cf8c6b5b557f/smithay-0.7.0/src/wayland/output/handlers.rs[0m[2m:[0m[2m50:[0m close [3mtime.busy[0m[2m=[0m38.1µs [3mtime.idle[0m[2m=[0m50.6µs
[2m2026-09-25T18:34:04.893758Z[0m [32m INFO[0m ThreadId(01) [1minput_seat[0m[1m{[0m[3mname[0m[2m=[0m"wprs"[1m}[0m[2m:[0m[1madd_keyboard[0m[1m{[0m[3mxkb_config[0m[2m=[0mXkbConfig { rules: "", model: "", layout: "", variant: "", options: None } [3mrepeat_delay[0m[2m=[0m200 [3mrepeat_rate[0m[2m=[0m200[1m}[0m[2m:[0m[1minput_keyboard[0m[2m:[0m[1mnew_kbd[0m[1m{[0m[3mkbd[0m[2m=[0mWlKeyboard { id: ObjectId(wl_keyboard@18[2], 19), version: 9, data: Some(Any { .. }), handle: WeakHandle { handle: WeakInnerHandle[rs] { .. } } }[1m}[0m[2m:[0m [2msmithay::wayland::seat::keyboard[0m[2m:[0m [2m/home/christoph/.cargo/registry/src/index.crates.io-1949cf8c6b5b557f/smithay-0.7.0/src/wayland/seat/keyboard.rs[0m[2m:[0m[2m53:[0m new
[2m2026-09-25T18:34:04.893835Z[0m [32m INFO[0m ThreadId(01) [1minput_seat[0m[1m{[0m[3mname[0m[2m=[0m"wprs"[1m}[0m[2m:[0m[1madd_keyboard[0m[1m{[0m[3mxkb_config[0m[2m=[0mXkbConfig { rules: "", model: "", layout: "", variant: "", options: None } [3mrepeat_delay[0m[2m=[0m200 [3mrepeat_rate[0m[2m=[0m200[1m}[0m[2m:[0m[1minput_keyboard[0m[2m:[0m[1mnew_kbd[0m[1m{[0m[3mkbd[0m[2m=[0mWlKeyboard { id: ObjectId(wl_keyboard@18[2], 19), version: 9, data: Some(Any { .. }), handle: WeakHandle { handle: WeakInnerHandle[rs] { .. } } }[1m}[0m[2m:[0m [2msmithay::wayland::seat::keyboard[0m[2m:[0m [2m/home/christoph/.cargo/registry/src/index.crates.io-1949cf8c6b5b557f/smithay-0.7.0/src/wayland/seat/keyboard.rs[0m[2m:[0m[2m53:[0m close [3mtime.busy[0m[2m=[0m20.5µs [3mtime.idle[0m[2m=[0m56.8µs
[2m2026-09-25T18:34:22.210224Z[0m [32m INFO[0m ThreadId(01) [1mxwayland_wm[0m[1m{[0m[3mid[0m[2m=[0m0[1m}[0m[2m:[0m [2msmithay::xwayland::xwm[0m[2m:[0m [2m/home/christoph/.cargo/registry/src/index.crates.io-1949cf8c6b5b557f/smithay-0.7.0/src/xwayland/xwm/mod.rs[0m[2m:[0m[2m2456:[0m Got X11 Error [3merr[0m[2m=[0mX11Error { error_kind: Window, error_code: 3, sequence: 156, bad_value: 4194322, minor_opcode: 0, major_opcode: 7, extension_name: None, request_name: Some("ReparentWindow") }
[2m2026-09-25T18:34:29.961698Z[0m [33m WARN[0m ThreadId(01) [2mcalloop::loop_logic[0m[2m:[0m [2m/home/christoph/.cargo/registry/src/index.crates.io-1949cf8c6b5b557f/calloop-0.14.3/src/loop_logic.rs[0m[2m:[0m[2m283:[0m Failed to unregister source from the polling system: IoError(Os { code: 2, kind: NotFound, message: "No such file or directory" })
[2m2026-09-25T18:34:29.961910Z[0m [32m INFO[0m ThreadId(01) [2msmithay::xwayland::x11_sockets[0m[2m:[0m [2m/home/christoph/.cargo/registry/src/index.crates.io-1949cf8c6b5b557f/smithay-0.7.0/src/xwayland/x11_sockets.rs[0m[2m:[0m[2m125:[0m Cleaning up X11 lock.
(EE)[2m2026-09-25T18:34:29.963113Z[0m [32m INFO[0m ThreadId(01) [1minput_seat[0m[1m{[0m[3mname[0m[2m=[0m"wprs"[1m}[0m[2m:[0m[1madd_pointer[0m[2m:[0m[1minput_pointer[0m[2m:[0m [2msmithay::input::pointer[0m[2m:[0m [2m/home/christoph/.cargo/registry/src/index.crates.io-1949cf8c6b5b557f/smithay-0.7.0/src/input/pointer/mod.rs[0m[2m:[0m[2m158:[0m close [3mtime.busy[0m[2m=[0m0.00ns [3mtime.idle[0m[2m=[0m2143s
 [2m2026-09-25T18:34:29.963300Z[0m [32m INFO[0m ThreadId(01) [1minput_seat[0m[1m{[0m[3mname[0m[2m=[0m"wprs"[1m}[0m[2m:[0m[1madd_pointer[0m[2m:[0m [2msmithay::input[0m[2m:[0m [2m/home/christoph/.cargo/registry/src/index.crates.io-1949cf8c6b5b557f/smithay-0.7.0/src/input/mod.rs[0m[2m:[0m[2m428:[0m close [3mtime.busy[0m[2m=[0m9.74µs [3mtime.idle[0m[2m=[0m2143s
failed to read Wayland events: Broken pipe
[2m2026-09-25T18:34:29.963511Z[0m [32m INFO[0m ThreadId(01) [1minput_seat[0m[1m{[0m[3mname[0m[2m=[0m"wprs"[1m}[0m[2m:[0m[1madd_keyboard[0m[1m{[0m[3mxkb_config[0m[2m=[0mXkbConfig { rules: "", model: "", layout: "", variant: "", options: None } [3mrepeat_delay[0m[2m=[0m200 [3mrepeat_rate[0m[2m=[0m200[1m}[0m[2m:[0m[1minput_keyboard[0m[2m:[0m [2msmithay::input::keyboard[0m[2m:[0m [2m/home/christoph/.cargo/registry/src/index.crates.io-1949cf8c6b5b557f/smithay-0.7.0/src/input/keyboard/mod.rs[0m[2m:[0m[2m669:[0m close [3mtime.busy[0m[2m=[0m2.36ms [3mtime.idle[0m[2m=[0m2143s
[2m2026-09-25T18:34:29.963538Z[0m [32m INFO[0m ThreadId(01) [1minput_seat[0m[1m{[0m[3mname[0m[2m=[0m"wprs"[1m}[0m[2m:[0m[1madd_keyboard[0m[1m{[0m[3mxkb_config[0m[2m=[0mXkbConfig { rules: "", model: "", layout: "", variant: "", options: None } [3mrepeat_delay[0m[2m=[0m200 [3mrepeat_rate[0m[2m=[0m200[1m}[0m[2m:[0m [2msmithay::input[0m[2m:[0m [2m/home/christoph/.cargo/registry/src/index.crates.io-1949cf8c6b5b557f/smithay-0.7.0/src/input/mod.rs[0m[2m:[0m[2m560:[0m close [3mtime.busy[0m[2m=[0m2.37ms [3mtime.idle[0m[2m=[0m2143s
[2m2026-09-25T18:34:29.963560Z[0m [32m INFO[0m ThreadId(01) [1minput_seat[0m[1m{[0m[3mname[0m[2m=[0m"wprs"[1m}[0m[2m:[0m [2msmithay::input[0m[2m:[0m [2m/home/christoph/.cargo/registry/src/index.crates.io-1949cf8c6b5b557f/smithay-0.7.0/src/input/mod.rs[0m[2m:[0m[2m317:[0m close [3mtime.busy[0m[2m=[0m0.00ns [3mtime.idle[0m[2m=[0m2143s
